text,real,predicted,category
"""#tbt Throwback Thursday... blastin old school shit all day. Iron Maiden, The Big 4, and more! #metal #thrash #speed"" ",neutral,positive,REVISAR
how Bob Dylan hoodwinked an entire generation into thinking his voice was tolerable. ,negative,neutral,REVISAR
Alabama State Troopers investigated seven fatal traffic crashes that resulted in nine deaths during the Labor Day holiday from Fri. to Mon. ,negative,neutral,REVISAR
Bring the Whole Family for a Weekend of Sun\u002c Fun & Healthy Living at Florida ...: Taking place at Jungle Island\u002c... ,positive,neutral,REVISAR
@user @user looks like Grundstrom is winning the Cy Young. ,positive,neutral,REVISAR
@user welcome to my usual dreams! :S Used to it by now. Other night was Merlin & Arthur & a dragon that was actually from Harry Potter. ,neutral,positive,REVISAR
"@user I think you can no longer sync to your symbian device, as Nokia account have ceased to exist on the 24th of April IIRC ",neutral,negative,REVISAR
@user I hear Adam Lambert's gonna be on 10 On Top tomorrow morning!! Did you see him on the PLL Halloween episode? ,neutral,positive,REVISAR
"So Uriah Faber, not Frankie Edgar or Jose Aldo, will get the 1st crack at Conor mcgregor. Is it me or are they just building him up. ",neutral,negative,REVISAR
@user Claiming to be knowledgeable on this subject?  Spelling anti-Semitic right would be a good start. ,neutral,positive,REVISAR
"""Listened to """"No Vaseline"""" by Ice Cube for the 1st time in years today. It made me realize how wack the Drake vs Meek Mill """"beef"""" was."" ",neutral,positive,REVISAR
There's not enough hair to track all the death. #BlackLivesMatter Reminds of cool art @ Seattle AfAm Museum @user ,neutral,negative,REVISAR
As we head into this Wednesday I would like to tell you all - swag money Gucci fam (you're welcome) ,neutral,positive,REVISAR
@user JOHN STEWART VS JOHN CENA tomorrow night on raw! I demand it! ,positive,neutral,REVISAR
"Warming Relations in Person, Putin and Erdogan Revive Pipeline Deal ",neutral,negative,REVISAR
Working San Diego County Fair's main parking lot on 4th of July for the first time... Challenge Accepted... ,positive,neutral,REVISAR
"""Every game with Curtis as caretaker manager has a growing opportunity cost. Jenkins may be acting diligently, but it's not reflecting well."" ",neutral,negative,REVISAR
@user @user @user @user @user ummm vaccines have avoided over 700000 deaths since the nineties... ,positive,negative,REVISAR
#BREAKING: Philippines Vice President resigns from Duterte cabinet. She is against the war on drugs and re-introduc… ,neutral,negative,REVISAR
"""2nd Round: Guess the song  He treats you so bad and I'm so good to you, It's not fair!  First to 5 points gets the DM with Niall!!"" ",neutral,positive,REVISAR
@user He won't like Donald Trump calling him a 3rd rater.  I think he's trying to elevate his profile. ,neutral,negative,REVISAR
@user the sermon for all supposedly victimized Christians has already been written for this upcoming Sunday. ,negative,neutral,REVISAR
"""Iron Maiden released their new single today. @user whatcha got for us tonight? Can you beat the Irons for Friday Hype!?"" ",neutral,positive,REVISAR
"""Like I'm not going to complain tomorrow when I'm there but cheers for all this traffic Foo Fighters, some of us have to get to Revs later."" ",neutral,negative,REVISAR
"I pray that you are against abortion, and political candidates who allow/promote abortion, to the same degree UR against the death penalty. ",neutral,negative,REVISAR
"WATCH DOGS 2 – FREE ROAM, 3D PRINTING GUNS, DRONES & MORE | Watch Dogs 2 New Free Roam Gameplay ",neutral,positive,REVISAR
Did a love of AC/DC just out the identity of Ashley Madison's hacker?: A love of AC/DC may have inadvertently ... ,neutral,positive,REVISAR
Michael Moore is speaking much truth. This should have come out before the election. Remember when she hyphenated her name & folks flipped? ,positive,negative,REVISAR
Federer is about to be done with his match in the same time the 5th set of the Hewitt vs. Tomic match takes! ,positive,neutral,REVISAR
Swear to God Steve Bannon made this in Microsoft Paint ,neutral,negative,REVISAR
@user @user control? Rape/incest = <3%. You think the death penalty for a murderer is equivalent to the slaughter of ,neutral,negative,REVISAR
"""RT @user remembering the good times with Pavol Demitra, I was there on this night....deeply saddened by todays tragedy ..."" ",negative,positive,REVISAR
Funny how the Red Sox turned into a juggernaut as soon as they sat Hanley's punk-ass down. ,neutral,negative,REVISAR
"""Don't want to play one that's too long, what with Street Fighter III: 3rd Strike on Wednesday, and Deus Ex: Human Revolution on Friday."" ",negative,neutral,REVISAR
Tom Brady may actually be a monster off the field. ,negative,neutral,REVISAR
"Can't blame @user for getting a big head, given the ferocity with which his fiancee came to his defense… ",neutral,negative,REVISAR
No pain no Gain BALLS DEEP sweet chin music HBK got us all da way TURNT up...hair weave killa dont sweat it tomorrow we'll get you permed up ,neutral,positive,REVISAR
"@user @user if he can play then I hope he plays against barca, on the 20th ",neutral,positive,REVISAR
Aaah I just noticed that shawn will only be two hours away from me tomorrow ,positive,neutral,REVISAR
@user I\u2019ll look it up tomorrow..I only wanted to hear Keith Urban & Carrie Underwood sing & who won entertainer of the year lol ,neutral,positive,REVISAR
"""Chris Archer (TB): 4th Rays pitcher with 200 strikeouts in a season (joins Scott Kazmir, David Price &amp; James Shields)"" ",positive,neutral,REVISAR
"""Thor just giving me my 16th heart attack of the night. It's okay, just some candy corn lodged in my valves this time. #LGM"" ",neutral,positive,REVISAR
"""First time ever you hear """"boos"""" for the undertaker! Brock Lesnar gonna beat his ass Sunday!!  #WWERaw"" ",neutral,positive,REVISAR
6 Apr 2015 - David Cameron tells 'fruitcakes loonies' - it's time to come home &gt;https://t.co/PDizoSaeRd  war is won ,negative,neutral,REVISAR
@user sir first can we have clarity of Rahul Gandhi if he is Indian or not before you start scare Politics. ,neutral,negative,REVISAR
ISIS: A 'perversion' of Islam?  #trump #maga #isis #tcot ,negative,neutral,REVISAR
If you\u2019re ever having a bad day watch Too Cute on Animal Planet. It\u2019s all about the 1st few weeks 4 baby animals\u002c mostly puppies & kittens. ,positive,negative,REVISAR
"@user I don't get it, they hate Christians and march for Islam, Christians may not agree with their lifestyle but we don't kill"" ",neutral,negative,REVISAR
"""Finished Deus Ex last night.  Should probably stay tight-lipped, but I think I can get away with saying the ending is superb!"" ",positive,negative,REVISAR
The Chinese are very concerned about Kerry's remarks. They will probably ask FIJI for military assistance.... ,neutral,negative,REVISAR
I'm at the point of drunkenness where I lay in bed and eat plain tortillas while I watch twilight zone reruns. It's a wild fucking Saturday. ,positive,neutral,REVISAR
@user @user I think Colton's going hunting all day Sunday. Hit him up I should be here all day ,neutral,positive,REVISAR
"@user she might be, most artists tend to get knocked off after the 1st week, unless they're GaGa or Beyonce or something haha x"" ",neutral,negative,REVISAR
Good #Thankgiving listens..on Native American spirituality and the Dakota Access #Pipeline protest.… ,positive,neutral,REVISAR
#Nationals #mlb David Wright returns to the Mets Monday night. That's not necessarily a good thing. ,negative,positive,REVISAR
May we meet the next Ramadhan and Eid . In Shaa Allah. ,neutral,positive,REVISAR
"true @user @user - so wait let me get this straight, we are joe biden and melania trump memes ",neutral,negative,REVISAR
"""can I be the 3rd clumsy, funny blonde to finish Amy Schumer and JLaw's (incomplete?) friend trio?"" ",neutral,positive,REVISAR
After all the X-Mas parties this weekend - Don't forget to visit Kendrick and Sean - Keith this SUNDAY NIGHT at... ,neutral,positive,REVISAR
Fran says Paterno was very congenial to the media in his early years. Age & perhaps betrayal by media may be part of his rift with media. ,negative,neutral,REVISAR
@user well you forget that Yakub never returned to hide here in the 1st place. #ironic ,neutral,negative,REVISAR
"""Trump on Carly Fiorina attacking him: """"I can't say anything 'cause she's a woman.""""  (Yes, this is now how I'm spending my Friday night.)"" ",neutral,negative,REVISAR
When is David Price's next gone start? I'm hoping next Fri the 14th since I've got tickets for that game vs the Yankees ,positive,neutral,REVISAR
A Review of @user #graphicmedicine work: #Vaccines @ NoetheMatt from @ UMMSLi… ,neutral,positive,REVISAR
I just watched part of #DWTS and cowboy Troy was on there singing I play chicken with a train. brings back 8th grade memories ,neutral,positive,REVISAR
"""Since Midnight Memories, I knew that Zayn will be the 1st to left, I watched almost all of their performance &amp; Zayn is not that into them."" ",neutral,negative,REVISAR
"""Nekromantix, The Black Rose Phantoms, The Spoofs and Clownvis will be performing at the House of Blues on Dec 21! I got 4 free tix! Lets go!"" ",positive,neutral,REVISAR
@user Your mail monday with Fps Russia was such a tease lol ,negative,positive,REVISAR
TOI Israel admits 1988 killing of Arafat\u2019s deputy: Israel for the first time on Thursday admitted responsibility... ,negative,neutral,REVISAR
"Lucian Favre having 2nd thoughts about Gladbach qualifying for the Champions League - Juventus, Man City and Sevilla. Group Of Death. ",negative,positive,REVISAR
Los Angeles Galaxy (Official Site) >> Wilhelmsson hopes to make LA debut Friday vs. Rapids ,positive,neutral,REVISAR
Kris Bryant with the  Walk-Off homer..Cubs win 2-1. But did Lester's inability throw the ball to 1st base cost him a win? ,neutral,positive,REVISAR
"@user Steve Bannon wanted his Breitbart News to be the ""platform for the alt right"", white supremacists. and now he is in the White House ",neutral,negative,REVISAR
@user the 1st thing that came to mind was something from Flatbush Zombies hahaha or omg\u002c Biz Markie. OR Ol\u2019 Dirty Bastard >:) ,positive,negative,REVISAR
“A prohibition of refugees won't prevent terror attacks – but gun control might” ,neutral,negative,REVISAR
I want Shelli to go home tomorrow on big brother ,neutral,positive,REVISAR
@user what do drone strikes have to do with Syria? ,neutral,negative,REVISAR
"@user @user @user @user Not all that great of a day, but thanks anyway! ",neutral,positive,REVISAR
You can put it in the board!! Hell yes! White Sox lead 1-0 on Abreu's 24th of the season!! ,positive,neutral,REVISAR
Who tryna go to the Bernie Sanders rally on Sunday? ,positive,neutral,REVISAR
Having a day off today yesterday went absolutely terribly and I was at foo fighters last night so will be back tomorrow. Enjoy your Sunday's ,negative,positive,REVISAR
@user @user @user @user Cheers  but no luck needed with d 2nd one\u002c i got a supply of Rohypnol #ladieshereicome ,positive,negative,REVISAR
I'm really going to break bank and purchase this Batman issue tomorrow. Getting an insane amount of early buzz. ,positive,neutral,REVISAR
Erdogan wants to silence critical media ahead of the November elections. @user ,negative,neutral,REVISAR
Intimate showcase with Chris Rene - November 7 in Auckland. Can't buy tickets to this. Click the link to enter... ,negative,neutral,REVISAR
I\u2019m sitting home on a Saturday night watching Silent House with my parents. #looooser xP ,negative,positive,REVISAR
"@user Then people ask ""how come with a dem congress and president Obamacare had no public option?"" ",neutral,negative,REVISAR
My office just announced they will not be closing Fri. or Mon. surrounding the Pope visit. They are crazy if they think anyone will come in. ,neutral,negative,REVISAR
@user will be on Sarah G Live this Sunday. Don`t forget to watch :3. She will have her first ever duet with Sarah G. :P ,neutral,positive,REVISAR
"""#Vote4UrDAYUMSelf Comedy Show w/ @user TOMORROW @ the Houston Improv, 7:30 PM. FREE SHOW! Get #Register2Vote or #Pledge2Vote to enter."" ",positive,neutral,REVISAR
"@user Agreed, in general yes. But do you really think Ben Carson in power helps black people? That's what they want you to think ",neutral,negative,REVISAR
@user if you are using an iPhone or iPad you may not be able to view it their youtube app.  Try on your computer. ,neutral,negative,REVISAR
@user One of the 12 has to go to Milan for work so may end up being auto drafted unless he can get set up on hotel wifi! ,neutral,negative,REVISAR
You can watch the entire #NBAwards ceremony at . ,neutral,positive,REVISAR
Misinterpreting Mariah Carey lyrics. Apparently she wants to fly a family into the sun and something about tachyon beams. Star Trek fan ? ,negative,positive,REVISAR
Few more hours to iPhone 6s launch and im still using the 4th generation ^_^ ,positive,neutral,REVISAR
Danny Care may be the best scrum half England have but he\u2019s still a massive c-bomb ,negative,positive,REVISAR
HHS nominee Tom Price belongs to Drs. group which believes vaccines cause autism & Obama care is socialized medicine. ,neutral,negative,REVISAR
Brock Lesnar vs Undertaker at WrestleMania 32 will be announced tomorrow night on #RAW. Garauntee it! #SummerSlam #BrockVsTaker ,positive,neutral,REVISAR
UK: Chancellor Osborne try to sneak into 1st class train with standard ticket   - Breaking News Buzz ,negative,neutral,REVISAR
"I don't have cable, so I'll catch up with Suits via Amazon Prime tomorrow. ",neutral,positive,REVISAR
Morning Twitterites! Goal: By 5pm Friday\u002c want to see MSM report on Benghazi\u002c and Obama below 42% in polls. HAMMER IT HOME\u002c PATRIOTS! ,positive,neutral,REVISAR
Like that wall on the Mexican American border? ,neutral,negative,REVISAR
@user so excited about Cannibal Corpse\u002c I\u2019ve seen Devildriver twice but this\u2019ll be my 1st time for Corpse. oh and BLACK DAHLIA MURDER! ,neutral,positive,REVISAR
it\u2019s not too late to join us at LIPA 4:19 come along to our first session tomorrow to try it out. 9.30 am at the Joseph Wright centre in... ,neutral,positive,REVISAR
@user may be one of the reasons why ST so willingly participated in Swachh Bharat on Oct 2.. ,positive,neutral,REVISAR
Coverage of high quality stakes races from The Curragh posted to my blog soon. Good value bets on offer across the UK & Ireland for Sunday. ,neutral,positive,REVISAR
"""In unites states of America calling somebody or mention in the word """"NIGGER"""" may cost you a job. Ask hulk Hogan.... ",neutral,negative,REVISAR
Netflix set to make new series of Charlie Brooker's dystopian drama Black Mirror | Media | The Guardian ,positive,neutral,REVISAR
The Perfect Storm (with George Clooney) v. The Day After Tomorrow (with Jake Gyllenhaal\u002c Dennis Quaid) -- #Sandy more comparable to ... ,neutral,positive,REVISAR
@user What a giggle. When 3rd parties were DESPERATE to work with Nintendo. ,negative,neutral,REVISAR
Cardinals Wainwright tried to mimic Kershaw's mechanics. Realized that after he tried dragging out his delivery leg kick. In wain of the 7th ,neutral,negative,REVISAR
"@user Check out this video with Brian May, Elton, Stevie, etc. 4 CHILDREN IN NEED! Fabulous!   XO ",positive,neutral,REVISAR
Sugar bowl\u002c then we might play riverside\u002c playin st aug\u002c peabody\u002c op walker. man district goin be the easy part ,positive,neutral,REVISAR
@user Or SJP\u2019s evil twin who\u2019s plotting to put out the sun. ,negative,neutral,REVISAR
August 20 celebrity birthdays: Rolling Stone has named him the top rock and roll lead singer of all t... #Fashion ,neutral,positive,REVISAR
Frank Ocean better not joke about tomorrow ,neutral,negative,REVISAR
Katy Perry - Ni**as In Paris (Cover): Woah I didn\u2019t think she had it in her...  via @user ,neutral,negative,REVISAR
Tour the World Anytime with #Google #Earth #VR - ,neutral,positive,REVISAR
Try the Best Wurst of Portland at the Polish Festival: The 17th annual Portland Polish Festival ... #portlandevents ,neutral,positive,REVISAR
"""Paper Towns is out here next Monday, I need someone to go watch it with!"" ",positive,neutral,REVISAR
Steve Jobs and Dr. King on the same level?!?! Nah... C\u2019mon Kanye.. ,negative,neutral,REVISAR
@user ehm. Well. Uther was dying. Merlin pulled the last spark of life from him and pesky Morgana emerged 1st... ,negative,neutral,REVISAR
@user @user Most of the Conservatives have moved already! ,neutral,negative,REVISAR
"@user @user @user That's OK, only ""little people"" buy cheap things Made in #China, so #MAGA!… ",neutral,negative,REVISAR
"""I want Dunkin so bad, I don't think I can wait until tomorrow."" ",positive,negative,REVISAR
"@user Damn lol. I needa catch up. You know it took me the whole 5th grade to watch Naruto, and that wae the year Shippuuden came out?"" ",neutral,positive,REVISAR
@user come to green valley ranch Jeff Timmons wired show buddy I play guitar in it!!!!!  This Friday and Saturday in ovation room ,neutral,positive,REVISAR
"""Expert: Watch out for the ISIS sympathizers: Professor Eyal Zisser says ISIS may be too busy to attack Israel,... ",neutral,negative,REVISAR
Ed sheeran's coming to Dallas tomorrow and I'm missing it AGAIN and I'm sad so let's not talk about it k ,positive,negative,REVISAR
BJP members walk out from JPC meeting on 2G: Bharatiya Janata Party (BJP) members on Tuesday walked out of the p... ,negative,neutral,REVISAR
"""Chris Christie thinks talk of the 4th Amendment is """"hot air""""? He puts the """"big"""" in Big Brother."" ",negative,neutral,REVISAR
@user @user @user what chance Nolito ?? Or is he off to Barca in Jan ? ,positive,neutral,REVISAR
"@user  So, may be we can use the same for 'minority' Muslims in India but we don't, thanks to the tolerance of Hindu-majority India"" ",neutral,negative,REVISAR
TOP REASONS JOE BIDEN SHOULD RUN FOR PRESIDENT: Jimmy Fallon may invite him on his show to play something with ping-pong balls. ,positive,neutral,REVISAR
See you on Saturday @user !!   5 days 23 hours 1 minutes 6 seconds until     ED SHEERAN IN ATL  #countdown ,positive,neutral,REVISAR
#FantasticBeasts for my last day visiting #chicago ,neutral,positive,REVISAR
"""Welp I got 3/5 right for AOTY, Kendrick deserves it but it may come down to Taylor or The Weeknd"" ",positive,neutral,REVISAR
Win tomorrow and we get another shot at a 3 game set with Harvery deGrom and Thor #WontHappenAgain ,positive,neutral,REVISAR
over 2 million of them ...the over 2 million more that voted for @user than Trump. @user @user ,neutral,negative,REVISAR
I've been eating animal crackers and I'm not testing .. ,neutral,negative,REVISAR
"""Just like Peyton or Montana or Rogers or Andrew luck, Tom Brady may not have 4 SBs but no matter where he was drafted Brady was gonna win"" ",positive,negative,REVISAR
haghtag-MyFAMILYWEIR my stepgrandma facial features=FBI Director Comey(Jap decendent)=bothR Jap SPIES. W appointed Comey=DUMMY or INSIDIOUS? ,negative,neutral,REVISAR
May Allah make us buy the best animal &amp; sacrifice at Eid. ,neutral,positive,REVISAR
"""Carol, a period romance set in 1950s New York and starring Cate Blanchett, topped nominations for the Golden Globes on Thursday, as"" ",negative,neutral,REVISAR
"#Yemen $100,000 stolen from US in Yemen ",negative,neutral,REVISAR
Someone said that they might snub Kendrick on all 11 nominations or he may get just 1. If that happens then it's clearly rigged. ,negative,neutral,REVISAR
"""I may have just left my dad to watch Naruto alone, while I go to sleep. Im@highly amused."" ",positive,neutral,REVISAR
@user  The Sun: Paolo Di Canio says beating Aston Villa tonight would be like having sex with Madonna. #legend ,negative,positive,REVISAR
"""At last, evidence that George Osborne's drive to make work more attractive that benefits is working. #makeworkpay ",positive,negative,REVISAR
I can't believe the first semi-final of Melodifestivalen was just yesterday. Can we press fast-forward to @user #TeamDanny ,neutral,positive,REVISAR
I wonder if lacy and Lexus want to come to church Sunday . ,positive,neutral,REVISAR
Have the privilege to ride DOD sponsored float in January 1 Rose Parade in Pasadena\u002c California! ,positive,neutral,REVISAR
Just back from pre-season. Legs are knackered. Now going to watch the  2nd leg of the Europa League Liverpool v FC Gomel.........!!!x ,positive,neutral,REVISAR
"""You may not be allowed to speak to Justin Bieber, unless you're spoken to what is this joke  ",neutral,negative,REVISAR
I wish the Jason Aldean &amp; Cole Swindell concert was tomorrow ,neutral,positive,REVISAR
Of course #clownshoes #altright #IllinoisNazis ,negative,neutral,REVISAR
"#Yemen "" Smiles won't leave us "" Yemeni children told me at #UniversalChildrenDay.@YourAbility_org ",positive,neutral,REVISAR
#Mannequinchallenge we killed it ,neutral,positive,REVISAR
"No Snoop Dogg tomorrow,  out with illness. I was really looking forward to Snoop after classes tomorrow. It's how this day just went today.. ",negative,positive,REVISAR
@user @user better develop wind and solar ,neutral,positive,REVISAR
Anybody want to see Ant-man tomorrow? ,neutral,positive,REVISAR
"Unless Apple also announces they've acquired Nintendo, I've got no fucks to give about any console ambitions they may have ",neutral,negative,REVISAR
Look at Joseph lol. Me too I dont want to attend teacher JLin\u2019s class under the sun! I dont light sun that much hahaha ,negative,neutral,REVISAR
I remember having to watch the Daytona 500 for Mr. Hoak\u2019s class in 7th grade. #goodtimes @user ,positive,neutral,REVISAR
RT @user RT if you love the song called last night on earth by Green Day.#IndoWantsGreenDay ,neutral,positive,REVISAR
"Jose Mourinho may not be enjoying too much success with Chelsea in 2015-16, but has added a personal trophy... ",positive,neutral,REVISAR
Chunji's one wish was for Teen Top to get 1st place on a music program. Can you guess what day that was when they 1st won? #1005chunjiday ,neutral,positive,REVISAR
[FACT]  Philippine ranked 1st place in the Top 5 countries with loudest scream of KPOP fan. ,neutral,positive,REVISAR
Needed the loo since Bethnal Green... Now the other side of Romford This suit might be getting dry cleaned tomorrow ,negative,positive,REVISAR
Where were they during the height of Obama's Admin? ,neutral,negative,REVISAR
I'm starting to think the @user - @user relationship in #Westworld is one big Donald Trump - Ben Carson metaphor. ,neutral,negative,REVISAR
"@user @user Check Putin's latest stance on religion.& Obama is great. Putin is a short, little punk. ",neutral,negative,REVISAR
".@guardian leader on ""the remorseless drift of David Cameron"" in response to refugee crisis ",positive,neutral,REVISAR
Come check out the cover show encore of Katy Perry featuring Tiina Flank next Friday at The Foundry! I will be... ,positive,neutral,REVISAR
the one time i just want to put my hair in a bun and wear yoga pants tomorrow i can't /: ,negative,neutral,REVISAR
Who wants to be on @user Kandi Factory?? #kandifactory You may see me and my new music on the new series ,neutral,positive,REVISAR
I'm going to a sam smith concert tomorrow lol ,neutral,positive,REVISAR
Ok that's funny! What would DEMs say? And you can't use Kim Kardashian in the survey ,positive,negative,REVISAR
K. I'm just already done with everyone. I don't think I'll be talking to anyone tomorrow. I'm so close to havin my own Nicki moment... ,negative,positive,REVISAR
".@realDonaldTrump Strategist Plots ""New Political Movement"" Reactionary isn't new. Scary. #neverBannon  ",negative,neutral,REVISAR
I woke up today in my cousins house to see a ONE DIRECTION blanket is wrapped around my body. #OneDirection #MPN ,neutral,positive,REVISAR
Rabby are rumoured to be going to watch 'Paper Towns' on Saturday  Care to confirm? @user and @user ,neutral,positive,REVISAR
Just watched the whole 2nd season of AHS in less than 24 hours. I'm not even ashamed. ,positive,negative,REVISAR
"#France’s au revoir to #Sarko, #China defends #globalization, “Fatty Kim the Third” ",neutral,negative,REVISAR
"@user They have alot lined up, Death Note, Naruto, Ghost in the Shell and so on. I'd blame Edge of Tomorrow, but it was actually good"" ",positive,negative,REVISAR
Iowa State has the chance to affect the National Championship game for the second year in a row this Saturday ,neutral,positive,REVISAR
"""\""""""""How many continents was The Challenge filmed on?\"""""""" \""""""""21?\"""""""" okay\u002c what did you fail 2nd grade?"" ",negative,neutral,REVISAR
"@user 1st day aftr elex &amp; Modi has got new CEA,Potatoe imports r on &amp;   But folks see conspiracy everywhere"" ",positive,neutral,REVISAR
This song says everything about a break up ...Rope To Hang by Neil McSweeney: Dir. Sat Johal of Crows Nest Films ,neutral,negative,REVISAR
@user no more mentioning of FlatBush Zombies. Are you going to his concert tomorrow?! ,neutral,negative,REVISAR
"@user @user WOW!!  our only way for chg, VOTEIf for no other reason do u want Hillary or Donald to pick, what may b 2 SCOTUS? ",neutral,negative,REVISAR
This why I will return to vegetarianism. I can't be part of this ,neutral,negative,REVISAR
"""Tomorrow will know the nominees from 'Phoenix Film Critics Society', hopefuly 'TIHTY' gets a nomination #MTVStars Lady Gaga"" ",positive,neutral,REVISAR
I'm probably jynxing it. But David Price has a no hitter going into the 4th ,negative,neutral,REVISAR
im spending my hole friday wit bo we gone blow sme keisha nd grab a pack of blacks nd watch the battle of lebron career vs. CARMELO ANTHONY ,neutral,positive,REVISAR
Want to know more about the partnership Apple + IBM? Tomorrow at 14:00 a guest speaker from Apple will explain BLSAUD ,positive,neutral,REVISAR
@user @user It may be the Muslims will still want to colonize &amp; take over- that's the goal of Islam-world domination. #Ccot ,negative,neutral,REVISAR
Birds defeat Tipp in their home opener 38-28. #1-0 🏀 ,positive,neutral,REVISAR
@user only Marine le Pen seems pleased! Very concerning for Europe. Hope some heads start to really work in Brussels! ,neutral,positive,REVISAR
Mansbridge destroyed Justin tonite the polls for the lib's should tank tomorrow! Wake up people he is NOT ready!! ,neutral,negative,REVISAR
"""Unfortunately, Magic TV will be delayed until tomorrow, due to issues with the T1 here at CFB studios. We... ",negative,neutral,REVISAR
You were better than my wildest dreams but I'm still not happy.. Kate to Toby. Poor Toby. 😢#ThisIsUs ,neutral,positive,REVISAR
"""... but if I say \""""""""Wilt Chamberlain is the 4th-best player ever\""""""""\u002c it\u2019s the start of a long\u002c fruitless argument that no one can win. [2/2]"" ",negative,positive,REVISAR
Soundset was a war between human beings and the sun but i think we won tho ,positive,neutral,REVISAR
@user Lowry\u2019s getting $12 mil over 2 years\u002c Lin\u2019s getting $25 over 3 but $14.8 mil in the 3rd year. I\u2019d say Toronto got better value. ,positive,neutral,REVISAR
When I saw this live it took me a few seconds to realize it wasn't actually the (legit) CY Young winner and MVP ,neutral,positive,REVISAR
I didn't realize Scott Walker has a big old comb-over. That picture may drop him a few points in the polls. ,negative,neutral,REVISAR
"@user the jobs were created cause the economy anticipated a GOP senate... Obama, by definition, is evil! (may contain irony...) ",neutral,negative,REVISAR
@user Cuba would have thrived if not for the US embargo. US elites fear socialism. They destroy socialist govs before they prosper. ,neutral,negative,REVISAR
I went crazy when @user went on that run &amp; @user scored &amp; I was sat in the Milan end! #WhatANight  ,positive,neutral,REVISAR
"""David Wright is retired in the 7th inning on a nice play up the middle, now 2-4 on the night for St.Lucie."" ",neutral,positive,REVISAR
"Yes, yes, yes! A billion times yes. So say my daughters with autism who could lose their coverage of therapy. #ACA… ",neutral,positive,REVISAR
"""Can't help believing how much Dustin Johnson was robbed in the 2010 PGA Championship, and how that ruling may have sidetracked his career."" ",negative,neutral,REVISAR
@user @user Just wanted to say all ppl with different views may not b cowards or have mercy towards Yakub. ,neutral,negative,REVISAR
I have to catch up on the Vampire Diaries\u002c Chelsea Lately and The X Factor (both episodes) tomorrow! ,neutral,positive,REVISAR
Anyone of you fancy joining me at Arsenal v Stoke on Sat?  I have 1 spare ticket (sat next to me) - 3pm kick off ,positive,neutral,REVISAR
Gonna miss Big Brother tonight. ,negative,positive,REVISAR
"@user Justin, I think you got that backwards. See my Sep 3 post on Obamanomics outpacing Daugaardonomics: ",negative,positive,REVISAR
@user @user Reminded you of Arsenal's traditional Februray-April breakdown? Get off your high horse... ,negative,neutral,REVISAR
News Alarm: David Wright (3B - NYM) David Wright (hamstring) is upgraded to probable for Monday\'s game against the Phillies. ,positive,neutral,REVISAR
I thought this was the announcement of a Janet Jackson remix at first and I'm kind of disappointed. ,negative,positive,REVISAR
@user I may have enough to share...if I can get them by Laurin haha she was pumped! ,neutral,negative,REVISAR
The ONE time we want to use the Amazon Prime streaming and it's down... grrr ruined my Sunday night! @user ,negative,positive,REVISAR
Why does everything need a #remake?  Enjoy the #classics!  #BeautyandtheBeast #TheBradyBunch ,neutral,negative,REVISAR
Krul crocked\u002c just putting it out there Craig Gordon britains 2nd most expensive keeper is without a club? #nufc #SAFC #FTM ,negative,neutral,REVISAR
1st day of practice brings a prediction: This is the year... Northwestern finally breaks through and makes the NCAA Tournament. ,neutral,positive,REVISAR
All of the above. #Iraq #Libya #Syria Mainstream Media = #FakeNews ,neutral,negative,REVISAR
Dave Grohl I may not be in the cities with you singing word for word to Foo Fighters songs right now but I'm there with you in spirit. ,positive,neutral,REVISAR
yo if Last Friday Night by Katy Perry doesn't take you back to bomb middle school days then I feel very bad for you ,neutral,negative,REVISAR
@user I'll try sometime! Its about time I dropped in on a few old friends anyway! Goin to see Cinderella this Thurs. in Art Park! ,neutral,positive,REVISAR
"#Yanukovych (not verbatim): @user should stop the war, bring soldiers back to mil units"" Viktor, it's calle… ",neutral,negative,REVISAR
@user 1these would not have the sole reasons 2not being a globalist interventionalist is not ugly (re putin) ,neutral,negative,REVISAR
"""Man behind 5th-grade insults in @user hot take a """"senior editor"""" ... which explains a lot about Rolling Stone ",negative,neutral,REVISAR
Was this feeling nirvana or was it the bliss ignorance portrays  What ever it may be its taste lingers on my tongue. ,neutral,positive,REVISAR
"@user I'm still hype af for Berseria, Persona 5 and FFXV! ",positive,neutral,REVISAR
Tuesday's Q&amp;A: Should You Still Spend Time on Google+ Today?  Join the Super Gnomies for this &amp; more! 3:30pm PST: ,neutral,positive,REVISAR
@user I like Trey Gowdy for AG #TrumpTransitionTeam #Trump2016 ,positive,neutral,REVISAR
"@user Alciato: Bee will invest 150 million in January, another 200 in the Summer and plans to bring Messi by 2017"" ",positive,neutral,REVISAR
"Chinese officials are censoring the term ""Kim Fatty the Third,"" a nickname for North Korea's Kim Jong Un ",neutral,negative,REVISAR
Gotti tryna club on sat\u002c so that\u2019s Prolly the move on Saturday if we don\u2019t find nun else to do ,neutral,negative,REVISAR
"@user yep,we should get Niki Lauda to judge nxt time.He said on sat that there's no way he would be racing if he was a current driver"" ",negative,neutral,REVISAR
@user 34:17-19...May The God  of Israel who does not sleep nor slumber be with you and strengthen you in this trying times ,positive,neutral,REVISAR
Brb while I delete 75% of my camera roll off my phone to make room for Sam Smith tomorrow. ,neutral,positive,REVISAR
Watch a recording of the #NBAwards Finalists reading. ,neutral,positive,REVISAR
@user I knew u in 8th grade and I'm pretty sure it probably had something to do with twilight ,neutral,positive,REVISAR
hm \u002c Saturday with Joey \u002c Lauren \u002c DJ \u002c and Laura sounds about right ;) #happybirthdayDJ ,positive,neutral,REVISAR
"""For all you that know me! Hearing about Dark Souls 3 may be getting a pair of collector's editions, kind of makes... ",neutral,positive,REVISAR
@user o ok they got me off today wed &friday but ima talk to Zachary to see if I can work split shifts the rest of the week ,positive,neutral,REVISAR
Apart of finally apreciating mayo and Bob dylan. All on moderation of course ,neutral,positive,REVISAR
@user Vandals in Oakland same as the night before in SF with Afghans grown in. ,negative,neutral,REVISAR
Ryan wants to end Obamacare protections for Americans with pre-existing conditions! #PaulRyan #Obamacare #healthcare ,negative,neutral,REVISAR
I'm not for the animal cruelty or animal testing tbh ,negative,neutral,REVISAR
"@user should get the donkey of the day for singing Katy perry and that """"Friday"""" song on his show"" ",negative,positive,REVISAR
@user  I'm sure Briana wanted to like Brooks back whn Vicki 1st strtd dating him. She wldnt just make this stuff up. He has a dark side! ,neutral,negative,REVISAR
"@user jk. Wasn't sure.  But the killers, green day, fall out boy, and foo fighters were all i had on my ipod when i got it in 2nd grade"" ",neutral,positive,REVISAR
"""Why do you advocate for veganism/ vegetarianism?"" Well ... for one, if the whole world went vegan we could end world hunger ... ",negative,neutral,REVISAR
@user Omo seriously? I got into Kpop because of BIGBANG too then after that i discovered B2ST so they were the 2nd boyband i got into ,neutral,negative,REVISAR
I'm a fan of some really weird music but the new David Bowie may be the strangest I've ever heard. Not even sure what I just saw ,negative,positive,REVISAR
@user we probably need those riots to end the rentier paradise the country has come brexit or no ,neutral,negative,REVISAR
In honour of Ice Cube I'm smokin 2 blunts and drinking an Old English right before watching the movie Straight Outta Compton tomorrow. ,positive,neutral,REVISAR
@user I'm going to Calle Ocho tomorrow. I'll air mail you some! ,neutral,positive,REVISAR
"@user oh wait, Kim Jong Un ",neutral,negative,REVISAR
"""Kris jenner had an affair w Lionel Richie in the 80s an he may b khloes dad...that makes sense doe? """"""""Why cus she's dancin on the ceilin?"""""""""" ",neutral,negative,REVISAR
"""In a way Spurs aren't really getting a 2nd ST if they want the 2nd ST to be like Kane. Son, N'Jie, Pato? don't drop back as well. Maybe Son."" ",neutral,negative,REVISAR
Congratulations new appointed president cbc ward 2 Mazher Ali Awan and ward 3 Agha Zulfiqar Muhammad Salman Khan... ,positive,neutral,REVISAR
This is a lovely post about Zayn for those who still have issues with him. May make you consider things differently. ,positive,negative,REVISAR
UN close to sanctions deal to slash North Korea export earnings: diplomatsNorth Korean leader Kim Jong Un takes... ,neutral,negative,REVISAR
"""Homework catch up day and then dinner with the \""""Big Brother\"""" before the hurricane. I kinda need school not to happen on Monday"" ",negative,neutral,REVISAR
"As Soon As Mike Pence Posted This Photo, We Knew There Was Something Terribly Wrong. Do You See It? ",negative,neutral,REVISAR
"Recommended: Verizon begins shipping Galaxy Note 5, T-Mobile will start tomorrow: Pre-orders for the Samsung G... ",positive,neutral,REVISAR
Billy the Kid - Billy Get Your Guns via @user better get it before SCOTUS redefines the 2nd amend ,negative,neutral,REVISAR
"@user The first and the Last crap on this planet right is you Seth Rollins and on Sunday WWE Universe will get rid of this """"CRAP""""."" ",negative,neutral,REVISAR
so tomorrow is picture day but idc so i'm just going to pretend likei forgot and go in nike shorts. whoopse. ,neutral,positive,REVISAR
Samsung confirms August 13 launch date for the Galaxy Note 5 ,positive,neutral,REVISAR
"""My boy just peeked over my shoulder and said """"Funk Flex &amp; Hulk Hogan are trending, aren't they the same person?"""" That was a good one, c'mon!"" ",positive,negative,REVISAR
"@user @user of course! but since when does opinion have to = disrespect, nasty comments ",neutral,negative,REVISAR
"@user I think it may have been subbed by Bates. """"""""Conor Heffernan discusses the bizzare world of Leeds United owner Massimo Cellini"""""""""" ",negative,neutral,REVISAR
@user I can wear a Black Dahlia Murder shirt one day\u002c and a sun dress the next xD ,positive,neutral,REVISAR
"""Kitchen is clean, laundry is in the washer, kids are in bed, school bags ready for tomorrow. Watching Big Brother then going to bed"" ",neutral,positive,REVISAR
Catch @user in The Gloaming Live! at Leicester Square Theatre on the 25th & 28th ,neutral,positive,REVISAR
Doing some serious sucking up tonight so I can go Harry\u2019s tomorrow :( @user ,negative,positive,REVISAR
".@noclador followers suddenly shot up about 1,000 Nov 1 to 9. Today he deleted tweets, reTweeted @user to… ",neutral,negative,REVISAR
"""Also Monday night, eat at Maverik Center as we debut Little Italy at the back of the concourse with seating for 70 people. Check it out!"" ",neutral,positive,REVISAR
"Read that #Westworld may not be back til 2018 which is a big problem because it was a B+ show with neat ideas, but not all that fun to watch ",neutral,positive,REVISAR
@user it may have been sent through Google+ ,neutral,negative,REVISAR
"""#AamirKhan celebrates Eid with brother #Faisalkhan and family  On July 18, Aamir Khan took time off to celebrate... ",neutral,positive,REVISAR
So apparently a girl hooked up with Niall and he gave her 7th row tickets smh what a cheap bitch where those front row tickets @ ,negative,neutral,REVISAR
#Deplorables = ;-) #RockNRoll !#JoanJett & the #Blackhearts -I #Love #RockNRoll via @user ,neutral,positive,REVISAR
"@user @user @user Still waiting on Clinton, Obama, dems to visit LA and other areas of distress. ",neutral,negative,REVISAR
"""#OTD 1965 Bob Dylan played 'Like a Rolling Stone' with electric guitar + rock band live for 1st time, prompting boos. ",neutral,positive,REVISAR
Also started my 2nd game to juggle alongside Dark Souls for the channel first 2 parts will be up tomorrow morning also 3 dark souls parts ,neutral,positive,REVISAR
"""The Giants and Red Sox may have 3 recent world series championships, but they haven't been consistently good like the Cardinals."" ",neutral,negative,REVISAR
You know you're a fag when you listen to music from naruto on Monday nights ,negative,positive,REVISAR
on the euthanasia list #whybuywhentheydie #adoptdon'tshop 🐩🐕🐶 ,neutral,negative,REVISAR
So whos seeing Peacock and Gamble tomorrow who can get me a ticket because I haven\u2019t got a card. I have the money\u002c I\u2019ll give it to you there ,neutral,negative,REVISAR
"""Apparently, it's National Ice Cream Day. I didn't get the memo. Sorry. I'll get us some tomorrow."" ",neutral,positive,REVISAR
@user .. The way they went about defending gave me impression malini barkha wanted to be 2nd 3 rd wife of yakub on release. ,neutral,negative,REVISAR
Going to knott's scary farm on the 18th for BSU. YALL SHOULD COME!!!!! ,positive,neutral,REVISAR
Confirmed: Ice Cream Sandwich finally coming to the Droid Bionic tomorrow\u002c October 19th ,positive,neutral,REVISAR
CHRISTMAS TOMORROW :D !! Who's going trick or treating for Christmas presents & candy cane ?!?!?!?! ,positive,neutral,REVISAR
"""Kim Kardashian Strikes Gold W/ Kimoji App, Lands No. 1 Spot: Apple said Tuesday it is tough enough for Kim Kar... ",positive,negative,REVISAR
2nd #blog from Curtis. It's a short one!...2nd day of work experience-'Embarrassment is a funny thing...' by Curtis  ,neutral,positive,REVISAR
@user @user I'd say 100% of them time when they're considering homeopathy. That's pretty much it. :-) ,positive,negative,REVISAR
@user Is Donald Trump still coming on the show Monday mornings? I didn't see him today. I always started my week watching him. ,neutral,positive,REVISAR
"""((I'm grounded from the internet until Monday, so talk to me while I'm still at school! -.-))"" ",neutral,negative,REVISAR
Still working on Batman and the hero's journey and archetype. We will wrap that up tomorrow. Also finishing up RCBM assessments. Goal 151/0. ,neutral,positive,REVISAR
Wrong. The original iPod unveiling when Stevo pulled it out of his pocket at the end is my favourite.  ,neutral,negative,REVISAR
@user ooo thats nice that means there r jobs!!! just gotta wait fir gay marriage to b legal then im Moving ,positive,negative,REVISAR
"@user just announced Jose Aldo vs Conor McGregor on December 12, Only if they could get Ronda Rousey vs Cris Cyborg on that card. ",positive,neutral,REVISAR
"""Mohawk Place tonight in Buffalo, New York. Roll out! Tomorrow we play Hoosier Dome in Indianapolis, Indiana."" ",positive,neutral,REVISAR
@user haha we totally should!!! My mom just asked me if I wanted to leave thurs and stay in NYC until sat then go to Italy and idk? ,positive,neutral,REVISAR
"I can't watch Monday Night Raw anymore. I miss the Stone Cold Steve Austin, Ric Flair, Shawn Michaels, Eddie Guerrero &amp; the Hardy Brothers! ",neutral,positive,REVISAR
@user Jesus! Il keep a look out. Got a job interview with Hmv tomorrow ,neutral,positive,REVISAR
Hot Mess Monday! I'm feeling it! #runninglate #crazyday #blah #happymonday #lovemylife ,negative,positive,REVISAR
@user that's horrible news that UMBC will wait until 6 am tomorrow to let us know about closing.  Hhhhmmmm ,negative,neutral,REVISAR
Russia tells U.S. to get out of the way in Syria been looking 4 an 'exit strategy' 4 decadesPutin in?? ,neutral,negative,REVISAR
"""May You hear the supplications of Your servant and of Your people Israel, which they shall pray in this place. II... ",neutral,negative,REVISAR
"3D-printing robots & #IoT are revolutionizing #manufacturing, which is directly impacting the #supplychain… ",positive,neutral,REVISAR
LAZY (torture?) SUNDAY! Starting with some Afterbirth and moving on to Dark Souls II later. Come say hi :D ,neutral,positive,REVISAR
Is Martin Atkinson being brought out on Wednesday to \u2019even it up\u2019 ,neutral,negative,REVISAR
"#Microsoft—yes, @user the #Linux Foundation | #linuxfoundation @user ",positive,neutral,REVISAR
"""The rejuvenation of TFI Friday, ergo giving Chris Evans the opportunity to appear on TV more, is very disheartening."" ",negative,positive,REVISAR
I'm going to an Amy Schumer show on campus Sunday night and of course they sent an e-mail saying we won't be allowed to have mace. ,neutral,negative,REVISAR
"""ELTONJOHN (tribute band) TO PLAY WAYZATA -  Sat 10.11 Elton....Well almost, Bennie and the Jets, an Elton John... ",positive,neutral,REVISAR
@user well by the sounds of it we may be adding Gagner too. Where are these guys all going to fit in? ,neutral,negative,REVISAR
@user @user @user im terrified of needles and HIV and sex can give HIV and condoms may protect from it ,negative,neutral,REVISAR
@user I support Johnson\u002c liked he and Huntsman in the primary. Living in the 1st district made my decision easier #mepolitics ,neutral,positive,REVISAR
Fossil fuels aren't sustainable. Digging for more harms the environment. Basic 6th grade earth science. Go watch… ,negative,neutral,REVISAR
#Uber should try to solve their glitches with #BRTA restrictions and try ASAP for Uber availability in #Dhaka. ,negative,neutral,REVISAR
Dodging #Westworld finale spoilers like... @user ,neutral,positive,REVISAR
@user Could this be Islam's 5th column? Very few women and children in any of the photos we see. ,negative,positive,REVISAR
The latest NEW LOOK DAILY! #beautyandthebeast ,neutral,positive,REVISAR
Chinese websites block searches for ‘Fatty Kim the Third’ ,neutral,negative,REVISAR
The alliances within the Grateful Dead shift around more often than a lunch table full of 8th grade girls. Now it's everyone but Phil? ,neutral,positive,REVISAR
@user it sounds similar to you but to them its like Rebecca black singing \u2019Friday\u2019...lol.. ,neutral,negative,REVISAR
I want <3   November 1 at Lucky Chinatown - Cinema 1 - Suddenly It\u2019s Magic - 1:00pm\u002c 3:30pm\u002c 5:40pm\u002c 7:45pm\u002c 10:00pm ,neutral,positive,REVISAR
"i need a legit boo by valentines day, im trying be on a whole other level of romatic😹 ",positive,neutral,REVISAR
Saudi voters elect 20 women candidates for the 1st time: Two women were elected in Saudi Arabia's most conserv... ,positive,negative,REVISAR
listening to POETIC JUSTICE for the 1st time #DontJudgeMe ,neutral,positive,REVISAR
Comment passed by @user to the effect that MATRON is a dead ringer for Caitlyn JENNER. He may have a point. ,neutral,negative,REVISAR
"Hmm, I also stopped thinking about tomorrow. Don't tell Fleetwood Mac. ",neutral,positive,REVISAR
Link to Ballet West's Nutcracker info. BW is @ Kennedy Center this week. Will see it on Saturday. ,neutral,positive,REVISAR
"""This may be the tiniest act of defiance, but I just downloaded 2-Eagles of Death Metal songs on iTunes &amp; I'd subscribe to Charlie Hebdo too"" ",neutral,negative,REVISAR
Keras 1.1.2: Deep Learning for Python ,positive,neutral,REVISAR
All #BreakingPointe fans - join us here this Tuesday 6 PM PST where you can ask Ballet West's Allison DeBonna questions about the show! ,positive,neutral,REVISAR
"Win a NOKIA LUMIA courtesy of @user tomorrow, go pick up a free sim at the Airtel stand at Makama, Unilag. #AirtelSBA ",neutral,positive,REVISAR
Here's a screenshot of Tommy's 1st conversation with Big Brother inside the confession room! #PBBTommy @user ,positive,neutral,REVISAR
"""This is kind of a David Bowie weekend, what with the release of his 10 minute video for Blackstar on Thursday, so... ",neutral,positive,REVISAR
Red Sox game at Fenway tonight then checking out this Boston Steelers bar Thursday. It's like sports Christmas week. ,positive,neutral,REVISAR
"Please be advised, reading Oracle's Legacy may cause heightened imagination. Proceed with care: #ebook ",neutral,negative,REVISAR
"Our Director Chris Brown is live on @user #Scotland today from 12pm talking about #StayAlive App, on its 1st bday, over 6K dwnloads ",neutral,positive,REVISAR
@user what promotions are you offering for National Hot Dog Day tomorrow? ,neutral,positive,REVISAR
"@user Shawn, making all the phone calls today. Hopefully I can have some concrete answers for you by tomorrow."" ",neutral,positive,REVISAR
I believe the loss at RG to Wawrinka was first time in a decade Federer didn't break once in a GS match. This might be the 2nd. #USOpen2015 ,positive,neutral,REVISAR
@user you better safe that Chicago style popcorn for Big Brother on Sunday ,neutral,positive,REVISAR
This is Iraqi Armyhumanity and kindness and protectionNo more #ISISISIS is passing and dissipate#MosulOffensive… ,neutral,negative,REVISAR
"""In all honesty\u002c Biden saw \""""""""Bridesmaids\"""""""" for the 1st time today and can\u2019t stop thinking about Maya Rudolph shitting in the street. #VpDebate"" ",neutral,positive,REVISAR
@user So you are a Tory too then? I never thought we would be in agreement on that. #WellINever #Brexit ,neutral,negative,REVISAR
"@user does kittleson still play Rebecca black every Friday, if he doesn't you should remind him how much he played that song lol!"" ",neutral,negative,REVISAR
White Arrows play The Earl on OCTOBER 9TH with Family of the Year and The New Cassettes. DON\u2019T MISS THIS. ,neutral,positive,REVISAR
"@user SCOTUS says it is already in Constitution, 14th amendment.  Don't need new laws for that. ",neutral,negative,REVISAR
And on Tuesday\u002c Harry Redknapp distanced himself from the job following speculation he was planning talks with the club. ,negative,neutral,REVISAR
"""Justin Bieber's complaint on Obama's entrance, Colonel I's being sorry I now he may be Lady Middleton, his doing a more conjectural;"" ",neutral,negative,REVISAR
"""I don't care if April is dead or alive, I just can't wait for Sharknado 4"" ",positive,negative,REVISAR
Todays #ullukapatha is Rahul Gandhi . You may ask WHY ? Nothing . Just that he is a filler on days we have no Ullukapathas . Happy Diwali ,positive,negative,REVISAR
@user haha i havent worn shalwar kameez for about 10 years. You went Bolton darul uloom? MashaAllah. May I ask.... Hifz? Aalim class? ,neutral,positive,REVISAR
"LINK When world busy obsessed with #ISIS news, in #India women raped by goons of militant #Hindutva @user ",negative,neutral,REVISAR
@user Elaine go 2 same gym as Steve Bannon ,neutral,negative,REVISAR
"…but I’m still surprised anybody cares about my work at all,” said Daniel Borzutzky, who won #NBAwards for Poetry: ",neutral,negative,REVISAR
"""Kenny Lofton, who makes his debut on the Hall of Fame ballot today, is the 1st former #ArizonaWildcats to ever appear on a HofF ballot."" ",neutral,positive,REVISAR
Song JoongKi\u002c Park Bo Young at the premiere The Grand Heist / Gone With The Wind on the 25th. ,neutral,positive,REVISAR
National Margarita Day? This is like Christmas in July only with tequila...lots of tequila ,neutral,positive,REVISAR
How is frank ocean performing Saturday when he still hasn't dropped his album??? ,neutral,negative,REVISAR
"@user may be Rahul Gandhi was going thru """"those days"""""" ",neutral,negative,REVISAR
"""Ive had the most f'd up week, from having my big brother passing on Tuesday to my phone drowning in beer (which i dont even drink)"" ",negative,positive,REVISAR
Anti-Trump Organizers Now Want The Electoral College To Vote ... #Election #ElectoralCollege #Buzz… ,neutral,negative,REVISAR
"""Bad Blood now has more than 400M views,it's Selena's 1st feature to reach this and CAGI is coming"" ",positive,negative,REVISAR
"@user @user ?Vietnam embargo, Cuba embargo... Nigeria meetings.But this is different?How? ",neutral,negative,REVISAR
Ok so Serena may have won but Venus wore hoops to the match and you know how I feel about hoops ,positive,neutral,REVISAR
"""And thank you for stopping by, Dustin Johnson. Maybe he just doesn't like Monday mornings."" ",neutral,positive,REVISAR
Highest accumulations from Snowsqualls tonight to tomorrow would be between Bayfield and Grand Bend along hwy 21 &amp; SE to Stratford #onstorm ,neutral,positive,REVISAR
@user Chinese? On top of the international holidays\u002c we have Chinese New Year Eve\u002cChinese New Year (Day 1& 2)\u002cChap Goh Mei (15th day) ,neutral,positive,REVISAR
@user yes they do &amp; its sad that Kerry being the 1st AA woman in 40 yrs to b lead on a show was reduced to a guest star on her on show ,negative,positive,REVISAR
Holy shit my brother is the coolest 7th grader in the entire world. He literally defended Caitlyn Jenner in front of his entire class... ,positive,negative,REVISAR
"While all eyes may be on the new iPhone today, this Apple product will be the most disruptive ",neutral,positive,REVISAR
@user #simonika hivemind!   We should watch sharknado tomorrow...it might just blow your mind #sorry #notsorry ,positive,neutral,REVISAR
I feel like Brock Lesnar may be the only boyfriend that's safe dating Rousey. ,positive,neutral,REVISAR
@user See 'Boruto: Naruto the Movie' on the big screen 7pm Oct 11th and 14th! #anime ,neutral,positive,REVISAR
@user @user you may have principles but lack reality. Liberal far out perform Harper &amp; Mulroney's record. too bad ,neutral,negative,REVISAR
"""Wi a live up the higt life, smoke from day till twilight, smoke from night till sun light...(8) #Movado -high like"" ",neutral,positive,REVISAR
"#Obama & #Hillary’s deception on Syrian WMD revealedhttps://t.co/MReqhgC5pB Yep, both #Democrats. Go figger. #TCOT #GOP #uniteblue ",negative,neutral,REVISAR
"""NEW MUSIC MONDAY on today's show features Blake Shelton """"Gonna"""", Tim McGraw """"Top of the World"""" and Jason Aldean... ",neutral,positive,REVISAR
Convinced I woke up too late for there to be pumpkin crumb cake donuts left at Dunkin so I'll just go back to sleep until tomorrow ttyl ,neutral,positive,REVISAR
@user let's play Saturday. Me you vs. Meg and kyle ,positive,neutral,REVISAR
Got email saying my copy of Deus Ex is on it's way. If it arrives tomorrow I will literally stay up all night playing it. No joke. ,positive,negative,REVISAR
Only going by the latest game stats but think I may have made a mistake backing juventus ,negative,neutral,REVISAR
"""Embarrassed Cardinals try to pick up the pieces: TEMPE, Ariz. (AP) - Embarrassed on Monday night, the Arizona Ca... ",negative,neutral,REVISAR
Knicks vs heats game tomorrow tonight @ 8. ,neutral,positive,REVISAR
White supremacists claimed they will make twitter accounts as black people. So I'm not responding to any coon-ish tweets. ,neutral,negative,REVISAR
Gotta Have My Smoke@weed @user @user @user @user marijuana @user @user @user @ ,neutral,negative,REVISAR
First Murray is out for the Dallas Cowboys now Felix may be questionable for the Atlanta game. Not looking good for the running backs! ,negative,positive,REVISAR
"It was through a 3rd party seller, which I thought to be a trustworthy company as to why I bought it. So hoping Amazon can help me out here ",neutral,negative,REVISAR
All you people watching Sharknado tomorrow are they terrorists hate us. ,neutral,negative,REVISAR
"@user  ....but ...""""What is the evidence that Yakub is a terrorist"""" neutral journos may ask ",neutral,negative,REVISAR
"""Well at least we got Miguel, frank ocean and the weeknd  ",positive,neutral,REVISAR
@user @user @user @user You mean like Nancy Pelosi making millions on insider trading from her House sources? ,neutral,negative,REVISAR
Dean Ambrose Want the UGLY (#WyattFamily)one on Friday Night #SmackDown.BUT I confused which one the UGLY ONE..I mean the all are UGLY ! ,negative,neutral,REVISAR
"@user may not be my first choice for president, but I'm voting for him if he's nominated. At least he's better than Hillary ",negative,positive,REVISAR
"Honored to represent @user 2 discuss Robots, Materials, Energy & Agriculture at XI Innovation Congress #sswcee ",positive,neutral,REVISAR
@user @user Thor will have sack up in April when he watches the Royals raise the WS banner on opening day.  Want tickets? ,neutral,positive,REVISAR
"@user -She began to feel a little offended by what he was saying.- """"Loki... Like I would report back to Thor. He may be my father +"" ",neutral,negative,REVISAR
Kim Jong-un is wearing a muumuu and trying to pull a tiny muppet across a desk for some reason. ,negative,neutral,REVISAR
"""No word of a lie a lad at work today: """"wouldn't it be mint if Kanye West became the 1st black president of England"""""" ",neutral,negative,REVISAR
@user Its a tragedy!!!Muslims should always help Muslims lest they become a prey jn the hands of enemies.May Allah swt hv mercy ,neutral,negative,REVISAR
Now that Ruto is the 5th president... I think him and Uhuru have now served one term each ,neutral,negative,REVISAR
"""Frank Gifford may have been a very nice man! But, he cheated on Kathy Lee with a woman who videotaped the incident!"" ",neutral,positive,REVISAR
Working Friday morning shift at Dunkin is actually the most stressful thing you could do. #godhelpme ,negative,positive,REVISAR
watching every single 1d interview today  #3YearsofMidnightMemories #MtvStarsNiallHoran #MPN #OneDirection ,neutral,positive,REVISAR
Which idol group is the best in KPOP? EXO or BIGBANG?  via ChuuTALK  c'mon VIP vote for bigbang ,neutral,positive,REVISAR
"@user I think, u know I think I would like to build a wall on the border with mexico, not to let mexican food in ",negative,neutral,REVISAR
Today is the 14th anniversary of George Harrison's passing. Something in the way he still moves us. ,neutral,positive,REVISAR
"""Undertaker may, in fact, be killed tonight by Brock Lesnar. #SummerSlam"" ",negative,neutral,REVISAR
If Anderson Silva doesnt win tonight Yushin Okami wont make it out of Brazil alive @user ,negative,positive,REVISAR
The ball oF FIRE draws you in you flow liquid hot the sun shines down you\u2019re in nirvana ,neutral,positive,REVISAR
@user @user @user @user @user @user Ever notice cities with the most niggers have gun control? ,neutral,negative,REVISAR
"4. Babette, 3. Miss Patty, 2. Richard, 1. LANE!!! #GilmoreGirlsTop4 ",positive,neutral,REVISAR
Retweeted CaptainsLog2016 (@CaptainsLog2016):Voter Suppression/FraudFake NewsRussian HackersFBI Witch... ,negative,neutral,REVISAR
"""27 December 1997- Just hours after Billy Wrights death, the LVF retaliate by killing ex IRA prisoner Seamus Dillon ",neutral,negative,REVISAR
I might just need FBI for my new social security number that no one else knows including my own blood. ,negative,neutral,REVISAR
@user TRUMP WINS ELECTION NWO & POPE FRANCIS AND THE ELITE ROTHSCHILD WARNING hey buddy ,neutral,negative,REVISAR
"@user yes.exactly,i want baeksoo too but kyungsoo too bz with movie maybe baekhyun 1st?keke.Jongin&amp;Soojung at Gucci event tonight"" ",positive,neutral,REVISAR
@user @user SCOTUS has interpreted equal rights under the 14th as such. ,neutral,negative,REVISAR
"@user Alright pricey! How you doing, got a round in lough Erne next Friday! #needmoreballs"" ",neutral,positive,REVISAR
"@user KD for Kim Jong-un, who says no? ",neutral,negative,REVISAR
"@user - 1st you're on Twitter so you must be real, 2nd how did you not get @ God, 3rd why is Big Brother set to record on my DVR?"" ",neutral,negative,REVISAR
everyone who sat around me at metlife was so annoying but i didnt let it ruin such an amazing night ,neutral,positive,REVISAR
Rudi Garcia insists Roma must come flying out of the blocks when they take on Juventus tomorrow. #RomaJuve @user ,positive,neutral,REVISAR
#Hatchimals @user must be so proud of yourself.Way to prove Americans are so great.Legally robbing from the less fortunate children. ,negative,positive,REVISAR
@user Same could be said about Marie Colvin. I may not liked him\u002c nor his employer but he never harmed anyone and he has family. ,neutral,negative,REVISAR
#Gardening Fact Friday: The most expensive garden was designed by @user for the 2010 Chelsea Flower Show and included a $5m diamond. ,neutral,positive,REVISAR
League? RT @user I just found that Barcelona and Real Madrid are playing on Sunday... I need sleeping pills... ,negative,neutral,REVISAR
"Say what u will abt his drone strikes but obama is by far the hottest president. The 2nd hottest is jfk, who to me is a 4, sorta frumpy ",positive,negative,REVISAR
5 minutes to learn what the Raspberry Pi is all about ,neutral,negative,REVISAR
Been using the @user watch for a few days now and going to compare it to the Apple Watch tomorrow on OMN. ,neutral,positive,REVISAR
Come to the Art Walk tomorrow night to see me perform my original acoustic guitar songs at Coni and Franc from 6pm-9pm!!! ,neutral,positive,REVISAR
"@user Haha. I've got to cut down mate, not looking forward to going through the WARNERS. Might try and sort small set tomorrow VESTRON."" ",negative,positive,REVISAR
Wondering what kind of recognition @user will do of post-#Sandy NYC at Saturday's RFK game against the Red Bulls. #mls ,positive,neutral,REVISAR
The weeknd rips off a mask and it's really Frank Ocean and FRANK OCEAN'S ALBUM DROPS TOMORROW ,positive,neutral,REVISAR
"Breaking News!! Hear this all Homosexual people not everyone supports gay marriage, some people believe marriage is… ",neutral,negative,REVISAR
Wow! Rousey vs. Holm moved to same night as Lawler vs Condit in Australia. #Albuquerque is going to be nuts Nov 14!  ,positive,neutral,REVISAR
"@user I would note that SARAH PALIN is happy to call it Denali (""the great one, soaring under the midnight sun"") ",neutral,positive,REVISAR
What really happened at Trump's intelligence briefing #MichaelFlynn #LooseCannon #TrumpCabinet #TrumpTransitionTeam ,neutral,negative,REVISAR
@user @user I don't know but apparently they don't like  rad dudes or bad hombres. ,neutral,negative,REVISAR
@user @user @user @user @user This I didn't know. He was in GRU headquarters!  @user @user ,neutral,negative,REVISAR
The Electoral College Is Anything But Outdated ,neutral,negative,REVISAR
Frank Ocean is a lyrical genius! Fuckin poet! He may not be the best entertainer but my cousin can write some deep shit! ,positive,negative,REVISAR
@user @user @user  For anyone who asks if the embargo against Cuba was worth it. Show them this picture and laugh YES!! ,positive,negative,REVISAR
Trayce Thompson blazing his own trail with a triple. Trayce Thompson catching White Sox fever by getting thrown out betwen 3rd and home. ,positive,neutral,REVISAR
how have I known about frank ocean since 9th grade and I JUST NOW realize he is a baller and probably one of the most inventive dudes in rnb ,positive,negative,REVISAR
"""Somehow I've ended up watching all the Twilight movies again. The first is entertaining, the 2nd super boring and the 3rd was just meh"" ",neutral,positive,REVISAR
"On November 18th 1998, Nintendo released the Game Boy Color. The first handheld allowed to be owned by POC. #BullshitHistory ",positive,neutral,REVISAR
I may pull out the hair I don't have if I see another Rousey vs. Mayweather headline. ,negative,neutral,REVISAR
Dr. Love’s 5-Step Recipe for Romance on Valentine’s Day and Beyond ,neutral,positive,REVISAR
"""Moms gone, it's National Ice Cream Day, and school starts tomorrow.  This is Dinner.  #Ben #Jerry ",neutral,positive,REVISAR
"""Jessica is due to have her baby on the 8th of November, she will not be taking any new bookings until after the... ",neutral,negative,REVISAR
"Holy heat wave,  Batman! That was a scorcher today!  Be sure to rehydrate tonight! See you tomorrow at 8am for Summer Sunset Blast cleanup! ",neutral,positive,REVISAR
"""-Puts Black Hole Sun on in the car-  My Dad asks my Mom who plays this song  Mom: The Beatles? No wait, David Bowie!  -.-;; #oww #facepalm"" ",negative,positive,REVISAR
I hope nobody tells him that TPP is designed for the benefit of US big business. ,neutral,negative,REVISAR
"""Justin Bieber is 1st, 2nd and 5th in the UK top 40  I'm not listening to the radio for a couple of months"" ",negative,neutral,REVISAR
"@user you are in the bestest of places, no doubt! May your children become the bestest humans and Muslims and"" ",positive,negative,REVISAR
Red Sox center fielder Mookie Betts made a tremendous catch look almost routine in the fourth inning of Sunday... ,positive,neutral,REVISAR
Mark Martin by far the most unluckiest Nascar driver of all time\u002c 2nd 5 times in points & the heartbreaking 07 Daytona 500. ,negative,positive,REVISAR
"2/2 Kerry said Wed. ""Because if you don't have this agreement, Iran has already made clear what its direction is."" Democrats won't stop them ",neutral,negative,REVISAR
MS joins the Linux Foundation for $500k as it continues to extort many times that from LF members via patents. ,negative,neutral,REVISAR
"""Miss Justin Bieber could make such confidence in time she answered by endeavouring to its walls, while _you_ may view from"" ",neutral,positive,REVISAR
1st music video with out Zayn:( ,negative,neutral,REVISAR
"@user Easy to have a couple extra wins when BYU has played the 31st ranked schedule compared to Utah, who's played the 3rd. #Sagarin"" ",positive,neutral,REVISAR
And I thought Tsarnaev on the Rolling Stone was bad. ,neutral,negative,REVISAR
"""LMAO Snottsdale, AZ = sluttiest place. I don't think Gelndale should get 2nd, give it to the Tempe giiiiirls."" ",negative,neutral,REVISAR
"""Since the high school's dress code basically doesn't let us wear anything, how many rules would i be breaking if i came in naked tomorrow"" ",negative,neutral,REVISAR
@user @user the UN may recognise it Israel doesn't therefore disputed its that simple ,neutral,negative,REVISAR
When Mr.Craig said sunday night was officially the last day of Marching Band. < < ,negative,positive,REVISAR
Murray has decided to only hit Aces. Already 4 and it's just his 2nd game !! ,positive,neutral,REVISAR
Speaking of the #TrumpTransitionTeam... ,neutral,negative,REVISAR
my friend just told me trump added brian mcknight to his cabinet and i believed her ,neutral,negative,REVISAR
so apparently my brother has the same birthday as Chuck Norris 10 of march. LOL ,neutral,positive,REVISAR
"""Some men may follow me But you choose """"death and company"""" Why you so speechless?  #MTVStars Lady Gaga"" ",neutral,negative,REVISAR
Game 3 of San Beda vs Letran will be on Thursday at the Smart Araneta Coliseum. ,neutral,positive,REVISAR
@user They're actually going venue shopping tomorrow! They're checking out Grand Bend and surrounding areas (ie. St. Mary's)! ,positive,neutral,REVISAR
Brock Lesnar coming to ESPN tomorrow. To be safe I am going 300 miles away. Let him kill @user and @user ,negative,neutral,REVISAR
Connor McGregor will lose Saturday and that combined with the Ronda Rousey loss may send Dana White into a deep depression #aldovsmcgregor ,negative,neutral,REVISAR
@user and todd!! Need to see it! Might watch it tomorrow night! Firework central round here tonight #broxburnmorons ,neutral,positive,REVISAR
#Hatchimals is one of the 14 coolest toys for the holiday season - #CNNMoney ,positive,neutral,REVISAR
Lol watch how the media paints Nicki as an angry black woman tomorrow morning and miley as the victim #bye ,negative,neutral,REVISAR
Dustin Johnson leading during the 1st round of a major...stop me if we've heard this before ,positive,neutral,REVISAR
That time Christina Crossin dropped Melania Trump speech during her set at the #INSCENE 2 year anniversary party... ,negative,neutral,REVISAR
Breaking news: Kim Jong Un has been arrested by his military. ,neutral,negative,REVISAR
"""Microsoft wasted my whole day today... But now I'm on Win 7 SP1 v69sq with rockets on it. MAKE IT SIMPLE MICROSOFT!  Also, I'm buying a Mac."" ",negative,positive,REVISAR
my music is all over the place. I'll listen to everything from Chris Young to Justin Bieber to Eminem to Memphis May Fire to Lynyrd Skynyrd. ,neutral,positive,REVISAR
Is the 12th playing down wind?  Because Dustin Johnson just hit a pitching wedge 150 yards. ,positive,neutral,REVISAR
I saw Cowboys and Aliens... OHMYGAWD it was so stupid. Tomorrow i'm seeing The Help which i hope is better. ,negative,positive,REVISAR
GAME won't be delivering my PS4 until Tuesday apparently. Four day weekend and it's delivered when I'm back at work. Great. ,neutral,positive,REVISAR
@user Cuba. :) I'll tell you more after I book it tomorrow and before I leave Sunday! ,positive,neutral,REVISAR
Black Friday giveaway samsung galaxy note 7 2016 via @user ,positive,neutral,REVISAR
The Imperial March or the Jurassic Park theme? Which is better? ,neutral,positive,REVISAR
"@user ""What's 1st thing you're going to do for economy"" Justin ""Call Premiers meeting to go to Paris to fight Global Warming"" OMG ",neutral,negative,REVISAR
The bad losers think they know better #Truth #Democrats #ows #tcot #tlot #ccot #p2 #uniteblue #catholic #Texas ,negative,neutral,REVISAR
@user @user it's the 2nd part of one of his first projects when his name wasn't frank ocean (Lonny breaux) I don't think ,neutral,negative,REVISAR
"Ex-Georgian President Saakashvili says Ukraine is ""running against the clock"" to prevent another revolution. ",neutral,negative,REVISAR
Will there be another march by the world's leaders like the Charlie hebdo saga or will they bomb someone ,neutral,negative,REVISAR
"@user I mean, Batman was corny af until this trilogy, the 3rd one was so not Batman. ",neutral,negative,REVISAR
Nov 16th in natchitoches\u002c la. Ya boy putting da belt on da line. It\u2019s going down. I want my people to be there... Get at me!!! #whoopwhoop!! ,positive,negative,REVISAR
Don't hit the Twitter for bookings and features.. Contact ransom201beats@gmail.com GANGSTA GRILLZ SEPT 20TH WINTERS HERE!!! ,positive,neutral,REVISAR
I think I may have finally figured it all out and understand the big picture Currently in a state of nirvana and I've never felt more ______ ,positive,negative,REVISAR
"No power at home, sat in the dark listening to AC/DC in the hope that it'll make the electricity come back ",neutral,positive,REVISAR
@user #hatchimals yes please! ,neutral,positive,REVISAR
"@user While you continue to beat a dead horse, Tom Brady is starting on Thursday night."" ",neutral,positive,REVISAR
Get a #FREE $25 Amazon gift cardSurvey if your health insurance NOT thru employer or Me… ,neutral,negative,REVISAR
KEPR: State DOT: Snoqualmie Pass lane closures may cause delays: If a trip over the Cascades via Interstate 90 is in... ,negative,neutral,REVISAR
@user I know it's just your opinion but without Stewart @user may never have won the match and John cena would've made history ,neutral,positive,REVISAR
"@user Hi, do you have any idea what time the Foo Fighters gig is due to finish tomorrow night? Thanks!"" ",neutral,positive,REVISAR
Kendrick Lamar KILLED J.Cole in the Black Friday Aswr. ,negative,positive,REVISAR
@user @user I wouldn’t be surprised. And who better to gut it than his fellow political naïf Ben Carson? ,neutral,negative,REVISAR
I still doubt Apple will announce new iPad at tomorrow's event. Apple might dedicate most of the keynote on new Apple TV. ,neutral,positive,REVISAR
Someone get IHOP with me tomorrow ,positive,neutral,REVISAR
"@user @user @user @user Oh yeah, Clinton Foundation! ",neutral,negative,REVISAR
This is the 2nd time Caitlyn Jenner has committed manslaughter #BruceJenner ,neutral,negative,REVISAR
You can accept love!https://t.co/GkOUmepYJu #DominatingYourMind #DYM @user #NBAwards ,neutral,positive,REVISAR
When you have to wait 15 for a table on a Friday morning at IHOP ,negative,positive,REVISAR
@user #GilmoreGirlsTop4 Top 4 + invisible 51. Jess 😍2. Paris😂3. Luke💜4. Sookie🎈5. Taylor 😅 ,positive,neutral,REVISAR
"For the 1st time in Serie A history, Juventus has lost their opening 2 games. Roma 2-1 Juventus -Dr.Cfc- ",neutral,negative,REVISAR
@user Steve Bannon has done nothing to you. ,neutral,negative,REVISAR
@user Longer term prediction re this: self-driving cars => lower car ownershipelectric cars => swappable parts => easier repairs ,positive,neutral,REVISAR
"@user I dont know which riots will be bigger, anti- trump ones black friday ones. ",neutral,negative,REVISAR
"@user umm I'm in the debate right now. I'm looking at the Tribe party at the Hardrock on Thursday, Rave, Jouvert, scorch cooler fete"" ",neutral,positive,REVISAR
Convenient location to the Georgia Dome: This is our 2nd time staying at the Omni at CNN and both times we wer... ,neutral,positive,REVISAR
"""Just got a large iced coffee from Dunkin, which is my 6th cup of coffee (so far) today. Do you think that's bad?"" ",positive,negative,REVISAR
Super Eagles up four steps on FIFA Rankings. Now 54 in the world. 10th in africa ,positive,neutral,REVISAR
#HarryPotter fact: JK Rowling\u002c Harry Potter and actor Daniel Radcliffe all share the same birthday\u002c July 31. ,neutral,positive,REVISAR
Show this Saturday night with our friends in At The Gallows and Emergency Syndrome at the Gladstone Hotel from... ,neutral,positive,REVISAR
i hope the management understand we need some quality players come to Milan not only @user :) ,negative,positive,REVISAR
"@user Well, choices wise may be it makes sense recognizing his form. But I'm just saying Atleti's system has a lot of say in it."" ",neutral,negative,REVISAR
Bowling tonight\u002c softball tomorrow\u002c MOVING Saturday!!!  Whoop whoop! ,positive,neutral,REVISAR
Wake up to not really caring that Kris Bryant hit a walk off. Caring that the Cubs gave up 4 stinking runs in the top of the 9th. ,negative,neutral,REVISAR
"""Sun going down over Rock Im Park, Germany. Off to watch The Offspring ",neutral,positive,REVISAR
@user sits down with a Sunday conversation with The Big Bang Theory's Johnny Galecki. #TBBT ,neutral,positive,REVISAR
I hope that Barca does a lot more better in the 2nd half then in the 1st half. ,neutral,positive,REVISAR
"""We will be part of a signing with legendary wrestler, HULK HOGAN on October 11th!!  We are accepting items and... ",positive,neutral,REVISAR
"""Welp, blue jays saying fuck pitch counts. David Price back in for the 8th."" ",negative,neutral,REVISAR
West Indies to pull off from the India tour after the 4th ODI in Dharamsala owing to pay dispute with their Board. ,negative,neutral,REVISAR
The bullet riddled vehicle in which UDR Lance Cpl David Halligan was killed by the IRA outside Armagh on 17 Nov 1989 ,neutral,negative,REVISAR
"11 hours until Apple announces the iPhone 6S, here's what to expect: ",positive,neutral,REVISAR
@user I use an app called Twilight to automatically dim my screens and tint them red after the sun sets; it helps a lot. ,positive,neutral,REVISAR
@user she\u2019s drivin through from Banff with her dad goin to sort stuff in her flat! Roll on Sunday though :) ,positive,neutral,REVISAR
@user @user seems like a pretty crafty fella.  If he thinks real hard\u002c The Finder fee may not be necessary! ,positive,negative,REVISAR
Do you know who Paul Dunne is? He may make history tomorrow. Hear how! @user has details now! ,positive,neutral,REVISAR
"""Modi's speech in the US may be a good medicine for CMs too, even if they are from rival parties-capt. Gopinath ",positive,negative,REVISAR
"""not gonna lie, rewatching nicki's performance for about the 4th time right now"" ",positive,negative,REVISAR
@user Michael Marshall shot the hell out of the Hannibal finale. (This movie rules. Loving Maddin Monday) ,positive,negative,REVISAR
"Well, after more than 2 years I just got a copyright notice from Nintendo on my 2nd oldest video. The culprit? The Wind Waker's main theme. ",negative,positive,REVISAR
"""Well, Twilight is out of the wash. In her original colours no longer dampened by dirt. Days of sun-drying ahead."" ",positive,negative,REVISAR
"""Hey guys, Kris Bryant just hit his 20th homer of the season. He only needs to double that and add 10 to live up to the hype! #cubs"" ",positive,neutral,REVISAR
The Gladiatorial contests in Rome were not ceased because the Christians in Rome all sat on their hand. One monk stood up and yelled 'cease' ,neutral,negative,REVISAR
Why Blue Jays nation has fallen in love with David Price - Toronto Sun ,neutral,positive,REVISAR
#LukeEvans Flirts With #EmmaWatson in New #BeautyandtheBeast Image ,positive,neutral,REVISAR
"In the #Jerusalem shuk right now. Arabs,  Jews, stronger than all the haters in the world! #israelisburning ",neutral,negative,REVISAR
"""TFI Friday doesn't look like it's coming back, as Chris Evans focuses on new-look Top Gear ",neutral,positive,REVISAR
Desperately trying to stick with Game of Thrones but 4 episodes into the 1st series and I'm losing interest rapid. ,negative,neutral,REVISAR
But really... can't feel like we can #DrainTheSwamp with him around.  #Cabal ,neutral,negative,REVISAR
May no woman hook me the way Karrueche has hooked Chris Brown in Jesus name. ,neutral,positive,REVISAR
.@twaimz actually Steven Hawking  mentioned this...no lie. He said Zayn never left 1D ...he's in a parallel universe. ,neutral,negative,REVISAR
West Yorkshire Police & CPS have advised Danny Care he will not be charged in relation to alleged sexual assault in Leeds on March 3. ,positive,negative,REVISAR
Cristiano Ronaldo Amazing StepOvers In Training (Taunting Players): via @user ,positive,neutral,REVISAR
Why the press people hate man utd so much for is all of the press people they all is Arsenal fans mainly the sun and the mirror that's why ,neutral,negative,REVISAR
David Beckham keeps it stylish in jean shirt and white trousers after attending Guy Ritchie's wed... #TheIrfanism ,positive,neutral,REVISAR
"If Intel Community was aware of RUSSIA efforts to MANIPULATE election, Why COMEY didn't disclosed, but was eager to talk about Emails B.S.? ",neutral,negative,REVISAR
Shout out to all the girls who will be taking the walk of shame into cvs tomorrow to by a plan b #dressinglikeaslutcomeswithaprice ,neutral,positive,REVISAR
I'd like to apologize in advanced for I'll most likely have a long snapchat story tomorrow due to the fact that I'll be seeing Ed Sheeran ,neutral,positive,REVISAR
"@user Wrong tactic, she was elected - Gay marriage was illegal when she took office, it may not be in her job description."" ",neutral,negative,REVISAR
The Foo Fighters show has a lot of diversity. In the white people that attend a concert on a Tuesday night. ,positive,neutral,REVISAR
@user you have the blood of trans women on your hands. I hope the $15 bucks you get from white supremacists helps you sleep at night. ,negative,neutral,REVISAR
@user @user @user #NBAwards Let's unearth more such jewels of #Bengaluru ,positive,negative,REVISAR
inch NET [russian #NO] President SAAKASHVILI @user attacked by @user LOST 2 provinces said #YES to @user i… ,neutral,negative,REVISAR
8 is the reason I'm a Linux user. ,negative,positive,REVISAR
@user @user @user Is it true you guys are having Brock lesnar on your show tomorrow? ,neutral,positive,REVISAR
"@user Hi, Came across and I'm looking for ideas to write a 3D printer proposal. I'm in the EL school LMC. Thanks ",positive,neutral,REVISAR
Post Edited: Siri vs. Google Voice Search: may the best robot helper win #review #Siri #theidoctor ,neutral,positive,REVISAR
Sorry for all the Harry Potter retweets I just found a great account xD I know it's not Friday but #ff @user ,neutral,positive,REVISAR
Seriously waiting for tomorrows ep of True Blood tomorrow. Shits about to get real. ,positive,neutral,REVISAR
Iherd jboogie coming to Nitemoves foam party #yall know it go dine we he around September 22nd Saturday fm 1960 Nitemoves leggo ,neutral,positive,REVISAR
#Thailand Parcels packed with ammunition and illicit drugs were Friday intercepted at Songkhla's Hat Yai Post Of... ,neutral,positive,REVISAR
Cristiano Ronaldo with class.  ,positive,neutral,REVISAR
"""Okay, I can see how you may not like lebron or Tom Brady but not Messi..this guy has nations on his back."" ",neutral,negative,REVISAR
@user I don't think you are. Conservative is different than fascist nazi ,neutral,negative,REVISAR
Final Destination 5 is coming out soon. I never thought they'd make a 5th one! #youcantcheatdeath ,neutral,negative,REVISAR
"""#AllLivesMatter ... White, Black, guy, girl or even a Caitlyn Jenner whatever that may be stop the violence 2k15"" ",neutral,negative,REVISAR
"@user I hear you this Sunday morning, &amp; will just remind you that Christians throughout history have not always followed Christ."" ",negative,positive,REVISAR
One of the happiest days of my life. Fidel died and Maduro is next! ,positive,negative,REVISAR
@user Endymion may have set the Greek Mythology and Olympic record for sleep\u002cFull of sweet dreams\u002c and health\u002c and quiet breathing. ,positive,neutral,REVISAR
Sometimes your feelings are so powerful that you don't know wh... More for Scorpio ,positive,negative,REVISAR
@user @user Tomorrow will be a year since we waited out in the sun for hours to see Ed Sheeran at jimmy kimmel ,neutral,positive,REVISAR
I\u2019m hooked on horse racing..I\u2019ve been to the Del Mar Racetrack in San Diego..and now I wanna go to the Kentucky Derby.. ,positive,neutral,REVISAR
Sang One Garth....  Well it's bulls and blood It's dust and mud It's the roar of a Sunday crowd It's the white in... ,neutral,positive,REVISAR
Bottom of the 10th\u002c 2-2 count\u002c and security hassles the John 3:16 guy behind the plate. ,negative,neutral,REVISAR
Kane really missed Eriksen today. Hardly got a sniff. Still did very well in the 2nd half. Definitely needs someone to support him ,neutral,positive,REVISAR
I went and bought an iTunes card just for Calibraska on Thursday @user @user #CalibraksaEP ,positive,neutral,REVISAR
Josh Hamilton' gonna hit a dramatic homer to clinch the second wild card over the Angels ,positive,neutral,REVISAR
"""Should've went to watch Paper Towns first, I'll just go see it tomorrow"" ",neutral,positive,REVISAR
The ONLY line I will remember tomorrow is John Kasich's dad was a mailman..... Who the hell cares?!?!? @user ,negative,neutral,REVISAR
@user were out this Tuesday after a boozey day watch the mighty #lcfc at Bolton ,neutral,positive,REVISAR
I need a Plan B for this baby bump developed yesterday.#thanksgiving ,neutral,positive,REVISAR
Fly to the Sky to go back After a Year on September 14 | Oh! Kpop stars celebrity news and gossip! ,positive,neutral,REVISAR
so evelyn is giving me until saturday to tell my parents or else she\u2019ll tell them. ugh. i just haaad to tell her.. ,neutral,negative,REVISAR
Don't miss this opportunity to participate in the next round of Center Stage tours. Nominations due November 15.... ,positive,neutral,REVISAR
Hopefully I can steal a little more from the bookies tomorrow. - Paul Dunne ,neutral,positive,REVISAR
"""TSA has recalled the air travel of the Samsung galaxy note 7. If you have this device, please step up to the security line"" ",negative,neutral,REVISAR
@user sorry @user but why should Muslims have to march? Did the Irish after IRA? No. Maybe stop bombing foreign countries for a start? ,neutral,negative,REVISAR
Blue Jays beating the angels 5-1 in the 6th. Let's go David price. ,neutral,positive,REVISAR
"""WHOA. Dana White just said that if Ronda Rousey wins tomorrow, Cyborg is next. Superfight may be just a few months away"" ",positive,neutral,REVISAR
when I go to the Foo Fighters concert in October in Atlanta I'm gonna be so sad if don't get to meet Dave Grohl somehow ,neutral,negative,REVISAR
Chinese scientists convert infectious viruses into live vaccines to tackle deadly viruses ,positive,neutral,REVISAR
Ok...that's about all I can take for today. I gotta watch sharknado in parts. I'll finish watching the rest tomorrow ,neutral,positive,REVISAR
#Fracking can bring in more jobs ,positive,negative,REVISAR
"@user We've had North Korea, Fidel Castro and neo- pagan cults. Some wags have been condemned more than others. ",neutral,negative,REVISAR
Busy day at work tomorrow. London&gt;Milan&gt;LA&gt;Doncaster  Night Twitter fans xo ,positive,neutral,REVISAR
"""The 10th hole seems to be a good birdie hole. Dustin Johnson birdies the 10th, his 1st hole to move to -1 #PGAChamp"" ",positive,neutral,REVISAR
ALARM 🔔🔔ARE RINGING ....BUT IS ANYBODY HEARING THEM !!https://t.co/rAlDifIl4V ,negative,neutral,REVISAR
Amazon prime is literally a lie....I ordered a book LAST MONDAY &amp; it still isn't here. do better @user ,negative,positive,REVISAR
It's not just for the Kim Kardashian's of the world! We have twins coming tomorrow that will be getting their... ,neutral,negative,REVISAR
"""I swear when @user Carter IV to drop on the 29th.. MUSIC artists beware. \""""you are now watching a master at work\"""""" ",positive,negative,REVISAR
@user @user @user @user many didn't vote GOP because they wanted a plan for social security and jobs. ,neutral,negative,REVISAR
.@HillaryClinton Visit us for #SmallBizSaturday and pick up our 1st #stillwithher tee unveiled at 12am!    🙌💋 ,positive,neutral,REVISAR
@user I may have an Android phone by the time I get back to school! :) ,positive,neutral,REVISAR
Shopping for the winter and it's just May. - Kanye West for President 202 ,positive,neutral,REVISAR
"If you don't take the risk, you may not experience the adventure ---Mariah Carey ",positive,negative,REVISAR
"""Meet me TONIGHT at Cultural Friday, Calle Ocho, Miami. I'm right at front of Dominoes' Park, by the Tower... ",neutral,positive,REVISAR
"""#AFailedTextFromToday """"""""You going to Soundset?""""""""-Name Withheld. """"""""Uh, Soundset was last Sunday...."""""""" Ahahahaha"" ",negative,neutral,REVISAR
Have a pesky relative that won't stop complaining about Trump? Check to see if they're registered to vote:https://t.co/ddJFVJrUZw ,neutral,negative,REVISAR
@user slide thru sometime this weekend ill have somethin yu can sip on lol gotta make a ABC run tomorrow anyway ,neutral,positive,REVISAR
"""Ed Woodward may have fucked Real Madrid over by sending the wrong file format, what a fucking man he is. Legend."" ",neutral,negative,REVISAR
Upset in the making. Murray down two sets to love to Anderson. Plus Anderson is up a break in 3rd ,neutral,positive,REVISAR
"📷 Young People’s Revolution, From Minimum Wage To Millions. ",neutral,negative,REVISAR
"""Yaaayy!! :D RT @user Kung Fu Panda 2 (in 2D & 3D, both with Indonesian subtitles) tentatively scheduled to open on Tues 16 August"" ",positive,neutral,REVISAR
"""Today: Republicans might hate Obama's health care law, but fighting the details is tough.                     ",neutral,negative,REVISAR
"""As much as I want the Devils to take their Kovalchuk cash and go after Kane, it's really not the best move for right now. 6th seed at best."" ",neutral,positive,REVISAR
"stephen colbert just called kim jong un ""kim fatty the third"" im goigng to throw up i cant stop laughing ",neutral,negative,REVISAR
"""Ah June 6! Okay, then I'll just drive directly from Berlin to Rock im Park, haha"" ",neutral,positive,REVISAR
"I don't get the speakers at 6th form, can I only play artists like Beyonce? If I don't will it be frown upon or will my phone be yanked out? ",neutral,negative,REVISAR
Radio City are gonna visit the most spookiest places in Liverpool. 1st place ANFIELD it's a bit dead in there after tonight. ,neutral,negative,REVISAR
"The alt right are nazis. Steve Bannon ran Breitbart, the platform for the alt right. Steve Bannon is in the white h… ",neutral,negative,REVISAR
Gotta get my copy of the Rolling Stone issue tomorrow and get Dez to sign it... I gotta frame it ,positive,neutral,REVISAR
"""Arr! Last Wednesday, on International Talk Like a Pirate Day, some pirates invaded Mobius for a day of Pirate Science! ",negative,neutral,REVISAR
"""ABC: Giant pandas may be cute, but it takes a lot of work to support their lives in captivity: ",neutral,positive,REVISAR
"""// -- cinema this Saturday. I would love to see Ant-Man, but he's not into Marvel like I am, so I believe I'm gonna have to give it a miss."" ",neutral,positive,REVISAR
"Pay to Play, Mr. Trump? FOR SALE - White House Cabinet Positions.  He has a history w/ Pay for Play. ",neutral,negative,REVISAR
"For any of you still looking to hit up the Tipp Co mall, it's still fairly busy. No lines, but a good crowd. ",neutral,positive,REVISAR
"Don't count the days, make the days count. -Muhammad Ali ",positive,neutral,REVISAR
Donald: Offer Hillary the SOS position to get Obama and her off your back then arrest her on January 21st. Two Leftists with one stone. ,negative,neutral,REVISAR
@user hey you better have no plans for Sep 13th!! That's when Shawn and I's comp is in Statesboro!! ,positive,neutral,REVISAR
Tony Blair the former prime minster of the UK tried to force Thom Yorke to meet him ,neutral,negative,REVISAR
My @user obsession is reaching @user '03 levels. Not in @user '99 territory yet. I bought the paperback bio for that ,positive,negative,REVISAR
for whoever wants to take me to the sam smith concert on september 30th... I'm completely available ,positive,neutral,REVISAR
Semper Entertainment brings you Nirvana: Where Time Stands Still with the BEST DJs in Metro this August 15!!! At... ,neutral,positive,REVISAR
after 8 hours of headache i'm getting my Galaxy Note 5 tomorrow.. hopefully. but more headache later when i have to deal with the cleanup... ,neutral,negative,REVISAR
@user In Trump's America he'll get a cabinet position. ,neutral,negative,REVISAR
@user No one on the Lions has gotten injured today since Leshoure! Contract extensions all around! #bam ,neutral,negative,REVISAR
Special Notice for lefties who try to watch the best show on TV\u002c Justified.  (2nd try melts tv) ,negative,positive,REVISAR
"""No white T's, No ball cap. $500 CASH to the Women in the sexiest RED dress... Raffles for Moet Rose & a pair of Red Bottoms.  September 1st"" ",positive,neutral,REVISAR
2nd successive #WT20 winner against #Pakistan in the Semi-Finals has lost the Final ,neutral,negative,REVISAR
@user @user Hinduism says vegetarianism is a noble pursuit - not a requirement. ,neutral,negative,REVISAR
@user Yakub may have been sent back by ISI with Bag full of evidence with the help of some double agents in RAW ,neutral,negative,REVISAR
I'd love your thoughts on this! ,neutral,positive,REVISAR
@user we\u2019re going to have to go see Magic Mike before the Jeff Timmons thing next Friday!! ,neutral,positive,REVISAR
"If anyone is interested, I have a pizza in the oven and the boxed set of Game Of Thrones on blu-ray #Friday #TurnDownForWhat ",positive,neutral,REVISAR
"""Is this on tv again? \""""""""@kugrlover: Most of Redskins starters will sit tonight vs Tampa Bay, but 1st OL will play as long as Beck...\"""""""""" ",neutral,positive,REVISAR
Morning all! Waking up at 1.30 to gamble may not have been the best idea. Knocked my sleep. This hour is fit for milkmen & perverts only ,negative,positive,REVISAR
How to #draintheswamp: 1. Take office. 2. Appoint swamp lobbyists & swamp kingpins. 3. Bathe in swamp together. 4. Collect cash & applause. ,neutral,negative,REVISAR
"""Kim Kardashian may be trashy, but she sure as hell is a very smart businesswoman."" ",positive,negative,REVISAR
@user @user @user @user no they didn't Tony Blair may have regretted it Labour as a party fought long and hard 4 Act ,neutral,negative,REVISAR
Ico and Shadow of the Colossus for PS4. May as well. #buildingthelist @user ,positive,neutral,REVISAR
I really wanna meet Shawn on my birthday but the only date I can try is on Tuesday when he comes to NYC ,neutral,positive,REVISAR
David Blaine's Frog Trick - Illuminati Exposed ( Satanic / Demonic Rituals) [LINK IN BIO]… ,negative,neutral,REVISAR
Anyone want to go to Jason Aldean concert with me tomorrow night? I can get two tickets for 30 a piece!!!!!!!! ,positive,neutral,REVISAR
The relationship between Real Madrid and Man United has been ruined after the David De Gea transfer breakdown last Monday. [marca] ,negative,neutral,REVISAR
Zac Efron Dave Franco Channing Tatum Matt bomerZayn ,neutral,positive,REVISAR
"@user  Hi i have heard that they said MCPE update 0,12,0/0,12,1 will come today 29 august to ios but i cant see that there is the update:) ",positive,neutral,REVISAR
Chuck Norris wears sun glasses to protect the sun from his eyes. ,positive,neutral,REVISAR
"""Hulk Hogan may have been kicked out of WWE......but what about that masked man """"Mr. America""""???? @user ",neutral,negative,REVISAR
@user Photo was from Jan-15 after Charlie Hebdo attack. You may want to delete that tweet.... ,negative,neutral,REVISAR
"""Just seen a video of George Osborne which may well have been fascinating but I came away thinking """"he needs a lighter shade of hair dye"""""" ",positive,negative,REVISAR
"""Wildcat Football v Lloyd at home tonight at 7:30. Be there for Friday Night Lights &amp; stay for 5th Q afterwards with laser tag, joust, &amp; more"" ",neutral,positive,REVISAR
I agree. Many people also think homeopathy is good. It is just that the evidence for benefits of UK immigration  is… ,neutral,negative,REVISAR
@user we put a 2nd team out and get beat and you go #Rafa ... Behave Ben !! You sound like a wool calling for Rafa ,neutral,positive,REVISAR
"@user @user and he is paid reasonably well above the minimum wage. He doesn't have to pay for rent, water, or elec. ",neutral,negative,REVISAR
"""Goodnight,Irene.Al,you are easily amused. This club stinks.I think that the Brewers may upset the apple cart and win the NL pennant."" ",negative,positive,REVISAR
Carly Fiorina may not be joining the next debate - Carly Fiorina may not be considered to join the next debate due... ,neutral,positive,REVISAR
Katy Perry -Last friday night just came on the music video channel. Is this a sign or something ,neutral,positive,REVISAR
"@user @user @user No, just went kaput! PS4 ones may be lighter, but less prone to fried circuits."" ",neutral,negative,REVISAR
FYF Fest: Kanye West saves the day after Frank Ocean cancels: Kanye West was just a few songs into his headlining set at Saturday's o... ,positive,neutral,REVISAR
@user Foo Fighters counterprotested the Westboro Baptist idiots before their concert in KC Friday night. Genius ,neutral,positive,REVISAR
Beyond Obama\u2019s Hope: the work of Shepard Fairey ,neutral,negative,REVISAR
will testdrive the new Nokia N9 phone with our newest app starting on Thursday :-) ,neutral,positive,REVISAR
"""Threw her off....I may listen to all my gangsta shit out and about... but when Im in my room its all Last Poets, War, Gil Scott, and Curtis"" ",neutral,negative,REVISAR
"""Yesterday is the day the atomic bomb in Japan.  I embarrassed as a Japanese, was a moment of silence for the first time."" ",negative,positive,REVISAR
When you are at home it is more likely that you have an Apple Watch on your wrists than a iPhone in your pocket. ,neutral,positive,REVISAR
What I like about November is Thanksgiving\u002c the Cowboys game\u002c UT game :D but NOT Black Friday. -__- ,positive,neutral,REVISAR
@user @user Murray I think today you gotta take an L and come back stronger tomorrow ,positive,neutral,REVISAR
Wish I could be at the Zac Brown Band concert tonight but my boss wouldn't give me the day off tomorrow! Labor day means work day at Walmart ,neutral,positive,REVISAR
@user I truly don't think she'll win; she may not even be the nominee. Voting for Bernie as of now..perhaps John Kasich ,neutral,negative,REVISAR
"""Alawites, Shias, Christians, Yezidis, etc  the true victims of the middle east.  may Allah protect them &lt;3"" ",neutral,negative,REVISAR
Pics from @user on the Interview by #HollywoodLivetoday about #Homewalk and more! #ThisIsUs ,positive,neutral,REVISAR
"@user I want her so bad...... ohhh, in Melodifestivalen you mean? Yes yes, but that will never happen. Netherlands was 15th :')"" ",positive,negative,REVISAR
"""It's Saturday in the Bay and our shop is open from 10am till 2pm. Our amazing intern, Melissa is @ Art Park ",neutral,positive,REVISAR
"""Remember Sunday its the Enlighten Adelaide festival, Callington Show - Callington A&H Society Inc. and Mitcham... ",neutral,positive,REVISAR
"""Darkness is good. Dick Cheney, Darth Vader, Satan. That's power."" —chief Trump strategist Steve Bannon, in a post-election interview ",neutral,negative,REVISAR
cc @user Just a note about one troll. ,negative,neutral,REVISAR
@user update: Zac Efron kissing a puppy ,positive,neutral,REVISAR
Anyone know what the weather on top of Mount Snowdon's going to be like on Saturday? @user ,neutral,positive,REVISAR
"@user ""For a limited time""   What about an eternally lasting NO &amp; plz shove Cortana where the sun doesn't shine ",negative,neutral,REVISAR
Come on @user let's not give up on finishing 3rd for the Europa league ,positive,negative,REVISAR
#CD #Musics Ariana Grande Sweet Like Candy 3.4 oz 100 ML Sealed In Box 100% Authenic New ,positive,neutral,REVISAR
Maths topic test better be on Thursday or I\u2019ll be so angry at the teacher. ,negative,neutral,REVISAR
"Ahead of today's Seoul protest, N Korean defectors worry S Korean political crisis may be a boost for Kim Jong-un ",neutral,negative,REVISAR
@user pancakes at iHop with a 12 year old and commitment renewal tomorrow....Sunday slug day. ,neutral,positive,REVISAR
The dude with the Bentley but still does alternate side parking on 2nd Street ,negative,neutral,REVISAR
Watching Sharknado is the only call with #Sharknado3 coming tomorrow ,neutral,positive,REVISAR
"""I'll be turning 25 tomorrow. All I want is Crawfish, Coffee & Community. Amen"" ",neutral,positive,REVISAR
Kesha reminds me of 6th grade when all the little ratchets would tease their hair and wear neon colors lmao ,neutral,positive,REVISAR
I'm in shock that Tegan is going training tomorrow ,negative,neutral,REVISAR
Tim Duncan got ejected for laughing once. Steph got ejected for throwing a mouth piece. Boogie gets ejected for breathing. None for Beal? ,negative,neutral,REVISAR
Local Native Americans protested the Dakota Access Pipeline at Panorama Bluffs on Thursday. ,negative,neutral,REVISAR
@user Oracle DID NOT bring us Java.  Sun (and James Gosling) brought us Java.  Oracle was just responsible for crapifying it. ,negative,neutral,REVISAR
"""See baby photos of Blue Ivy Carter, the daughter of Beyonce and Jay-Z,"" - Huffington Post ",neutral,positive,REVISAR
"""46 yr old vet Serafim Todorov, the last man to beat Floyd Mayweather, makes his return to the ring on Sun. Will fight on card in Bulgaria"" ",positive,neutral,REVISAR
"im like a hawaiian roll still in the bag because your mom won't let you open it because ""they for thanksgiving"" ",neutral,negative,REVISAR
@user - All about opinions but Osman only played 45 mins on Wed too. Coleman not as good defensively as Hib or Nev. ,negative,neutral,REVISAR
"Marion Maréchal-Le Pen, niece of FN president Marine Le Pen, met Poklonskaya at Russia's State Duma and was invited… ",positive,neutral,REVISAR
If you even remotely support anything Kanye West says I will say a prayer on Sunday for you and your ignorance ,negative,neutral,REVISAR
What? Randall's heart was broken on Thanksgiving??? Why?!!! 😩😢😭 #ThisIsUs ,neutral,negative,REVISAR
@user May you please do a video on how to fight like Bruce lee and chuck Norris ,positive,neutral,REVISAR
#LRT My mom just called to razz me about not inviting her to help decorate the Pride Parade float I'm going to be in tomorrow. ,neutral,positive,REVISAR
Just shut-up already... ur just talking to make news tomorrow...what a fool!!!! Kanye West... #bro #VMAs2015 ,negative,neutral,REVISAR
"RT @user @user The 1st gay president AND the 1st Dope Head President Can't wait for photo of him sucking on a doogie"" ",negative,positive,REVISAR
I think some spurs may just be 0 betraying the abilities of Charlie Austin. We need a different option upfront. Too much like Kane #THFC ,positive,negative,REVISAR
"@user at metlife, they started later. around 8:45 i think. it was after the sun set ",positive,neutral,REVISAR
@user I was supposed to go to the 30 Rock on Monday so I could buy some NBC stuff\u002c but my brothers were tired and we had to go home :( ,negative,neutral,REVISAR
@user I think I'm gonna go with Brown I hate going with players on Thursday even though I'm going with Vincent Jackson ,neutral,positive,REVISAR
@user I'm talking about what happened between Hyung Jun and U-KISS. Some KissMe accuse us of disrespectful ,negative,neutral,REVISAR
Where's the best place to buy a @user jersey?? @user @user @user @user ,neutral,positive,REVISAR
"@user I thought I'd go to 17 rehearsals, and squeeze in ABC Sunday live with Rebecca Chan and Kristian Chong."" ",positive,neutral,REVISAR
"""Managed to snag a RIH test press along with the new 7\"""""""". Woop. Come see them in Margate this Sunday"" ",neutral,positive,REVISAR
@user Of course it is. #ScreamQueens ,neutral,positive,REVISAR
@user this kid from work is going to Belgium for tomorrow land ,neutral,positive,REVISAR
I never tire of learning of new #deepsea #creatures. Could #extraterrestrial oceans harbour such denizens? ,positive,negative,REVISAR
.@realDonaldTrump directly addressing American people. Info on @user website and news. [VIDEO] ,neutral,negative,REVISAR
"Samsung Galaxy Note 4 got its last firmware update in April and it wasn't version 5.1.1. Today, nearly 5 months... ",positive,neutral,REVISAR
see that dustin johnson is a co-leader right now. will take him serious if he is in top 3 on the final 9 sunday #pgachampionship ,positive,neutral,REVISAR
The day after Labor Day is just a Monday that's lying about being Tuesday. ,neutral,negative,REVISAR
The fact that after I tweeted that\u002c Max the dog sat on my cold left-out foot... ,neutral,negative,REVISAR
"""Well, I guess this is the last Monday I can blame Gin Mill for my hangover."" ",neutral,negative,REVISAR
@user how excited i was because dec 9th i was going to see Asking Alexndria\u002c SS and MMF but i came home and found out what ,negative,positive,REVISAR
@user WAIT WHAT?!?! SCOTUS makes laws!?!? since when? have i been lied to my entire 8th grade year about gov? (sarcasm intended) ,neutral,negative,REVISAR
Fantastic Pokemon and where to find them @user @user @user @user #Pokemon #FantasticBeasts #JKRowling… ,positive,neutral,REVISAR
"""Come celebrate Gaybor Day weekend with me tomorrow at The Roar Room for Gay Night if you enjoy comedy, dance... ",neutral,positive,REVISAR
Ed Sheeran fucking loves Minnesota tho by the end of his Taylor swift concert\u002c it will be his 7th time performing here\u002c 4 of them in 1 year ,positive,negative,REVISAR
"Details of the ""LORD of VERMILION Re:3 x Persona 5"" collab. ""Phantom Campaign"" will be announced on a Nov. 30 live… ",positive,neutral,REVISAR
these old Cubs fans talking about the city's championship is making me rethink having childrenneed one to weep for me when the Phins win ,neutral,negative,REVISAR
This Saturday... I am there with Younique.. and also.. Allthe Rayge .. enter in to win the raffle to win a free... ,neutral,positive,REVISAR
Why wait for the videos when you can come see duels official live tomorrow? I may have vodka on my person too! Ha ,neutral,positive,REVISAR
Last Saturday\u002c your PHBmates in Cebu\u002c all performed some of Britney\u2019s Hits! Basing on this picture\u002c you\u2019ll have... ,neutral,positive,REVISAR
I didn't watch Sharknado 3 because I never saw the 2nd movie and thought I'd be lost. ,neutral,negative,REVISAR
I cant hire the Honey Badger to mow my lawn now...but sounds like he may be better suited to be a weed eater. ,neutral,negative,REVISAR
"""Friday morn #edurebelplaylist  is all about """"""""Good Riddance"""""""" by Green Day. Adieu. @user @user @user @user ",neutral,positive,REVISAR
"@user @user as per record, Rahul gandhi is wrong. May got record corrected and present it before India."" ",neutral,negative,REVISAR
They should just say fuck Chris Tucker and make another Friday with Ice Cube's son and DC Young Fly ,neutral,negative,REVISAR
"""I hope you never experience those type of Christians. For me, in God I am strong enough, I can deal with it, may be you wouldn't be able to."" ",neutral,negative,REVISAR
"@user But in the opinion of RMS, it is like vegetarianism. You either are a vegetarian or not. ",neutral,negative,REVISAR
"""Can Bernie Sanders really beat Hillary Clinton in Iowa?"" Excellent summary of the Sanders campaign. ",neutral,positive,REVISAR
@user Really? I just got Medicaid and don't have to pay shit! I had $10k in hospital bills and paid nothing ,positive,negative,REVISAR
"""You want to see wrestling in Binghamton NY, then get your tickets for this Saturday as 2CW returns to the American Legion Post 80. #Iam2CW"" ",neutral,positive,REVISAR
Please!!! Watch Fox News 9pm central tonight (Friday) to see what Planned Parenthood is doing with with Millions of our  tax dollars. ,negative,positive,REVISAR
Kyle Seager hits solo HR in the 6th! M's take 1-0 lead over the White Sox. ,positive,neutral,REVISAR
Since everybody telling me I can\u2019t be a urban model+walk the run ways in Paris! Then imma be the 1st to do it and prove em wrong ,neutral,negative,REVISAR
@user @user @user @user @user yes I know but Comey should be pressured for further explanation about letter . ,negative,neutral,REVISAR
Oh yea\u002c we heard bout y\u2019all Senior Skip Day Friday... We ain\u2019t report it cause y\u2019all ain\u2019t play nobody but Brookwood. ,neutral,negative,REVISAR
New Release September 9th which is the prequel to Complicated Love Affairs by Yolanda Dumas available on Amazon. ,neutral,positive,REVISAR
The latest one hundred people you should know! Thanks to @user @user @user #chile #isis ,neutral,positive,REVISAR
@user Hellyeaa ahaha\u002c One of the 1st streets on Niggas ! ,positive,neutral,REVISAR
Paul Dunne may be the solo leader very soon.... ,neutral,positive,REVISAR
"""Momma cried during the #SFGiants pre-game ceremony when they declared June 13th """"""""Matt Cain Day"""""""". I havent met anyone more emotional than her"" ",negative,neutral,REVISAR
"@user No gold standard can support the needs of a modern monetary economy. This ""intrinsic value"" you speak of is arbitrary. ",neutral,negative,REVISAR
"@user @user Dec 19th, throw all the bums out. It was rigged. Voter suppression, ballot box tampering & foreign interference & more💙 ",neutral,negative,REVISAR
"""Finally, on the 5th attempt, Anderson wins the second set 6-3, serving his 12th ace for the match to lead 2 sets to love against Murray."" ",neutral,positive,REVISAR
"""I\u2019m such a groupie...just watched the \""""""""Ni**as In Paris\"""""""" video---> 1st thing I said was...\""""""""I just ordered that snapback Jay is wearing!!!"" ",neutral,negative,REVISAR
"@user As a high school quarterback, Kim Jong-un once threw an interception to himself and returned it for a touchdown ",neutral,negative,REVISAR
Anybody selling a pair of Jason Aldean tickets for the 19th at @user My girl @user needs some!! @user ,neutral,positive,REVISAR
"""Wichita St is just a team full of corncobs. Also\u002c if they play \""""""""We Ready\"""""""" today\u002c place will explode. #shakeandbakejays #BOOTSTOASSES"" ",positive,negative,REVISAR
We just got an email warning us that THE POPE IS COMING in two weeks. The next email said that BIEBER IS COMING tomorrow. ACK. ,negative,positive,REVISAR
lmao I forgot to workout tonight. ehh I'll just watch Naruto and workout tomorrow night ,neutral,positive,REVISAR
Trump Supporters’ favorite. Ben Carson Formally Offered Cabinet Position By President-Elect.  Die Hard Trump... s. ,neutral,negative,REVISAR
"""Hey Minnesota, Wisconsin or Iowa....we're wide open on August 19th & 20th on the route back from Minneapolis.  If... ",positive,neutral,REVISAR
"Enjoying how the Jay-Z vs. Abdel Halim Hafez lawsuit forces serious newspapers to put ""Big Pimpin'"" in headlines. ",positive,neutral,REVISAR
Hope Paul Dunne's boss lets him have tomorrow off for the final round. #TheOpen ,neutral,positive,REVISAR
Our setup for the very 1st series of Big Brother when @user &amp; @user were in charge! #ThrowbackThursday ,neutral,positive,REVISAR
@user she'd claimed Thomistic view of ensoulment showed church's oppositon to abortion is recent develpmnt & Benedict wasn't having it ,neutral,negative,REVISAR
@user which 3rd place Big Brother Contestant deserved to win their respective season the most? ,neutral,positive,REVISAR
The #Bullshifter: Saw my father march with Martin Luther King then: did not see it w/ my own eyes. ,neutral,positive,REVISAR
"""We could do a WALL of solar panels on the border> BOOM> Mexican Sun God pays for it.""  #TrumpNarratesPlanetEarth ",negative,neutral,REVISAR
I just want Friday to get here already! I'm buying Resident Evil Operation Raccoon City! ;D ,positive,neutral,REVISAR
@user then you would be so good that they would ask you to be there 5th member and you would mend there broken hearts after Zayn left ,neutral,positive,REVISAR
"""Excellent FREE program on Sun., 1/10 at @user -- he's been to Iran (and 110 other countries). #RiverForest ",positive,neutral,REVISAR
@user You're not coming here The week of feb 16th are you? I'll be in oklahoma so I don't want to miss you guys :( ,negative,positive,REVISAR
Remarkable Honda may leave milan - if he chose Lazio instead he may still have been playing football #Lazio #wrongchoice #SerieA ,negative,neutral,REVISAR
5 days not 5 games. @user  @user  ,neutral,negative,REVISAR
I think we may have just found out the reason he plays Carrick at centre half when we have no one else #lackofexperienceshows ,negative,neutral,REVISAR
@user play the multiplayer mode. Then pick up and play the rrmastered Uncharted 1-3 for the PS4. Release date is October 6 I think. ,positive,neutral,REVISAR
"I sat down at IHOP ready to order, dom &amp; Joyce weren't ready and I said ""ya know we all can't live life in the fast line"" ",neutral,positive,REVISAR
James Franklin was absolutely right when he said the team wasn't bowl-eligible despite sanctions being lifted. They may not get there. ,positive,negative,REVISAR
So this is what happened in the comic...😁😁 #TheWalkingDead The amount of cringe has blew me off this planet😷… ,positive,negative,REVISAR
"@user have Kerry ever gone down this road, Dara sat out a semi, and Donaghy didn't appeal a red from the Cork game when Lynch did? ",positive,neutral,REVISAR
Been following Naruto since I was in the 4th grade. I remember rushing to the TV Saturday night to watch it at 9 pm on Toonami. ,positive,neutral,REVISAR
"@user @user Reset the criteria - make it FAIR.  Let Carly  Fiorina debate on """"Main Stage"""" on September 16th #Carly2016 @user ",negative,positive,REVISAR
I will be at the famous Bentley's saloon in Arundel Maine tomorrow night from 7 to 11 and it's also prime rib night ,neutral,positive,REVISAR
Nope. Look at the SCOTUS rulings on the motto. They call it ceremonial *deism*. It's not reaffirming Christianity. ,neutral,negative,REVISAR
Watching #MichaelMoore in #Trumpland. #resist #protest #trump ,neutral,negative,REVISAR
"""On Wednesday its my birthday, and i'm gonna probably spend this day alone in my bed watching Netflix, sad life #VideoMTV2015 Justin Bieber"" ",neutral,positive,REVISAR
"BERLIN, Aug 30 (Reuters) - Manchester City made it four wins in a row this season in the Premier League while Italy's Juventus recorded ",positive,neutral,REVISAR
"@user you got it, brother! Tune in Sunday to @user where I think the Undertaker gets revenge on the beast Brock Lesnar!"" ",positive,neutral,REVISAR
Not the same digest in relation to the google android wafer other self january complement other self: ivsH ,positive,neutral,REVISAR
6 people left in the world and one of them is bill Murray ...there\u2019s only 5 people .....who\u2019s the 6th??? ,neutral,negative,REVISAR
@user I just got two at zumiez &amp; I'm so sad bc it's hot as fuck. Like Labor Day means summer is over the sun needs to chill ,positive,negative,REVISAR
A Very Scientific Analysis Of Melania Trump's 'Plagiarised' Speech ,neutral,negative,REVISAR
"Looks like I have a 1/3 shot at getting tickets to the Pope's Mass. So if anyone isn't busy at 12EST tomorrow, I'd appreciate some help. ",positive,neutral,REVISAR
@user last hour of the Chris Evans show BBC R2 from 8am Tuesday if you haven't got it indexed.Not so sure about international lnk ,positive,neutral,REVISAR
Rahul Gandhi talking about politics and policies is like studying for CAT from a 2nd grade teacher. @user  #FakeIntolerance ,negative,neutral,REVISAR
YOURNEWSTOUR: EU Declare &#8216;War&#8217; On Russia &#8211; Putin Issues Statement: ,neutral,negative,REVISAR
"Sorry, billionaires! Might have to go all the way to SCOTUS. Pro tip: Try FULLY FUNDING your projects next time.  ",neutral,negative,REVISAR
"""#TimPeake is now listening to Lady Gaga, but it's not on his playlist. Must be pick of another astronaut? ",neutral,negative,REVISAR
Love it - George Osborne ruined my yoga retreat ,neutral,positive,REVISAR
@user why have Hammond and may been verified but not you? #wtf ,neutral,negative,REVISAR
Remember\u002c 1 November is the Solemnity of #AllSaints: a holy day of obligation.  Be sure you assist at Mass or it\u2019s a mortal sin. #Catholic ,neutral,positive,REVISAR
It's Thursday so a new Naruto comes on today!...but it's only a filler ,neutral,positive,REVISAR
SOMA in Google Earth VR. This place is growing ,neutral,positive,REVISAR
@user @user My list: 1)Only Dems run in Dem primaries 2)Only Dems vote in Dem primaries 3)No caucuses 4)end Electoral College 5) >VRA ,neutral,negative,REVISAR
This episode of #thisisus..... ,neutral,positive,REVISAR
Just informed my mother of the fact that I'm skipping school tomorrow to binge watch Vampire Diaries ,neutral,positive,REVISAR
Ok guys. Hate on SJP all you want\u002c just remember\u002c you have school tomorrow. #havefun ,positive,negative,REVISAR
CNN Revises Debate Criteria In Possible Boost To Carly Fiorina: CNN announced on Tuesday that it would change ... ,positive,neutral,REVISAR
Putin and Obama exchange awkward handshake at Peru summit@MailOnline video ,neutral,negative,REVISAR
@user It was not until the IRA took the troubles from Belfast to the City of London that we really sat down with Sinn Fein . . . ,neutral,negative,REVISAR
"@user PROSECUTE GEORGE SOROS IN 2017, for interstate funding of groups to invite violence and violence. Title 18 U.S. Code § 2101 ",negative,neutral,REVISAR
Sherman or Harper: Who knows the strike zone better? My column: ,positive,neutral,REVISAR
The Devil Inside with @user We may die. ,negative,neutral,REVISAR
"""I sent that message on Saturday, you saw it and now you reply? Great one Curtis you asshole"" ",negative,positive,REVISAR
Aug 30 | Join Councilman Franklin at the Dist 9 5th Prince George's County Family &amp; Friends Day ,neutral,positive,REVISAR
"""How Mothers Day is renowned: Online Floral Mothers Day, also known as Mothering Sunday is notable on the fourth ... ",neutral,positive,REVISAR
Zac Efron & Seth Rogen Both Have Abs -- Kinda -- In First Official Neighbors 2 #ZacEfron ,positive,neutral,REVISAR
@user @user But a vital point is that rightists seem to believe them easily; liberals don't. ,neutral,negative,REVISAR
@user 's coolness @ Barcelona fans #homophobic slurs proves that he's a legend! #Bully @user ,positive,negative,REVISAR
Murray will get to watch the second half of Scotland v Germany. Get him pumped for his own battle.  ,positive,neutral,REVISAR
Ghost Rider 2 is out on Monday. Ignore it. ,negative,neutral,REVISAR
"""GUYS there's a chance I might go back to the stadium where WWAT was in, next saturday! It's not confirmed yet but I hope I can go!"" ",positive,neutral,REVISAR
Pope Francis has declined to answer four cardinals’ ‘doubts’ about his teaching on marriage. The Church is now in... ,negative,neutral,REVISAR
Mysoginists\u002c if you Rush into sex\u002c in Limbaugh of true love\u002c you may end up with a Fluke pregnancy\u002c your footsteps in the Sandra\u002c alone. ,neutral,positive,REVISAR
Tough one tonight for the boys.  Played hard but came up short with a 4-1 loss with an ENG.  Davies scored the lone goal.  La Ronge tomorrow ,negative,positive,REVISAR
If everyone got over themselves and signed up for obamacare wouldn't it work and be cheaper??? (Actual question) ,neutral,negative,REVISAR
#FF @user @user and last but definitely not least @user these are my people! #TheWalkingDead ,positive,negative,REVISAR
"@user Donald trump said the same thing about the tax rate.  Fact check said he was a liar ""pant of fire""   ",neutral,negative,REVISAR
May God protect and guide our Nigerian army in fighting against the Boko Haram where is ex president GEJ with his fake Army to see. ,neutral,negative,REVISAR
Seinfeld may be the only thing I care about anymore ,positive,negative,REVISAR
HOW DEEP IS YOUR LOVE by BEE GEES was no.3 in the UK charts on 10 December 1977 ,neutral,positive,REVISAR
So I'm mostly likely going to see Justin on Thursday and I feel like I'm gonna throw up cause I'm so nervous. I'm not meeting him tho :( ,neutral,negative,REVISAR
"@user What did you say to Tony Blair to make him tell you to sit down and stop being bad, may I ask? Found it funny, is all."" ",positive,negative,REVISAR
Anyone down to pregame before the Obama speech tomorrow @user @user @user ,positive,neutral,REVISAR
I would LOVE to give Grayson Allen a fake number ,negative,positive,REVISAR
"@user Hey there Justin, may I know which console you're trying to play on? ^EY ",positive,neutral,REVISAR
"@user With this sweet and sudden u-turn frin Israel, don't we all understand how the term """"doenmeah"""" was coined in the 1st place?"" ",positive,negative,REVISAR
Ancelotti may want 2 consider keeping it schtum about di Maria after spending more 2 replace him with a vastly inferior model..pun intended ,positive,neutral,REVISAR
Is anyone checking out the New Batman: Rises movie showing tonight by USG at 6 and then the Octoberfest tomorrow night. ,neutral,positive,REVISAR
"""Now that Dustin Johnson's inevitable major Sunday debacle is over, does he go -8 tomorrow since it's Monday?"" ",negative,neutral,REVISAR
"Those criticizing her for the ""I thought I was the only one allowed to **** Verlander"" need to find a hobby, and maybe a job. ",neutral,negative,REVISAR
Goodluck Jonathan fought Boko Haram and at the same time transformed the Economy .. @user fumbles &amp; wobbles ... ,neutral,negative,REVISAR
@user your going to Indianapolis Sunday for the Colts game?!?! ,neutral,positive,REVISAR
@user @user @user @user @user @user @user Watch Melo put that giant tattooed COCK in ya asses tmr. ,negative,neutral,REVISAR
I am going to see Equalizer tomorrow. ,neutral,positive,REVISAR
See how Uber drivers use weteak's software to track income and manage expenses! ,positive,neutral,REVISAR
Very quiet story-wise this morning. My only emails have been about my Yammer activity & an alert about PJ Harvey tickets going on sale. ,neutral,positive,REVISAR
@user Merry Mart Sun is at the Creative Alliance! ,neutral,positive,REVISAR
@user You will fit in with steve bannon and all of trumps true patriots. ! ,positive,negative,REVISAR
The latest The Pink Sugar Miami Daily! Thanks to @user #trumptransitionteam ,neutral,positive,REVISAR
RT @user Astonishing! Police raid Milan offices of Standard & Poor's || Did u see this? This is the 1st time I have! ,positive,negative,REVISAR
Oscar-winning actress Cate Blanchett may soon be joining the Marvel universe as she is in talks to star in the upcoming film #ThorRagnarok ,neutral,positive,REVISAR
@user @user we shootin the video next tuesday at Club Crucial we need you to come DJ Blakboy ,neutral,positive,REVISAR
Getting you into that thursday/almost friday mood......Np: Strawberry Swing - Frank Ocean  #StrictlySoul with @user ,neutral,positive,REVISAR
#TheWalkingDead Favorites @user and Greg Nicotero Turn Zombie Appetite Into Upscale Restaurant… ,positive,neutral,REVISAR
Eamonn Holmes has dropped the biggest hint yet that he's going into the Celebrity Big Brother house on Thursday.... ,negative,neutral,REVISAR
What would The [un] @user & Conservatives say if @user or @user did a secret deal to give $300miln to WA? #auspol ,negative,neutral,REVISAR
"""#Superdeporte: Giannelli Imbula not impressing at Porto. The Portuguese club may consider a sale. Milan in the front, but also Valencia."" ",negative,neutral,REVISAR
Meatless Monday is promoted by Paul McCartney for ppl to give up meat one day a week. ,neutral,positive,REVISAR
"@user With rules and taxes Rose. Imagine, just imagine the moral outrage if we told Muslims now, you may practice your faith,"" ",neutral,negative,REVISAR
Controversial spiritual leader Sat Guru Maharaj Ji has advised President Buhari to use traditional means to tackle the Boko Haram insurgency ,neutral,negative,REVISAR
Janet Jackson led the stars who gave special tribute for Aaliyah's 14th death anniversary on Tuesday. Read more... ,positive,neutral,REVISAR
"Be fair, Cde. It's like the way my Arsenal will viciously fight any team that tries to come 4th. It's our spot.  ",neutral,positive,REVISAR
Bernie Sanders joined a picket line in the sun &amp; after gave a 3hr speech. I'm significantly younger &amp; exhausted from putting groceries away. ,positive,neutral,REVISAR
"If Amazon Prime Day is ""better than Black Friday"" then I'm going to sleep in!  Should have been called Amazon Garage Sale Day! ",negative,positive,REVISAR
@user Can you tell me when an update for the Apple TV 3rd gen becomes available? The missing update holds me back from buying #appletv3 ,positive,neutral,REVISAR
Dinner tonight at the corner of Mass Ave and Alabama from 5pm-8pm!! See you all there!! Don't forget to try the  #Lulu!! #getyourfix ,neutral,positive,REVISAR
Most common nights to order pizza: NYE\u002c Jan 1\u002c day before Thanksgiving\u002c Super Bowl Sunday\u002c Halloween. ,neutral,positive,REVISAR
"@user @user Mitt, Hillary and Obama- Comey, and many more ",neutral,negative,REVISAR
Hillary won popular vote by 2million. No Trump mandate. Beat Bernie sans Super Delgates @user @user @user ,neutral,negative,REVISAR
Obama was given the Nobel Prize on entry into the White House;Angela Merkel may well get at the exit point- for service to 'refugees'.PEACE ,positive,neutral,REVISAR
PSA: Since I got my cast off\u002c I will be taking my 2K talents to the Playstation Network and asking for names to play me Saturday morning! ,neutral,positive,REVISAR
#Hamas leader says '#Trump may be a Jew’   “.. the most important thing in the Jewish rel… ,neutral,negative,REVISAR
A need to be in Edinburgh/Murry Park in the next hour to start the set up for Foo Fighters tomorrow but am still in bed so that won't happen ,negative,positive,REVISAR
@user @user really ?? do slaves have a proof ?? video may be ?? or is it just another Sonia / Rahul Gandhi words ?? ,neutral,negative,REVISAR
Sat in Starbucks listening to two transgender Americas talk about Caitlyn Jenner. As you can imagine it's interesting. ,positive,neutral,REVISAR
"""We're not dead yet, just busy setting up Figments Media. We promise to have an update sometime Monday, do you want MK or Star Wars Weekends?"" ",positive,negative,REVISAR
Indian Air Force may not go with Israel a second time ,negative,neutral,REVISAR
"""Just got the call the magazine is ready for pickup get your copy at the \""""""""Hands That Heal Fashion Show\"""""""" Nov 4th Mr. Reggie 404-246-9582"" ",neutral,positive,REVISAR
@user can\u2019t open the link\u002c is it ferry Corsten in December? ,negative,neutral,REVISAR
Well with Zayn joining ISIS it is hard to maintain their family friendly image. ,negative,neutral,REVISAR
"""While the news channels divulge on the prospect of postponing the hanging of Yakub, the proceedings may very well have begun by now."" ",neutral,negative,REVISAR
@user & @user are so terrific on this show 😁😁 #ScreamQueens ,positive,negative,REVISAR
Hard day looking forward to my tea now may have to call in to an irlam takeaway #memories ,negative,positive,REVISAR
wait if the power is out tomorrow then i\u2019m going to miss a new how i met your mother\u002c NOOOOOOOOO ,negative,positive,REVISAR
@user I just googled it haha Catelynn and Tyler met first and butch and April have been married but they got divorced ,neutral,negative,REVISAR
"@user @user Has anyone actually seen this gun used for ""pest control""? Animal cruelty?  Wait till you see this thing in action. ",negative,neutral,REVISAR
"""Want to go the cinema on my day off tomorrow, but Inside Out or Ant-Man? Will IO be full of kids? So torn right now."" ",neutral,positive,REVISAR
@user Tate loses to Rousey for a 3rd time. what does she do? Keep beating contenders and earn a 4th shot nobody wants to watch ,negative,neutral,REVISAR
"""New review tomorrow, this time I check out Ed Hunter, that's right the game based on Iron Maiden \,,/"" ",neutral,positive,REVISAR
The Undertaker showed up on Monday Night RAW with a message for Brock Lesnar. ,neutral,positive,REVISAR
"""Hafta 96: #NabhaJailbreak, Congress's Twitter handle hacked and Fidel Castro | Newslaundry"" ",neutral,negative,REVISAR
We tallied up the votes and are announcing the winners for Calling All Communities! Tune in on Nov 1st at 11am (CST) ,neutral,positive,REVISAR
@user i dont understand this HATE thing cos in the 1st place KPOP is different from 1D tbh way different lol ,neutral,negative,REVISAR
Auzzie is really proud of being the 2nd person to comment on zayn's nipples when that cover came out lol ,neutral,positive,REVISAR
@user off to Ronnies Sat night to see Curtis you going ? ,neutral,positive,REVISAR
Redheads at cancer risk regardless of sun exposure: study:  PARIS (AFP) - People with pale skin and ... #WeLoveThai ,negative,neutral,REVISAR
@user you need to go in February during Mardis Gras week.  No crowds\u002c beautiful weather! ,positive,neutral,REVISAR
Kim Kardashian's Makeup Artist Mario Dedivanovic Reveals His Drugstore Beauty Faves: Makeup artist Mario Dedivanovic (whom you may kn... ,neutral,negative,REVISAR
Juventus could close the deal for Draxler tonight or tomorrow. Juve &amp; Schalke will now talk about the method of payment. [Di Marzio] ,positive,neutral,REVISAR
"Witness the impossible. The Hoverboard is about to become a reality. On the 5th of August 2015, Lexus will unveil... ",positive,neutral,REVISAR
I've been home for an hour and my dad is midway through explaining Trump's little known connection to  Mikheil Saakashvili ,neutral,negative,REVISAR
Sunday Brunch: Thanksgiving Leftovers Eggs Benedict: Editor's note: Each Saturday morning we bring you a Sunday ... ,neutral,positive,REVISAR
So gutted I can't see Fort Minor in London on the 8th as I'm already seeing Foo Fighters :-( ,negative,positive,REVISAR
Steve Bannon’s first pick for president wasn't Trump — it was Palin via @user | Getty ,neutral,negative,REVISAR
Happy funeral to all Liam's girls.AMÈM LIAM PAYNE #MtvStarsNiallHoran #MPN #OneDirection ,neutral,positive,REVISAR
#usatoday First-place Mets may get their best hitter back: David Wright went 1-for-3 with ... #sports #sportsnews ,positive,neutral,REVISAR
Kanye West won the VMA for longest prez announcement ever #skimmlife via @user ,neutral,positive,REVISAR
I am still yet to see Zayn's full fledged smile with his tongue between his teeth after March :( #ZquadWantsZaynToSmile ,neutral,positive,REVISAR
@user ~ followed him up the golden staircase to their throne. He sat down with Sif at his side. Thor and Jane standing on the ~ ,neutral,positive,REVISAR
"@user I bet the BBC chose the 'Celebrity' 1st, the City that was Blitzed was then matched up ",neutral,negative,REVISAR
Imma get the full Star Wars saga bundle on PS4 today for the lil guys birthday this Friday. ,neutral,positive,REVISAR
@user in light of the voter suppression & the corrupt conflict of interest U have to vote @user ,neutral,negative,REVISAR
"""We may not all trust in Donald Trump. But he is the only choice we have to #MakeAmericaGreatAgain. We have to take a stand."" #Trump2016 ",positive,negative,REVISAR
Someone has to buy me tickets to go see Justin bieber for my 25th. You just have to ,neutral,positive,REVISAR
Damn Foo Fighters and #RickRoll still in my news feed. Now the 2nd night in a row I go to bed with that song in my head. On loop for 7 hrs. ,negative,positive,REVISAR
"#ISIS claims Iraq car-bombing, at least 73 killed. ",neutral,negative,REVISAR
"Labor Day may be past, but we still have plenty of grilling weather ahead.  One of the many joys of living in... ",neutral,positive,REVISAR
Maybe I'll just draw Iron Maiden fan art the rest of the night. Wouldn't be the 1st time. ,neutral,positive,REVISAR
A rally 3 years ago at the Capital. Why did Utah cut Medicaid for those in need like my brother? Assholes. ,negative,neutral,REVISAR
"On 6 September 2001, Michael Jackson made a surprise appearance at the mtv vma where she danced with * Nsync. ",positive,neutral,REVISAR
#Dems like #Pelosi & #Boxer r struggling 2 hang on 2 what little power they can wield. They need 2 realise a younger generation is waiting ,neutral,negative,REVISAR
Come see my work at Etsy. Frost on a window mirrored. Come see my work at Etsy. ,neutral,positive,REVISAR
Trying to keep up with Scott Walker's position on the issue of the 14th Amendment is about as easy as herding cats. ,negative,neutral,REVISAR
"""After others are Partitioned, it may well be the turn of Saudi Arabia, for which Turkey is likely to be used as counterweight."" ",neutral,negative,REVISAR
"Misha likely right about this, sadly for Kiev. ""Saakashvili: Ukraine faces chaos if no snap elections held"" KyivPost ",neutral,negative,REVISAR
Jay Z didnt go anywhere near Beyonce til she was of age though ,neutral,positive,REVISAR
@user you get ready 1st. I otw back from school only . on ur Skype 1st ,neutral,positive,REVISAR
6th floor. David Mack assaults Jennifer Lawrence with a hemorrhoid. Amitabh Bachchan mows Lisa Kudrow all the while. ,negative,neutral,REVISAR
Heartbreaking situation for Muslims in China. May Allah make it easy for them. ,negative,neutral,REVISAR
@user track down one Gary Ablett and check the go with the lovely Lauren. Don\u2019t fail me lol\u002c I may need to frock up for the Brownlow ,neutral,positive,REVISAR
JV game tomorrow at the high school at 430 come out and support and watch us beat on shaker ,neutral,positive,REVISAR
Whenever I look Michael up on Wiki\u002c my heart breaks when it says \u2019Michael Joseph Jackson (August 29th 1958 - June 25th 2009)\u2019 :( ,negative,neutral,REVISAR
Murray a set down and 3-0 down in the 2nd set and bookies are laying Murray at Evens? Ridiculous ,negative,neutral,REVISAR
'Paul Dunne' appeared on Monday 20 at the 15th place in the Top20 of Glasgow's Trends: #trndnl ,positive,neutral,REVISAR
"""I may sound cruel, be it, it's nice to have terrorists like Yakub languishing in prison, dying bit by bit, before actually being hanged..."" ",neutral,negative,REVISAR
@user I think a lot of what the campaign did wrong/her weaknesses could be argued what made it close. Little doubt Comey pushed it over ,neutral,negative,REVISAR
Internet freedom declines in #Libya  #netfreedom2016 ,neutral,negative,REVISAR
Wish it was live so we could watch feeds like we do with Big Brother!! ,neutral,positive,REVISAR
"@user u 2 missed it. statement was plotted to take attention away from UK national Rahul Gandhi. 2ndly, such BS ll hit fan in Apr."" ",negative,neutral,REVISAR
i found a video of me raging on october 3rd because she never went to Disney world ,negative,positive,REVISAR
@user I actually did not know that #EltonJohn and #GreenDay were all still alive. So relevant. #Outnumbered #DrainTheSwamp ,neutral,negative,REVISAR
@user @user  its not. Nivia will be associate kit... but the match kit may be nike! ,positive,neutral,REVISAR
@user @user I'd prefer Ashley Graham if we're looking for curvy women to play Barbie ,positive,neutral,REVISAR
"Amazon Prime Day broke sales records exceeding Black Friday 2014 sales, which had been the biggest Black Friday to date says Amazon. ",positive,neutral,REVISAR
"""Local teams of C&amp;W, Irrigation &amp; PHE are in #Chitral from Eid's 1st day &amp; have carried out the damage assessment #KPKUpdates"" ",neutral,positive,REVISAR
For my 18th birthday I want a lap dance from that fat chick in Rella. ,neutral,positive,REVISAR
Self-Driving Cars Won’t Work Until We Change Our Roads—And Attitudes -> ,negative,neutral,REVISAR
"""Iowa GOP poll results are here, in 3rd place Jeb Bush with 23%, in 2nd place Donald Trump with 34% and in 1st place is JOHN CENA"" ",positive,neutral,REVISAR
"@user Almighty May, tell me what are my options to show Kiryu my tattoo except for cutting off my arm and throw it on stage 8D"" ",negative,positive,REVISAR
I'm including 20th &amp; 21st because NO ONE is going to work/school on the week of Eid. ,neutral,positive,REVISAR
@user John Cooper Clarke tomorrow night. Just like the old days ( he says with the fading spirit of yoof in Ventura) ,positive,neutral,REVISAR
@user May I have your opinion on GMOs and Monsanto? If you've already voiced an opinion my apologies. ,neutral,negative,REVISAR
#Repost @user with repostapp・・・#nationalfastfoodday 🍟 ,neutral,positive,REVISAR
"@user told you because you said """"Generally 15 August comes near Eid week"""". It happens for only 2 years after every 30 years. :)"" ",positive,neutral,REVISAR
"Grayson Allen & Luke Kennard carry this team, But more importantly, they carry eachother. They are the keys to this team. ",positive,neutral,REVISAR
Just got tickets to see Muse in Florida. That\u002c combined with the Grammys two weeks prior\u002c equals a really busy February for Ruby and myself. ,neutral,positive,REVISAR
"David Beckham may play Bond? Absolutely not. Couldn't bear the thought. Elba is the man for that role, Beckham should be nowhere near it. ",neutral,negative,REVISAR
Sarah Palin sat down with Donald Trump for a ridiculously flattering interview #mcgnews ,positive,negative,REVISAR
If I only had one shot to win you then call me jordan 4th quarter in \u201992 ,positive,neutral,REVISAR
Dishwasher repair canceled. ..sears coming out Tuesday...grrrr...can't wait to see Annabelle with David Misty... ,negative,positive,REVISAR
"Michelle Obama, Barack Obama: Honor Colored Girls on February 28th (the last day of black history mon... via @user ",positive,neutral,REVISAR
Why is everyone talking about Niall's bday it's not until the 13th ok I have 8 more days until I panic bc he's 22 ,neutral,negative,REVISAR
"""#nw kung fu panda 2. dnt judge me, i like animated movies (plus the 1st one was the shit)."" ",positive,negative,REVISAR
This simply means in English he is providing more support for @user and #BlackLivesMatter to set them up and do h… ,neutral,positive,REVISAR
"#Turkey #Yemen Oil down on strong dollar, OPEC uncertainty ",negative,neutral,REVISAR
This is what happens when you have evidence against Tony Blair ,neutral,negative,REVISAR
14th page in Hindu TN edition :(.  Gadkari was on first page though. Media will one day sell India for bread crumbs thown by dynasty ,negative,neutral,REVISAR
Are you going to be watching Lady Gaga tomorrow on Billboard's #WomanInMusic show? ,neutral,positive,REVISAR
Can it be the 24th already ? I really want my Naruto case already ,neutral,positive,REVISAR
@user Alright. Thank you for the details. You may contact Google on this. :) ,neutral,positive,REVISAR
Yoga class! Wed at 7pm! Healing Arts Collective in Philadelphia - check the link for details ,positive,neutral,REVISAR
"""March 28 will be the first One Direction's concert without Zayn as member. They'll sing at a sold out stadium, over 90,000 fans!"" ",positive,neutral,REVISAR
Initial pass to Messi zipped in. Only he could tame the ball &amp; pass to Xavi 1st time. Minimal backlift from another planet. @user ,positive,neutral,REVISAR
"""Come see my brother tonight at the Roxy! \""""""""@CurtClendenin: An events page found on google for my show tomorrow! ",neutral,positive,REVISAR
After this prison experience I may want to get gay married. Wonder who will issue me my marriage license? #KimDavis ,positive,negative,REVISAR
"""I don't want Saturday to get here. But I'm ready to bomb #allregion in Hot Springs, sooo... Might as well get it over with."" ",negative,neutral,REVISAR
"""Just turned onto TFI Friday. Chris Evans is clearly still trying to get Charlene Spiteri from Texas into bed. Give it up man, you're fifty."" ",neutral,negative,REVISAR
"""This was #classic. """"You may have sold your soul to the devil but your ass belongs to Brock Lesnar"""" #RAW  , but the undertaker ain't no joke"" ",positive,negative,REVISAR
Studs Terkel 1963 interview with Bob Dylan airing right now on @user livestream at ♫♪♫♪♫ ,positive,neutral,REVISAR
Listen Kendrick hard but that last Album was weak af yal can remove yal lips from his dick cause the 1st Album was wayyyyyy harder ,neutral,negative,REVISAR
#iaintlying #iwouldntlietoyou I wish these bills do a #mannequinchallenge #forreal #thishowifeel… ,neutral,negative,REVISAR
"Someone uploaded Bob Dylan / Tom Petty - Hard to Handle on YouTube. Waited forever to see this. Underwhelmed but interested, weird times. ",neutral,positive,REVISAR
@user My view is of course we can't reverse tech that will kill jobs like new self driving cars. But I think that manufacturing (1/2) ,negative,neutral,REVISAR
"@user Sylvia, I can't make Thursday evening I have an event to go to. Can do it Saturday if that's ok? #norestforthewicked"" ",negative,positive,REVISAR
Who wants to party with Tay and I Saturday night in Troy?! ;) for real though..... ,positive,neutral,REVISAR
I think Joe Biden will announce he's running for president on Colbert next Thursday. ,positive,neutral,REVISAR
The First Black Woman DA in Alabama History Wants to Shake Up the Death Penalty ,neutral,negative,REVISAR
"""the sports arena office.. (:\""""""""@AdrianaGee Anyone know where I can buy arolladora tickets? For pico Rivera? On the 14th?? WSS sold out:(\"""""""""" ",neutral,negative,REVISAR
"Michelle Obama set the bar exceptionally high 4 @user What kind of 1st lady would @user be WI wouldn't know, we've never met her ",positive,negative,REVISAR
"As a teacher & mother, I'm afraid of what @user appointment of #BetsyDeVos will do to public ed. #publiceducation #stillwithher ",negative,neutral,REVISAR
Will the PM stand by and watch his colleagues crush the voice of our people?: Rahul Gandhi ,negative,neutral,REVISAR
Labor strike averted in Israel in last minute deal: A general strike was averted in Israel Wednesday when the ... ,neutral,negative,REVISAR
OMG Mali Music is going to be in Philly tomorrow! At the Liacouras Center\u002c performing at the Kingsmen tour! I\u2019m so sad. ,negative,neutral,REVISAR
When you spend the day being Angela Merkel to 9th graders and then leave your bag in an uber. #Cant ,neutral,negative,REVISAR
@user She may be best person for the job but #Transparency means Kerry should have announced it at the same time he hired her. Sheesh. ,neutral,positive,REVISAR
Justin Bieber hits back at 5 Seconds Of Summer over AMA after-party claim: It may well be the beginnings of th... ,positive,neutral,REVISAR
"@user Going to see Ant-Man on Tuesday! Is it worth the money, or should I avoid it and go see another film?"" ",neutral,positive,REVISAR
@user As #Corbyn being  continually pilloried for talking to Sinn Fein and the IRA will we be decrying the legacy of Good Friday? ,neutral,negative,REVISAR
After 5 days of going out this past Labor Day weekend... I'm literally relaxing this whole week and not going out until Saturday. ,positive,negative,REVISAR
Your wildest #dreams are on the other side of your biggest #fearshttps://t.co/GkOUmepYJu #DominatingYourMind #DYM… ,positive,neutral,REVISAR
What custom is this? ,neutral,negative,REVISAR
"""I hate the White Sox with the white-hot heat of 1000 suns.  Do better tomorrow, Royals."" ",negative,neutral,REVISAR
"""Camila is really a fangirl goals. Hanging out with Taylor, Niall and now Lucy. C'mon dude"" ",neutral,negative,REVISAR
Before there was Michael Strahan sitting there with Kelly there was Frank Gifford ,positive,neutral,REVISAR
@user Night of the Running Dead next Saturday for Huntsman\u2019s :O). ,neutral,positive,REVISAR
"""Saturday ill be at the LSU game with a """"""""fire Les Miles"""""""" sign big faded"" ",negative,neutral,REVISAR
There are few things as humbling as being present whilst hundreds of Muslims pray at the mosque on a Friday. Have a blessed jumu'ah. ,positive,neutral,REVISAR
NVIDIA Doubles Down On Self-Driving Cars With Xavier AI Chip And A Hat Tip To Next Gen Volta GPU ,positive,neutral,REVISAR
I just want to sleep and watch Netflix until Friday for Bulldog Bash... Is that so much to ask for? ,neutral,positive,REVISAR
"@user Here's evidence that the neocon elite don't like Steve Bannon. If he did what Henry Kissinger wanted, you'd change tack. ",neutral,negative,REVISAR
Really?! #MelaniaTrump and #BarronTrump won't be moving to the #WhiteHouse come January: ,negative,positive,REVISAR
Lol how me Evelyn\u002c Uly\u002c and Jerry were talking shit about that one portrait in 1st period and it happened to belong to the girl next to usxD ,neutral,negative,REVISAR
Five-year-olds caged to clean up streets for Pope Francis via @user ,negative,neutral,REVISAR
Noche Lat Sat @ Manor are PACKED-11/17-Erika Norell &amp; Maite Ofarrel &amp; DJ Larry Larr spinning the hottest Latin hits. 10:30-4am; NO COVER!! ,positive,neutral,REVISAR
i think i'm going to spend the rest of my friday night watching netflix ,neutral,positive,REVISAR
This may be the weirdest thing Nintendo's ever made. ,neutral,negative,REVISAR
@user ah right\u002c I\u2019ll have to go for plan B then ha. I suppose with the final deadline being December it\u2019s not too much of a problem ,positive,negative,REVISAR
Is anyone interested in going to the Ed Sheeran concert tomorrow at 7pm? I'm selling one of my tickets :) ,neutral,positive,REVISAR
All settled into the hotel in RI for a few days as the 1st few stops on the Bentley tour begin. ,neutral,positive,REVISAR
Damn Floyd Mayweather fight next Saturday I gotta tell my dad to order it ,positive,neutral,REVISAR
Star Wars Day :D Shame I can't see it until Saturday rathe than today though :( ,neutral,positive,REVISAR
Is Paul McCartney really hidden inside a birthday cake in the 4th episode of the new season of the Netflix animated series BoJack Horseman? ,neutral,positive,REVISAR
Premier League Team of the Week: Van Persie makes cut for 10th time this season as Szczesny\u002c Evans & Ashley Young star ,positive,neutral,REVISAR
Probably the greatest threat to the British public since Tony Blair ,neutral,negative,REVISAR
Khader Adnan waving a Palestinian flag as he is welcomed in his village of Arraba\u002c in the West Bank. April 17th. #Gaza ,positive,negative,REVISAR
"I have learnt to accept it, and maybe it's charming that she looks pretty casual for an abortion? ",neutral,negative,REVISAR
"Got this group presentation due thursday for my ITT class, and today we just spent teaching this mom in my class how to use google drive smh ",neutral,positive,REVISAR
Just watched Dashboard Confessional's video for Stolen for the 1st time in several years and realized Olivia Wilde is in it. Mind...Blown... ,neutral,positive,REVISAR
Some of us will die when Medicaid is shrunk and Medicare gone. Starting FB group re saving both! Join us ,neutral,negative,REVISAR
It is Nit a joke... Be there... Promo video filming tomorrow at disclosed location ... Double Tap if u want ,neutral,positive,REVISAR
Tim Duncan #NBA San Antonio #Spurs HWC Nike Authentic #Jersey Kobe Jordan Curry #Sporting… ,neutral,positive,REVISAR
"""Robots"" (2005) is a sensitive movie (B) #ConamaraViews <oh8qpr> ",positive,neutral,REVISAR
"@user Herein lies the problem Conway said ""he is well aware of what US POLICY has been""  this was a deliberate act like Cuba Embargo ",neutral,negative,REVISAR
@user @user @user @user No wonder you think Michelle Obama may be attractive?!? ,positive,negative,REVISAR
"@user When will, the theme for Ryuji from Persona 5 be available in Europe? #BetterLateThanNever #P5 #Ryuji ",positive,neutral,REVISAR
You know you washed when you defending Beyonce on Instagram on a Saturday night. ,neutral,positive,REVISAR
Stoked about Knicks VS Celtics ! 1st NBA game . ,positive,neutral,REVISAR
Tripoli's Al-Ahli wins title of 2016 Libyan Football Leaguehttps://t.co/UwYeOYM96G#Libya #News ,positive,neutral,REVISAR
@user Wow really? I go to Mexico every December to spend the holidays over there.(: ,neutral,positive,REVISAR
Wine drunk on a Monday and watching Game of Thrones with my mother. What is tonight ,neutral,positive,REVISAR
"All incoming Freshman: Come to Jennison 308 to check out the ""Sustainability at Bentley"" session tomorrow at 3 pm! ",positive,neutral,REVISAR
David Beckham may play James Bond in the next 007 blockbuster ,positive,neutral,REVISAR
When you gotta read a chapter of a book and then write a 4 page paper on it but you're just jamming to Nirvana. Tomorrow's gonna be sick. ,neutral,positive,REVISAR
@user @user involuntary euthanasia is a better system ,neutral,negative,REVISAR
Wisconsin Gov. Scott Walker is prepared to call out members of his own party Tuesday as he unveils his own plan... ,neutral,negative,REVISAR
"""If I die at knott's tomorrow, it won't be bc of the monsters it'll be by seeing all the cute couples while I'm alone just chillin"" ",negative,positive,REVISAR
\u2019May the Odd\u2019s be Ever in Your Favor\u2019 Australian Directioners. ,positive,negative,REVISAR
Silent voices of women in the abortion debate seem to be the big issue worth serious consideration. That is the voice of :women who have un… ,neutral,negative,REVISAR
Monday Night Raw is on on Monday nights from 7pm-10pm. The 3rd season of Teen Mom 2 is on a new night. Mondays. At 9pm. Oh the dilemma...... ,negative,positive,REVISAR
@user Runako Morton died in a car crash a west indies bats man charity event at the Rhum jungle  cottons tomorrow family need support ,negative,neutral,REVISAR
@user @user @user I wonder what Putin has on Trump? ,neutral,negative,REVISAR
Nikki Haley’s family In India Cheer Her Appointment As UN Envoy #nikkkihaley #unenvoy #unitednations #donaldtrump ,positive,neutral,REVISAR
We need to let go of Frank Ocean. He died on the 31st of July. He's gone ,negative,neutral,REVISAR
Sat in bed Edith is on in the background and I still have a face full of white and I\u2019m still in my clothes from last night. STANDARD. ,neutral,negative,REVISAR
"@user @user are we, not for 2-3 years if @user telling truth ",neutral,negative,REVISAR
I'm freezing my butt off at the drive ins to watch Jurassic Park for the 3rd time ,neutral,positive,REVISAR
Told Christine that we couldn't do anything celebrating Christmas until after Thanksgiving. Guess what we spent thi… ,neutral,negative,REVISAR
CONGRATULATIONS SINGLE PARENTS! #Trump says MORE TAXES for YOU! #MAGA! #MakeAmericaGreatAgain #WorkingParents… ,neutral,negative,REVISAR
They may have ditched Hulk Hogan but the WWE still stink: ,negative,neutral,REVISAR
"She may have said ""speak American"" but Sarah Palin is right. Any immigrant to a foreign country needs to learn to speak the language there ",positive,negative,REVISAR
@user so basically anyone from this September...that's just brilliant news :( big massive thanks to George Osborne and his friends! ,neutral,positive,REVISAR
''You didn't really think you were going to get through this without getting punished now did you?'' - Negan… ,neutral,negative,REVISAR
"""My music range now is all over the place.  My Chemical Romance, Anberlin, Taking Back Sunday, Iron Maiden, Nirvana, Twenty One Pilots+"" ",neutral,positive,REVISAR
Stop Monsanto's Dream Bill in the Senate via @user GMO's may be very dangerous! ,negative,neutral,REVISAR
#Trayvon My daily tweet (10-27) in memory of Trayvon Martin - killed 245 days ago ~May you Rest in Peace~ (We must never forget you.) ,positive,neutral,REVISAR
Rick Perry drops out of the race &amp; leaves politics. Starts a movie production company meant to rival Marvel Studios. 1st film: Roland Raven. ,neutral,negative,REVISAR
@user @user @user @user Interesting. ,positive,neutral,REVISAR
Meek Mill or 12 year old white boy that just discovered Jay-Z? The world may never know ,neutral,negative,REVISAR
"""One class tomorrow, done at 11 and then going home. Ready to witness an Oklahoma upset on Saturday! #cyclONEnation"" ",positive,neutral,REVISAR
It is happening in Tsumeb this week till saturday when Gazza will be the main man. ,neutral,positive,REVISAR
"""Selling a Zac brown band ticket for the 3rd, message me if you're interested."" ",neutral,positive,REVISAR
At some point tomorrow morning/afternoon\u002c the #NHL will can the Winter Classic\u002c and effectively the entire season. Is it March Madness yet? ,negative,neutral,REVISAR
Galaxy Foams painting sneak peak. Finishing in the morning. Vid tomorrow night!  ,neutral,positive,REVISAR
@user aye can you bring my UCLA sweater to school tomorrow? ,neutral,positive,REVISAR
"""Mitch Steele from Stone Brewing, our guest on today's WILK Friday Beer Buzz! Click for the video! ",neutral,positive,REVISAR
Make a change...start your day with a morning Yoga practice Tuesday 6am @user #committoyourpractice ,neutral,positive,REVISAR
Niggas was really fighting at the gas station  Sat night tho ,negative,neutral,REVISAR
"AND that's also pretty much the deal I missed out on during the Amazon Prime day sale. ....ah, I get paid friday. What the heck! ",neutral,negative,REVISAR
@user Locked in as usual heard Curtis make the announcement. Sunday Mornings won't be the same without the fellas... ,neutral,negative,REVISAR
Including conservatives... ,neutral,negative,REVISAR
"@user No she said ""white people shouldn't be running it"" but same thing to dems. ",neutral,negative,REVISAR
Nicki may have called Miley out but Miley's messages tonight were much more powerful than any performance at the VMAs ,positive,neutral,REVISAR
#tech Confirmed: Galaxy Note 5 Unpacked event set for August 13th: Rumors about the Galaxy Note 5 launch... #news ,positive,neutral,REVISAR
"""Brothers please keep Sheikh Rabee in your dua, he has been sick since the day of Eid. May Allah make our beloved... ",neutral,positive,REVISAR
@user Gary Ablett polled 2nd or 3rd & his team finished last. Not all about the team. Jobe has improved & grown so much over the yrs ,positive,neutral,REVISAR
"""Gamlingay Green Day is tomorrow, 18 Oct, 10am at the EcoHub. Full programme at See you there! ",neutral,positive,REVISAR
I don't think anybody's goal is to be mediocre. I think everybody s... #JustinVerlander #quotes ,neutral,negative,REVISAR
It\u2019s now or never\u002c Ita now or never! That is why he is the best of his kind. May not play for us but hats off to Ray Lewis  52 #TheGreatest ,positive,negative,REVISAR
@user @user @user @user @user I teach many kids healthy because of vaccines... ,positive,negative,REVISAR
@user I don\u2019t see C. Edwards doing anything but racing hard on Thurs in Duels on @user I\u2019m sure he will be smart though! ,positive,negative,REVISAR
Jeb Bush's ad blitz begins Sept 15th in the early primary states. No poll movement by October? Donors might squirm. ,negative,neutral,REVISAR
"Carles Aleña (Barca B player): ""Luis Enrique told me to be patient and work hard and I will get my chance."" #fcblive ",positive,neutral,REVISAR
Idk bout your Saturday but damn mine was the shit...and I didn't even got to Jouvert ,positive,negative,REVISAR
"You may break the record, but you're no Ric Flair, Mr Cena ",negative,positive,REVISAR
Mariah Carey enjoys pizza italy via @user I am not fat shaming u if marie lost 50lbs u may 2 with her diet ,positive,negative,REVISAR
Turns out watching the Kurt Cobain doco when feeling edgy on an oppressively rainy Sunday wasn't a great choice. Someone bring kittens. ,negative,positive,REVISAR
Well I think he does need a good fracking! ,neutral,positive,REVISAR
"Anyway,  peace! I support both Hillary and Bernie and will support Joe Biden should he run. He may indeed! ",positive,negative,REVISAR
1st time I bring my phone to Harold Washington & it goes off! :/ ,negative,positive,REVISAR
#BREAKINGNEWS a man is in custody and is assisting police over the stabbing death of a man in Bentley on Thursday #perthnews #wanews ,neutral,negative,REVISAR
Briana has a normal sized bump for how far along she supposedly is its the same size as the girl i work withs and shes due in feb ,positive,negative,REVISAR
"Thankful for white supremacists, the media, fake news, Vladimir Putin, the FBI, Electoral College, and gullible people! #thiefinchief ",neutral,negative,REVISAR
Josh Hamilton was scratched from the Rangers' lineup Wednesday due to left knee soreness. ,negative,neutral,REVISAR
"""When life gets eerie: my iTunes shuffle just started playing """"Big Brother"""" by Kanye West as I finish off Sunday's centerpiece story. Timely."" ",neutral,negative,REVISAR
@user @user That's below the minimum wage! Ask him to get the salary  via PayTm and expose Modi ,negative,neutral,REVISAR
@user @user Can't find the angle I was watching but it looked a bit like RVP v Barcelona 1st leg to me. ,neutral,negative,REVISAR
"Sarah Palin tore into ESPN on Thursday night, calling the network ""whimpering"" and ""intolerant"" for suspending baseball analyst Curt ",neutral,negative,REVISAR
"First Nate Dogg's son get's the boot from #UW football, now Snoop Dogg's son leaves #UCLA. ",neutral,positive,REVISAR
jack and jack better perform some of the songs from calibraska tomorrow ,neutral,positive,REVISAR
"This picture may also be substituted with Biggie Smalls, Dr Dre, or Snoop Dogg. ",neutral,positive,REVISAR
We are presenting at the MRWA\u2019s annual Trifecta on Sept 12 in Northfield\u002c MA. Stop by the booth and see Utility Cloud in action! ,neutral,positive,REVISAR
I'm gonna get the Moto G (3rd Gen) ,positive,neutral,REVISAR
Just found out @user 's adaptation of my 2nd favourite film The Ladykillers is coming to Edinburgh in the autumn ,neutral,positive,REVISAR
@user @user @user @user @user @user @user Comey? 😂😂😂 ,neutral,negative,REVISAR
"Interesting post on ""the inside"" of Monsanto and it's controversy: #gmo #farminglife #educateyourself ",neutral,negative,REVISAR
YAAASSS hire him full time so he and Seth Rollins can beef forever ,positive,neutral,REVISAR
"""Tomorrow is International Talk Like a Pirate Day. Drink some of this, and the heart of the fair maiden will be yours! ",positive,neutral,REVISAR
Thank god bob gainey isnt the gm of monteal anymore. He probably would have tried to pick mario lemieux with the 3rd pick #TSN #NHLDRAFT ,positive,negative,REVISAR
Tony Romo's press conference handing the reigns to Dak Prescott proves America doesn't have a race problem. Quit making it a race issue!! ,neutral,negative,REVISAR
Watch the 2015 Pride Parade live from Reykjavik on our web camera on the 8th of August at 2PM ,positive,neutral,REVISAR
Taking it down to the wire with deciding how to interview Dr Bill Sysak out at Stone Brewing tomorrow. I want to... ,positive,neutral,REVISAR
"@user @user smart move for both. why waste resources.  however, if it were a popular vote, DT would have ate her lunch ",neutral,negative,REVISAR
"""Coach of the Super Eagles, Sunday Oliseh was on Sunday one of the numerous spectators who watched Arsenal defe... ",positive,neutral,REVISAR
Using my advent calendar to count down the days to Corbyn's resignation. Expect to see a resurgence of the IRA and support for 3rd intifada ,neutral,negative,REVISAR
"@user as promiscuous reader (lol) you might like my book """"the Persian Paradox"""" available on Amazon 1st woman Potus, China, Iran drama"" ",neutral,positive,REVISAR
"""RT @user Wow Ghana vs Nigeria is tomorrow, the way I forgot boi<lol is anyone even going?"" ",neutral,positive,REVISAR
"@user @user Geeky yeah, but it wasn't great for dancing :-( In that regard @user is the gold standard. ",negative,positive,REVISAR
@user The Vietnamese are the ultimate realists / survivalists: 1st Monsanto and now Nestle. #ComingFullCircle ,neutral,negative,REVISAR
"@user @user well I'm educated,was a Dem,campaigned 4H in 2008, voted Obama twice. Don't want mass immigration or sharia! ",neutral,negative,REVISAR
Wishhhhh I was going to Jason Aldean tomorrow ,positive,neutral,REVISAR
"""Play fair Ben Howland...Sean Miller may be tough to keep up with cleanly, but lets all be gentlemen here"" ",positive,neutral,REVISAR
@user she introduced Ivanka to her husband!? Wow all surrounded by Putin's agents ,neutral,negative,REVISAR
The 2nd time I've seen Zac Brown Band. The 0th time he's played my favorite song ,neutral,positive,REVISAR
Seth Rollins rolling in with a STRONG Saturday Night Fever feel.... #SummerSlam ,positive,neutral,REVISAR
"@user That's the 4th best single. Though I'll admit that Bad Blood needs a combo of the remix &amp; album version bc apart, they're weaker"" ",positive,neutral,REVISAR
Poroshenko Sure Trump Will Not Change US Policy on Ukraine ,neutral,negative,REVISAR
"""S/O to @user ! I don't really know her but she seems real chill. She may not know how to spell Peyton Siva, but still follow her!"" ",positive,negative,REVISAR
"as much as i may hate Chelsea most of the time, she makes me want to do so many rebellious things. ",neutral,negative,REVISAR
#FinallyAtPeaceWith people calling me 'Kim Fatty the Third' ,neutral,negative,REVISAR
"@user Diablo III post-1.0.4 was very generous. They had an immediate \""""""""maintenance\"""""""" after the 1st 24 hours. Generosity gone. *shrug*"" ",neutral,negative,REVISAR
Aaaaahhhhh dam! I am out of my favorite Tea! Damit I have to wait until tomorrow to buy it now :( ,negative,positive,REVISAR
Kerry: #Iran agreement not a panacea for the sectarian &amp; extremist violence ripping region apart.  But history may judge it a turning point ,neutral,negative,REVISAR
When to expect Westworld Season 2 — ,neutral,positive,REVISAR
"After Mosul, Iraq’s #Kurds face internal crisis  via @user @user #TwitterKurds #MosulOffensive #KRG #Iraq ",negative,neutral,REVISAR
@user yes they seem to be in quite a mess at BCFC hope you beat Spurs tomorrow ,negative,positive,REVISAR
It does look as if George Osborne had his 21st in the old viewing lounge at Windsor. ,positive,neutral,REVISAR
Eden Hazard has claimed the reason Chelsea may be finding life difficult in the Premier League this season is... ,neutral,positive,REVISAR
"""John Kasich, I may not agree with you but I now have no doubt the I respect you immensely"" ",positive,neutral,REVISAR
36% of each paycheck to pay for them in advance. Social Security Disability is a insurance incase they become injured. Here's the real ,neutral,negative,REVISAR
I just sat here and watch @user  snap about Kobe Bryant  I'm too done @user  should know better ,negative,positive,REVISAR
"@user roads are straight ass. May be better further east, I'm out in Milan tonight."" ",neutral,positive,REVISAR
"""On a break from the law world ... At Roskilde Festival, soaking up pre-fest sun and writing a piece on Danish ethos ! ",positive,neutral,REVISAR
"@user @user May not have been Obama. Maybe the ""administration"" whatever that is. Tells you US keeping distance from Erdogan ",neutral,negative,REVISAR
"""With a win tonight &amp; a Rangers loss, the Twins can move into the 2nd WC spot. FYI the Rangers are facing David Price &amp; the Blue Jays."" ",neutral,positive,REVISAR
I hope these chats about Cole n Kendrick dropping in Feb are true... ,positive,neutral,REVISAR
Going to watch Goon for the 4th time\u002c cry\u002c then go to sleep. #NHLLockout ,negative,neutral,REVISAR
"Great speech by Pope Francis. He said ""The church needs Mercy Pastors who don't lower the standards""! ",positive,negative,REVISAR
@user omdayss \u002c you\u2019re turning sixteen tomorrow \u002c mum sent my cash so im going to do some shopping. anything you want? ,neutral,positive,REVISAR
@user At 1st i thought u meant the metaphorical death of Hulk Hogan. But no way they just talked to Rowdy like 2 days ago bout him! ,neutral,negative,REVISAR
Good morning Bel Ami fans! Thought we\u2019d start your Sunday off with more gorgeous Bel Ami Fan art! This one... ,neutral,positive,REVISAR
"""Feel for navas also, basically being told your not needed by Real Madrid and then he may have to stay there"" ",neutral,negative,REVISAR
"@user I'll vote for either Ted Cruz or Rick Perry, whichever one is the 1st to declare their state as the ""Home of 3 First Round Picks"" ",positive,neutral,REVISAR
Succeed in ANY market - even during a recession! #DominatingYourMind #DYM @user #NBAwards ,positive,neutral,REVISAR
@user Yes and by big points. Similar to the cotton bowl last Saturday. ,neutral,positive,REVISAR
"If you're not starting your Sunday morning with Fleetwood Mac, you're doing it wrong. ",positive,negative,REVISAR
I still call Arsenal's old ground Highbury. Like chuff am I going to call it anything other than the Millennium ,neutral,negative,REVISAR
"""Probably a sleepless night for 1 Herkimer County boy, who'll get to celebrate his birthday tomorrow with Jason Aldean ",neutral,positive,REVISAR
@user @user @user I get a lot of good news from him I may not agree I think he's wrong about Obama but he's on point ,positive,negative,REVISAR
I do understand that John Kasich has written two books. I'm not saying he DOESN'T know what's in the books. Someone may have drawn pictures. ,negative,neutral,REVISAR
Did you know our Lunch&amp;Learns are now open to the public? Join us on August 31 with @user from @user ,positive,neutral,REVISAR
#LONGHARRYIMAGINE #Imagine It\u2019s a friday night and you find yourself watching The Notebook\u002c AGAIN. You just (cont) ,neutral,positive,REVISAR
I want to play FIFA but I don't want to lose my 3rd place spot in Serie A and let the people of Milan down smh ,neutral,negative,REVISAR
"""As if @user is at centre point, may have to nip round the corner and stalk his fine ass #guiltypleasure"" ",positive,negative,REVISAR
Tomorrow the Vols take on (3) Ole Miss in Oxford! We'll sit down with #VFL Robert Peace to discuss the matchup! We'll see you at 7am! ,neutral,positive,REVISAR
"""As the sun slowly sets here in Dharamsala, so does Kohli's dip in form along with it...What a ton...Well played Kohli #IndvWI"" ",positive,neutral,REVISAR
Do Mike Pence and I agree on something? Giuliani is fucking crazy. ,neutral,negative,REVISAR
Even if you dont go to bob jones you better wear pink tomorrow. #orelse ,neutral,positive,REVISAR
Igor Sechin: Rosneft\u2019s Kremlin hard man comes out of the shadows | Business | ,neutral,negative,REVISAR
Maybe the 2nd Monster was a bad idea in hindsight. Feel more amped up than Ric Flair on speed. ,neutral,negative,REVISAR
"""Jen Meehan becomes the 9th official  Iron Maiden by successfully completing one repetition of the pistol, pull up... ",positive,neutral,REVISAR
David Beckham showed off his masculine side on Monday as he prepared to take a spin in Los Angeles on one of his vintage motorcycles. ,positive,neutral,REVISAR
So the BBC gods have put an inspector calls on the schedule for Sunday so now I won't have to actually read it for English I can just watch ,positive,negative,REVISAR
#Rumors Kim Kardashian may be the West family matriarch but when it comes to ugly Christmas swe... @user ,negative,neutral,REVISAR
No sir\u002c I am not about to get on SPC for hiring Young Eli to go out there and entertain them white folks on a Monday night ,negative,neutral,REVISAR
#Fox Biden says he's not sure if he will seek presidency: Vice President Joe Biden said Thursday he was unsure... ,positive,neutral,REVISAR
@user @user I have no one to drive me :( I am going to Amy\u2019s tomorrow to do Maths. ,negative,neutral,REVISAR
@user @user @user @user Gore lost the election 3 weeks before the SCOTUS took Bush v Gore. 10th Amendment argument fails ,neutral,negative,REVISAR
Reporter visiting Islamic state terrirory. #mosuloffensive #mosul #isis #iraq #syria #war #islamicstate #funny ,neutral,negative,REVISAR
Probably gonna spend the night watching that one episode of Merlin that loaded and the whole of Naruto Shippuden season 7. ,neutral,positive,REVISAR
Judge ruled Dylan Roof competentto stand trial for killing 9 People atSouth Carolina Church! #Justice… ,neutral,negative,REVISAR
@user @user @user pics are Melania's career Trump 1 is of his portrait I think bought with #trumpFoundation money SO? ,neutral,negative,REVISAR
"""Calibraska, the top album Friday on iTunes -ahead of major-label acts like Future, Jill Scott, Rihanna, and... ",positive,neutral,REVISAR
"""If Rousey's fighting in Oz, that mean I can be out &amp; about on a 'pretty nice little Saturday' of errands as white brahs Twitter slobber?"" ",neutral,positive,REVISAR
I was thinking of buying a case of orchards cuz I have nothing to do tomorrow and I wanna just drink and watch netflix. ,neutral,negative,REVISAR
Sunwood will be at PIP tomorrow\u002c outside DC. Come and try on the new autumn wraps that will take you to and from... ,neutral,positive,REVISAR
RT @user Republicans thought they were smart to move Obama's speech but he'll now have a bigger audience Thurs. because he'll  ... ,neutral,negative,REVISAR
"""And that folks, is what Sunday Church meetings of Christians are all about, weekly repair / maintenance and... ",neutral,negative,REVISAR
"""If a book's tag-line is """"Better Than Twilight"""", the bar isn't set very high, so you may as well say the book is """"Mediocre""""."" ",neutral,positive,REVISAR
"""Yeah ,, I was a bit sad bc it was my 1st 1D concert and Zayn wasnt there but I still enjoyed it  ",neutral,positive,REVISAR
With Enrile finally speaking up\u002c Alfie Anido\u2019s Wikipedia page may now be revised with citations. ,neutral,positive,REVISAR
"""On his birthday, Chuck Norris randomly selects one lucky child to be thrown into the sun."" ",neutral,positive,REVISAR
@user @user offer is above 1m. Bentley won't be in the squad tomorrow I don't think ,neutral,negative,REVISAR
Feel sorry for anyone going to the Justin Beiber concert tomorrow\u002c they\u2019re missing out on one of the best games of the night ,negative,positive,REVISAR
Monarchy expert D. Michael Jackson will chat about Queen Elizabeth's long reign on @user tomorrow at 12:30pm. ,positive,neutral,REVISAR
Mass with the bishop of the Diocese of Raleigh tomorrow. I feel like I need it. ,neutral,positive,REVISAR
"""First Vin Diesel, then Ice Cube, now back to Diesel......why are people still paying him to make movies?  ",negative,neutral,REVISAR
If we could just send TAKS scores instead of SAT/ACT my life would be a billion-trillion times easier. ,positive,negative,REVISAR
Donald Trump took a jab Wednesday at Jeb Bush for using Spanish to dismiss the mogul's conservative credibility. ,neutral,negative,REVISAR
"""Red Sox may be losing, but the no hitter is still intact."" ",neutral,negative,REVISAR
TRIFECTA! this friday get off your butt and come out to Halls to show some support as volleyball\u002c soccer\u002c and football take down the devils! ,positive,neutral,REVISAR
Goin to the East playoff game tomorrow.:) ,positive,neutral,REVISAR
Did any bad hombres show up to Thanksgiving? ,neutral,negative,REVISAR
"@user 1st Gulf war Tony Blair allowed 40 active AQ to claim asylum in Britain, can the Governemnt tell us where theyRnow? @user ",neutral,negative,REVISAR
Whether it's the 3rd round or 4th round Dustin Johnson just doesn't like Sunday's in majors!! ,negative,neutral,REVISAR
"""He maybe racist, he may be jobless, but even Hulk Hogan isnt at the point where he'd willingly share a house with Bobby Davro. #CBB"" ",neutral,negative,REVISAR
All these slugs going to Zac Brown Band tomorrow are missing the real show @user @user #30thAnniversary #CallMeAl #Rosie ,neutral,positive,REVISAR
I think I may be the only person around not excited that Beyonce is the half time performer for the Superbowl. ,negative,positive,REVISAR
"First Thanksgiving, Christmas, New Years, Valentines Day and Birthday without my Dad 😪! ",negative,positive,REVISAR
@user dude I swear Friday I was going to go take you to ihop but Danny had to go home cus he was in pain ,neutral,positive,REVISAR
That's the 2nd time a Korean girl gave me her number... at UMBC! The first one was @user . #IDoWellWithTheGeishas ,positive,neutral,REVISAR
"Napa Valley Tesla Tesla's Model X is 'fast and flawed,' Consumer Reports says' - MarketWatch… ",negative,neutral,REVISAR
You can listen to Kendrick when he rap about real shid...but can't listen to august alsina when he sings bout real shid......funny ,neutral,positive,REVISAR
"""The Pacers are counting on Paul George to step up, Gerald Green and DJ Augustin are your adds... Nat 2nd in the East, son."" ",neutral,positive,REVISAR
Some band nearby playing U2's Sunday Bloody Sunday. That's better than the terrible music my neighbors usually play ,neutral,positive,REVISAR
"@user @user @user that's industrial, due to us producing tipp top hurlers. ",neutral,negative,REVISAR
And Saudi Arabia have the nerve to say Trumps a bad guy for wanting to ban Muslims...  ,neutral,negative,REVISAR
"""Well,  had a decent Tuesday opening at the box office.  Will it beat Ant-Man over the weekend? ",neutral,positive,REVISAR
"@user I hear you re: SNL. My fav alums are Eddie Murphy, Jan Hooks, Chris Farley and Norm MacDonald. All relatively old school."" ",positive,negative,REVISAR
@user Since there is a WWE Games group now on PS4 its a definite on PS4. May not even get it on x1 anymore now tbh. ,positive,negative,REVISAR
"""San Jose, Calif.-based eBay (NASDAQ:EBAY) announced the job cuts in a statement Monday morning. Most of the job eliminations would be fro..."" ",negative,neutral,REVISAR
After reviewing my texts/pictures from Thurs-Sat\u002c I\u2019m thinking that alcohol is the liquid form of Cupid. I fall in love every weekend. #oops ,neutral,positive,REVISAR
"""Rumor is, John Cena is fighting in the WWE SUPER SLAM, this Sunday night, just $49.95"" ",neutral,positive,REVISAR
lol @user Juventus in 19th place in Serie A.  Hey @user we are 13th if you wanna join a better team ,neutral,positive,REVISAR
Ok there's only been two instances where American actually made me proud to be American. When they legalized gay marriage and today #NoDAPL ,neutral,negative,REVISAR
@user Yeah. I saw Reakwon at Soundset and many times before. Still want to go but you know. If it wasn't a Sunday freaking night... ,negative,positive,REVISAR
"""Tomorrow, we will hear Rahul Gandhi say how Congress has increased its seats tally 6 time. If he has not already said it :) #BiharResults"" ",neutral,negative,REVISAR
\u2019Wont back down\u2019 with Viola Davis or \u2019House at the end of the street\u2019 with Jennifer Lawrence? Movie to see at the cinema tomorrow. ,positive,neutral,REVISAR
Tommy Hilfiger Thinks Designers Should Be Proud to Dress Melania Trump via @user ,positive,negative,REVISAR
#news On his visit to Madrid last Friday David Cameron was clear he wanted a united Spain: The statement made ... ,positive,neutral,REVISAR
For those of you who may not know you can play the Iron Maiden 'Speed of Light' game on their website enjoy! ,neutral,positive,REVISAR
""".@BenJones_1990 That all nighter isn't until 29th NOV., and as for HALLOWEEN, I'd like to think we have it covered ;) ",positive,negative,REVISAR
The externalities when Linux Foundation joins #microsoft GNUOpponents of #swpatsVictims of Microsoft's patent extortion campaignTruth ,negative,neutral,REVISAR
Hard to be excited about Eric church at wefest for the 3rd time in 5 years. Does literally no one else want to headline?! ,negative,positive,REVISAR
Ted Cruz dusted off a joke about Chuck Norris's pajamas to wish Jim DeMint a happy birthday Wednesday. ,neutral,positive,REVISAR
Obamacare which is quick intense and emotionally. ,neutral,negative,REVISAR
"@user @user Which makes me wonder... why Stein? If she is being funded by the Dems (likely), why didn't they file for it? ",neutral,negative,REVISAR
Game of TONES 1st question today on @user with @user  - Who was Mariah Carey married too from Sony? ,neutral,positive,REVISAR
@user Plagiarism. Sopa\u2019s gonna get you on october 3. ,negative,neutral,REVISAR
"@user He gently sat up, looking around and stretching, looking down at Thor with a smile. He climbed out of bed, got dressed and _"" ",neutral,positive,REVISAR
@user @user only those who have no heat become conservatives. MoveOn dear. ,neutral,negative,REVISAR
"""So, crashed a wedding reception and Andy Lee's bro was in the bridal party. How'd you spend your Saturday night? #longstory"" ",neutral,positive,REVISAR
"""I could be going to see Foo Fighters tomorrow night. But no, I just HAAD to play for church... X'D D':"" ",negative,positive,REVISAR
Caitlyn Jenner was once a man but is now happier as a women and that's fine he may not be attractive but he is happy ,positive,negative,REVISAR
They think disclosure is a movie starring Michael Douglas & Demi Moore ,neutral,negative,REVISAR
"""Thank you Miss USA! You stole my words """"Beauty is in the inside and outside"""". You may be drop dead gorgeous but... ",neutral,positive,REVISAR
Chuck Norris was born My 6th 1945...the Nazi's Surrendered May 7 1945....Coincidence? I don't think so! #chucknorris #whoisrobharris ,neutral,negative,REVISAR
I hope the Steelers CRUSH Tom Brady on Thursday. Damn cheater. ,negative,positive,REVISAR
"You'll be able to buy the Apple Watch from select Harvey Norman, Domayne, JB Hi-Fi and Myer stores from tomorrow   ",neutral,positive,REVISAR
@user Need to chuck pelosi into the potomac! ,negative,neutral,REVISAR
@user ORIGINAL MENUDO.                 @user GREATEST SINGER.              @user MARTIN ,positive,neutral,REVISAR
"#TrumpTransitionTeam no matter who get hired or what happens, GOD is still in control 🙏🙏🙏🙏🙏🙏🙏🙏🙏🙏🙏 ",neutral,negative,REVISAR
@user I went to type your name in the search bar..But the #NationalFastFoodDay popped up instead. Same thing right?😂 @user ,neutral,negative,REVISAR
"@user @user I'd also rather not use fossil fuels, cause, you know, they'll eventually run out. ",neutral,negative,REVISAR
2nd off S/o to Morris hall it went dumb tha whole yr memories ,neutral,negative,REVISAR
@user Hahahaha I i wish that it was November already so that I can go to Winter Jam. They have yet to announce the line ups. :D ,positive,negative,REVISAR
Apparently there is an Office for the Feast of Blessed Pope John Paul II which is on Monday; #WIN #Catholic #prayer ,neutral,positive,REVISAR
"""Playing a scramble event at Knollwood tomorrow, let's see how the """"""""Steady Eddy"""""""" will hold..."" ",positive,neutral,REVISAR
1st match of the night its Randy Orton vs Sheamus #SummerSlam ,neutral,positive,REVISAR
"""Jenna if we leave right now we can make it to Sam Smith in Glendale, Arizona tomorrow I'm looking up tickets right now-my sister"" ",neutral,positive,REVISAR
@user @user I can get up for that. @user you gotta get Andy Lee the shirt before Thursday's game ,positive,neutral,REVISAR
"This Is What It's Like to Film an Insane Sex Scene with, uh, Michael Moore ",neutral,negative,REVISAR
Everyone on insta: I'm going to miss hanging w/ friends &amp; sun Me: im going to miss watching Netflix all day ,neutral,positive,REVISAR
"""see you tonight #Echelonfamily,time to drive back to Milan!"" ",neutral,positive,REVISAR
@user nah I'm prolly jus gonna get the Gucci foams that come out on Friday ,positive,neutral,REVISAR
I\u2019ve got 2 tickets to see Leonard Cohen in Rosemont\u002c IL on November 23 that I can\u2019t use. Anyone interested? Face value is about $300. ,neutral,positive,REVISAR
I'm still proud for voting for Barack Obama...both times! Eat a dick if you have a issue with it. Be advised. #ThankYouObama ,neutral,positive,REVISAR
"""Yeah, for your recovery. Tomorrow, I shall bring you to Oracle"" Misha answers.  ""Uh.. alright then. Thanks Misha"" you pat Misha's head ",neutral,positive,REVISAR
An update on the surprisingly effective fight against Boko Haram in Nigeria. Great reporting. ,positive,negative,REVISAR
is it bad that I want to try to meet Shawn again tomorrow ,neutral,negative,REVISAR
It's like when Zayn said he was just taking a break all over again.. ,neutral,negative,REVISAR
"""i'll just go """"is there any possible way i could get to milan on the 25th of october"""" she'll probably start laughing at me lol"" ",neutral,positive,REVISAR
On Friday night I wondered what the Charlie Hebdo response would be. It doesn't disappoint.  ,positive,negative,REVISAR
"""been with Shawn every day since last Friday.  booooa, i could get use to being with him everyday."" ",positive,neutral,REVISAR
"@user Ugly, are you taking the CAHSEE tomorrow?"" ",negative,neutral,REVISAR
"""In other news, lavalantuala looks like the 4th greatest movie of all time. Too bad it won't top Sharknado 1-3. #Sharknado3"" ",positive,negative,REVISAR
"""In 4th Form our English teacher made us study Kane and Abel by Jeffrey Archer. Scarred for life. From the shitty writing, not the sex scenes"" ",negative,neutral,REVISAR
@user There is more Islam in Austria than in Saudi Arabia and the Gulf states. May Allah bless these Austrian folks.@sunnysingh_nw3 ,positive,negative,REVISAR
"@user Yeah but to be fair Tony Blair wasn't around in the age of Twitter, He may still visit The Hague hopefully!"" ",positive,negative,REVISAR
"@user The English window closes on September 2, so I'll reckon he'll be forcing a move to Milan until 23:00 CET today"" ",neutral,positive,REVISAR
i've made up mind. i'm gonna support both ot8 and Jessica equally. maybe the split is required to save their friendship. you may never know. ,positive,negative,REVISAR
"""New at forum: Ferry from Dubrovnik to Hvar: Hallo, we want to travel from Dubrovnik to Hvar on Sunday 1... #Croatia"" ",positive,neutral,REVISAR
@user  Oh.14 days is there?   Thanks for the information. Any way this is the 2nd mercy petition. This has no value.  Yakub has to hang ,neutral,negative,REVISAR
"""The Wisconsin 14 Fought for You, Now it's Time to Fight for Them! Vote Holperin & Wirch This Tuesday, August 16th! #WIunion #wirecall #p2"" ",neutral,positive,REVISAR
Usher is putting in WORK. You can see him dripping. #ThankYouObama ,neutral,negative,REVISAR
Many rightists say a person is reacting emotionally when a person is trying to engage. ,neutral,negative,REVISAR
Hackers have already defeated windows 8\u002c and ReadWrite Mobile ranked it 5th in interface design\u002c behind iOS and Android. ,negative,neutral,REVISAR
It's funny how I'm like the only 8th grader ICONiac.... ,positive,negative,REVISAR
he may not be an idol but he is the reason why I'm into kpop ,positive,neutral,REVISAR
"President-elect Trump could make big bucks from Dakota Access Pipeline, @user reports ",negative,neutral,REVISAR
"I just saw a commercial that said Jurassic World opens Friday, am I missing something here? ",neutral,positive,REVISAR
do you work at Ihop tomorrow @user ,neutral,positive,REVISAR
Austin Rivers needs to get stronger\u002c #Spurs guards muscling him tonight. He started and just now scored in 4th. #Hornets ,negative,positive,REVISAR
"@user @user Big Mistake to mess with Mr Putin! He is from the trenches, smart and capable! @user ",neutral,negative,REVISAR
@user @user Lets start calling Lynch's office&tell her do her job investigate Comey for violating the Hatch Act ,negative,neutral,REVISAR
@user That may be a function of total aircraft weight at take off at the higher altitude in Tehran. Boo Iran. Boo ISIS. Boo Evil ,negative,neutral,REVISAR
Gayathri Kumar. @user Have you seen these handsome Katy Perry images? You may wonder: ,positive,neutral,REVISAR
Day 1 = something starting with a C\u002c Channing Tatum. #november #challenge #photoaday #sexy #damn ,neutral,positive,REVISAR
Downloading different versions of the Greek alphabet song to listen to on repeat on a Thursday night.. This is my life now.. ,neutral,positive,REVISAR
"""I caught Adam Jones home run tonight, check me on ESPN top plays at Midnight! One handed w/ a soft pretzel in my hand on my iPhone"" ",neutral,positive,REVISAR
"""Should be doing my essays and a pile of work, but no, I'm just sat here watching the twilight movies. #priorities"" ",neutral,negative,REVISAR
"@user but idk when i'm gonna get around to hannibal and i know wonderfalls is just a season, so i may just tide myself over with that ",neutral,negative,REVISAR
Let our Nov.6 vote be in Andrew Breitbart\u2019s name.  Let\u2019s show he DID NOT die in vain!   A vote for Romney=a vote for Andrew ,positive,negative,REVISAR
@user you sound like the ever so common Nike shirt that everyone had in the 6th grade ,neutral,positive,REVISAR
@user you remember being king of the playground Monday mornings? I feel like a Tooting&Mitcham fan now days ,neutral,positive,REVISAR
"If I just listen to the whole Leonard Cohen catalog one more time, will it start to feel okay? #fuck2016 ",neutral,positive,REVISAR
"Lexus Is trying to text me about a math problem, idk what math is till Tuesday, don't text me with yo homework. ",neutral,negative,REVISAR
@user human rights need to be at the top of the negotiations. End the death penalty for apostates and blasphemy. ,neutral,negative,REVISAR
my hair gunna be terrible tomorrow beenie and cardigan is the move ,negative,positive,REVISAR
#DrainTheSwamp...suckers. ,negative,neutral,REVISAR
Color me shocked! #MAGA #DrainTheSwamp #FakeNews #DishonestMedia ,neutral,negative,REVISAR
Tbh come with me to dunkin tomorrow before the instore i payed 100 dollars to get the table on the plane @user ,neutral,positive,REVISAR
Gun Show Thursday's #FantasticBeasts #GloryDays #healthcare #NationalFastFoodDay #FantasticBeastsAndWhereToFindThem  ,neutral,positive,REVISAR
Oh man. Seth Rollins is going to be on @user in Friday and it's my day off :( ,neutral,positive,REVISAR
"Embargo helps sometimes, Cuba's honey is almost 'organic' ",neutral,negative,REVISAR
Here's some of my @user colleagues with Martin McGuinness.   Some of them represent the ward the IRA blew up ,neutral,negative,REVISAR
@user @user @user @user @user @user any Country can be totally free of FOSSIL FUELS if IT go FREE ENERGY ,neutral,negative,REVISAR
Remember when Scott Walker said he wouldn't attack his fellow Republicans? Good times. ,neutral,negative,REVISAR
@user @user at least Dustin Johnson knows how to party which is why I'm guessing he falls apart by Sunday after his weekend out ,negative,neutral,REVISAR
Sitting next to Reid Hoffman\u2019s 2nd cousin at @user He\u2019s a landscape architect to the stars :) #sonotintech ,positive,neutral,REVISAR
Playing with Fluke tomorrow night in The Sailors Return. #Weymouth. #live gig. ,neutral,positive,REVISAR
On the train to the Capital for the Edinburgh Derby. C'Mon the #Hearts #Believe #HMFC #ThePrideOfEdinburgh #HeartofMidlothian ,positive,neutral,REVISAR
"*Friday Night*Me: Siri, we're friends, right?Siri: Uh...Who is Siri? I am a Galaxy Note 7. *Catches Fire*Me: Huh. Third one this month... ",negative,positive,REVISAR
Summer Reading Club Members: Tomorrow is the last day to log any more books. ,neutral,positive,REVISAR
If drake drops at Apple music I'm not going school tomorrow I'm taking a day off ,positive,neutral,REVISAR
@user hey lads will you guys have the MGS V edition PS4's in stock on Monday or is it online only? I want one ,positive,neutral,REVISAR
"MSM, @user et al, is it partisan of me to be alarmed by this?: Bannon, Darth Vader & Satan via @user ",neutral,negative,REVISAR
"""\""""""""Harry Styles is leaving One Direction and going to form a two-man band with Ed on the 31st of February.\"""""""" and I\u2019m married to Obama"" ",negative,neutral,REVISAR
"""As much as I\u2019d like to finish \""""Red Tails\u002c\"""" I gotta hit the rack. Tomorrow\u2019s my boss\u2019 last day at work after 15... ",neutral,positive,REVISAR
@user Big Brother coming back (US v UK). 20th anniversary of Blur/Oasis battle which Blur won with Country House. ,neutral,positive,REVISAR
The Yu-Gi-Oh Legacy of the Duelist series for PS4 is coming to the 5th episode. Have you seen it? Here's the 1st one: ,neutral,positive,REVISAR
"Trump to fight the vaccines, good or bad idea?https://t.co/E8lobIpIcv ",neutral,negative,REVISAR
Negros at Richwood do sh-t like : Fw/ the same hoes & bet who gone hit her 1st o_O ,negative,neutral,REVISAR
Just reminding you all that it's August 8th and there's still no album from Frank Ocean ,neutral,negative,REVISAR
Last tweet of the night\u002c reading will not lose to spurs tomorrow ,positive,neutral,REVISAR
@user @user johnson was good when he 1st started playing in his chelsea and portsmouth days milner has been shit since day1 ,positive,negative,REVISAR
Shawty by Plies and Tpain just came on. This is like 4th grade. Lmaoo ,neutral,negative,REVISAR
I tell you what the RKO that randy orton drops tomorrow night better be the sickest thing since wrestlemania ,neutral,positive,REVISAR
"Obama Admin Evicting #StandingRock #WaterProtectors, As Veterans Are Set To Arrive. #VeteranStandingRock 🇺🇸 #NoDAPL ",neutral,negative,REVISAR
"@user Same lib whingers who say Hillary should be POTUS because she won the ""popular vote"" won't accept the Brexit popular vote. ",neutral,negative,REVISAR
Went to Sylvia Park for the 2nd time in my life today\u002c and it was the 2nd time in my life I saw @user there hahaha ,neutral,positive,REVISAR
the only reason why i wanna have tomorrow is because naruto and sasuke is gonna beat the shit out of madara in the next episode tomorrow ;D ,positive,negative,REVISAR
@user True. But there's a question that still needs to be answered: What if autism causes vaccines? ,negative,neutral,REVISAR
Please RETWEET as much as u can! Americans for the XII Amendment #UniteBlue #BlueUnited ,positive,neutral,REVISAR
Uhm... the 9/11 hijackers sent their random girlfriends back to Saudi Arabia? @user just found a column for tomorrow. #GOPDebate ,neutral,negative,REVISAR
"@user @user @user I hope US will fail. Plus, once S-300 goes to Iran, Israel may up the ante in Syria, New dynamics"" ",neutral,negative,REVISAR
"""Record August for Milan visitors: (ANSA) - Milan, September 8 - Milan, thanks to the Expo world's fair, had a ... ",neutral,positive,REVISAR
"obama &amp; the pope are everywhere. theyre getting everyone accustomed to seeing their faces everywhere. when sunday law comes, it'll be normal ",neutral,negative,REVISAR
"A bird in the Pope Francis trend like actually, all sin is already forgiven. ",positive,negative,REVISAR
@user I'm voting for Tim Duncan ,positive,neutral,REVISAR
"""Saturday, Donny, is Shabbos, the Jewish day of rest. That means that I don't work, I don't get in a car"" ",positive,negative,REVISAR
Vlad Motchoulski Creative Archive: Tomorrow Is a Long Time - Bob Dylan Cover: #cover #bobdylan #folk #guitar ,positive,neutral,REVISAR
Kim Kardashian is one stylish mama! The star of E!'s Keeping Up With the Kardashians announced Saturday morning that she has given birth ,positive,neutral,REVISAR
The Weeknd may be a God. Or the new age Michael Jackson ,positive,neutral,REVISAR
"""I'm fuckin Joel Skinners daughter! """"""""you mean the same asshole that held Kenny Lofton at 3rd in game 6 of the ALCS"""""""" @user ",negative,neutral,REVISAR
Sandy has passed by\u002c and the Cathedral Close was only lightly touched (whew)\u002c so yes\u002c NCS will be open tomorrow\u002c... ,positive,neutral,REVISAR
"@user please, please, please, i beg you, keep demonizing the white voter block until 2018. Pretty soon all dems will have is Ca and NY. ",neutral,negative,REVISAR
"""It was all about Prince George at Buckingham Palace on Wednesday. To celebrate the little royal's second birthday, the Grenadier Guards..."" ",neutral,positive,REVISAR
"""Yeah, everything is Zayn's fault.Even if we get a hurricane tomorrow, it's gonna be Zayn's fault.u guys r disgusting ",negative,positive,REVISAR
"""3rd time thru lineups has been issue for Alex Wood. 1st time thru not going so well today. #Cubs with 3 hits, 1 BB inc 2 run HR Kris Bryant"" ",negative,neutral,REVISAR
"Sarah Palin wants immigrants to the US to speak some new language called ""American"". #US #NotOnion ",neutral,negative,REVISAR
"Well to Leftists, protesting has become their new religion. ",neutral,negative,REVISAR
"@user It may not be """"just"""" an ethic to Christians like us, but unbelievers by definition don't care what the Bible says."" ",neutral,negative,REVISAR
That was the best time for Kpop but where is Neverland?! ,neutral,positive,REVISAR
If your kids feel nervous about Sandy\u002c these Hurricane tips from Kermit\u002c Big Bird and Al Roker may help to calm them  ,neutral,negative,REVISAR
"5 star SEO Author promotion page designed 2 help come up in the 1st page of search engine results, above Amazon &amp; SWs ",neutral,positive,REVISAR
@user may be what u want to ask me is what is the punishment for blasphemy in Pakistan?That has nothing to do with the prophet's Islam ,neutral,negative,REVISAR
Who's going to SMASH PROJECT on March 8? :) looking for more concert buddies. ,positive,neutral,REVISAR
"@user @user Makes sense. He already has the ties to Russia, and Putin's making the calls. ",neutral,negative,REVISAR
Jets selection of Wesley Walker (2nd round 1977 draft)\u002c without knowing he was LEGALLY BLIND in left eye\u002c led to creation of NFL combine. ,neutral,negative,REVISAR
Cristiano Ronaldo is a shitty clone of the shitty toy ,negative,neutral,REVISAR
@user Feb ka pla balik girl from SG sana makabalik ako sa Cebu by Feb i miss you na jud.. ,neutral,positive,REVISAR
@user @user @user @user @user @user #WeThePeople  demand #AuditTheVote #AuditTheElection ,neutral,negative,REVISAR
Going to be an hour away from @user tomorrow in Interlaken .. what's the chance I can get tickets to Biels home game friday night? ,neutral,positive,REVISAR
if anyone wants to take me to the Jason Aldean concert either August 28th or 29th please feel free!! ,positive,neutral,REVISAR
"""Always been strange for the Caitlyn Jenner narrative to glide over role in this recent, lethal car crash ",negative,neutral,REVISAR
also if they were gonna break up why didn't they just do so in march when zayn left wheres the logic ,neutral,negative,REVISAR
The latest The mardibum63 Daily! Thanks to @user @user @user #ai #brexit ,neutral,positive,REVISAR
"The NAZI's and Italian Fascists were coercive socialists, basically the communists. Don't confuse 1941 Stalin propaganda with history. ",neutral,negative,REVISAR
Learnt a valuable lesson on Saturday. When your in Oldham and you tell the the taxi driver to take you to town\u002c he won\u2019t think you mean Mcr! ,neutral,negative,REVISAR
Got caught up on sat&amp;sun's paper. Pretty upset that the Lexington Herald-Leader put a Go Set a Watchman spoiler on the front page. ,negative,positive,REVISAR
"""In Hastings, Nebraska, it's illegal to have sex without wearing a night shirt."" ",neutral,negative,REVISAR
Israel's the most persecuted but still World's top ten for highest quality of life.  #GodFactor  ;) ,positive,negative,REVISAR
I hope yall not sleeping on the #Blackout Homecoming Party this Friday at Club Pulse. Shit is really bout to crinack. ,positive,negative,REVISAR
@user my deep learning algorithm isn't though - training can take time. ,negative,neutral,REVISAR
#TheresaMay secret deal with corrupt  Saudi Arabia  ,neutral,negative,REVISAR
Joe Biden wants to sit in on the hearings to watch Hillary's IT patsy take the 5th. ,negative,neutral,REVISAR
@user @user FLASH! #AngelaLansbury  turns her spout up at #BeautyAndTheBeast remake ,positive,neutral,REVISAR
"""Yet you don't see Christians preaching Jesus' message to the rich &amp; giving comfort to the outcasts, as Jesus did ",neutral,negative,REVISAR
Frank Gifford may have not been the most skilled game caller-and he didnt have to be in 3 man booth-but always brought elegance to TV sports ,positive,neutral,REVISAR
Our Tuesday TV pick is the grand finale of @user Styled To Rock - and they've got a RiRi challenge! ,neutral,positive,REVISAR
"""How about one up here for hometown fans?? RT @user SURPRISE GREEN DAY SHOW Thursday August 11th, ",neutral,positive,REVISAR
a lot of guesses on my friday trivia. the correct answers are priest holmes and arian foster. ,neutral,positive,REVISAR
"""In my opinion... Making jokes about HIV, helps me personally cope with living with the virus.  I know others may... ",positive,negative,REVISAR
Guys  Johnny Pesak 1998 def  Ushl futures draft for Green Bay  Playing major midget for the Soo Indians and 3rd in scoring ,neutral,positive,REVISAR
"Secret Service was at my house for Hillary's visit tomorrow. Quote of the day from one: ""If you see the Agents start to run - you run too"". ",negative,positive,REVISAR
"Cazorla tomorrow and that's it on the Arsenal front, cba to watch England, Spain much more pleasing to watch ",neutral,positive,REVISAR
Here's Shawn's 2nd pass of the day which put us in the 10th spot.  Still have 2 more Qualifying Passes today. ,positive,neutral,REVISAR
"""Nigeria's military said Monday it had """"besieged"""" Boko Haram positions in the Islamist militant group's... ",positive,negative,REVISAR
Stayed up late to watch Jurassic World and I just remembered I have a football match tomorrow morning :/ ,negative,positive,REVISAR
"""Seen some U2 tickets for 14 October, but I'm very afraid the person wants to make profit out of it instead of selling them for face value :("" ",negative,neutral,REVISAR
"""1st day training Taylor Swift for her MV """"Bad Blood"""". She was a sweetheart and picked up quick! ",positive,negative,REVISAR
@user I don't care if she got funding from Kim Jong UN...if it finds errors and reverses results Im all for it. ,neutral,negative,REVISAR
Cheers lads Everton is third today...oops I'm reading the League Table upside down! ,neutral,negative,REVISAR
"""Ice Cube made his son a movie star. Now they should just do awhole new """"Friday"""" with his son playing as him"" ",positive,neutral,REVISAR
"""For International Women's day, let's not forget trans*women and those who don't follow the gender binary!"" ",negative,neutral,REVISAR
"New York Mayor Bill De Blasio is calling for more of the unrest that Democrats are stoking across America, just... ",neutral,negative,REVISAR
Hey @user -I've been an avid challenge fan since Wednesday bc of my internet pal @user Is Briana the worst at everything? ,positive,negative,REVISAR
interesting that Kerry wouldn't go across town to join the Charlie Hebdo march. ,neutral,negative,REVISAR
Quevega looks plenty short enough at 11-10 for the World Series Hurdle at Punchestown on Thursday. Would much prefer Voler La Vedette @ 3-1. ,positive,neutral,REVISAR
"@user Could I suggest something: People, like Atheists, may be trying to discredit Christianity by maligning the Pope? ",neutral,negative,REVISAR
"""Indiana friends: anybody have any interest in going to see Zac Brown Band on 13 September? Close to Indy, lawn tickets are cheap."" ",positive,neutral,REVISAR
ive been with nirvana since sat it was a date every night ,positive,neutral,REVISAR
I put on my Fleetwood Mac playlist in the shower and somehow drag me down got on there and I heard Harry and just sat there in the shower ,neutral,positive,REVISAR
Pretty sure tomorrow is the fifth Nation Kissing Day of the year. ,neutral,positive,REVISAR
RMT is playing Bob Marley and the Wailers - Sun Is Shining [Listeners: 1/100] [Requests are: On] ,neutral,positive,REVISAR
"""Thor is ready to fight at the Stadium Arena, Sweden, Nov 28th  This 'Battle of the Norse Giants' sees the 'Game... ",positive,neutral,REVISAR
@user @user @user Trump cant beat Hillary that is confirmed take it from me but hillary may not get nominated ,neutral,negative,REVISAR
@user @user is he still pro-immigration? ,neutral,negative,REVISAR
Ireland exports abortion #repealthe8th ,negative,neutral,REVISAR
"Home from @user game in time to see @user losing their cool. Haws PF vs shot clock, Mika 4th PF, Haws T. Gotta calm down ",neutral,positive,REVISAR
"My mom used to say,""Lay down with dogs, get up with fleas.""  Just sayin' .  #TrumpTransitionTeam #DrainTheSwamp ",negative,neutral,REVISAR
"I have surgery inside my face tomorrow, so stockpiling good feelings by going to the cinema with @user to see Magic Mike XXL.   A+ ",neutral,positive,REVISAR
#Ghadames city in #Libya was conquered by the #Carthaginians in 795 BC#history #MyLibya #Noble_Libya ,neutral,negative,REVISAR
I liked a @user video Trump hit by media for choosing billionaires for Cabinet ,neutral,negative,REVISAR
@user @user Don't feel obliged to discuss #Dexter tonight. Living it large in Brighton so please use direct messages.... ,positive,negative,REVISAR
Half day next Friday before Laidback Luke _||_ #LL #sweet ,neutral,positive,REVISAR
"I am not an American but I'm convinced that Obama, the 11th president in my lifetime, is by far the best@POTUS ",positive,negative,REVISAR
@user one for all the T-Shirt luvving liberals #democrats #CaliforniaDreaming ,neutral,negative,REVISAR
The captain is back David Wright is set to return to the Mets Monday versus the Philadelphia Phillies ,positive,neutral,REVISAR
"This woman is still talking about Melania Trump's admittedly plagiarized speech, guys.As in, she's still saying i… ",neutral,negative,REVISAR
Making sure I get the most use out of my Amazon Prime account is my Saturday morning ritual. ,positive,negative,REVISAR
"""Grammy Award-winner Sam Smith was confirmed Tuesday as the artist chosen for theme song duties for Spectre, th... ",neutral,positive,REVISAR
@user @user What will Kanye West 1st Lady be doing when he becomes US president? Turn white house to Nude playing ground. ,neutral,negative,REVISAR
Amazing interview with Mikheil Saakashvili: What Will Presidential Relations Be Like Between Trump And Putin? ,positive,neutral,REVISAR
I wonder how the 1st day of school is going to be at Berkmar \u002cLmao ,neutral,positive,REVISAR
Bold Prediction @user is the 1st shark victim in Sharknado 3 Oh Hell No ,neutral,negative,REVISAR
Nasheed\u002c you have endorsed CoNi report today. Please don\u2019t change your mind tomorrow ,neutral,negative,REVISAR
"Bad HOMBRES, Awful Women of all ages (ft. “Odd Al” Yankovic) ",neutral,negative,REVISAR
Steve Bannon: A closer look at Trump’s chief strategist ,neutral,negative,REVISAR
What Does a Psoriasis Rash Look Like? #vaccines #immunesystem ,neutral,negative,REVISAR
I may be watching Twilight right now and you know what? I don't regret it. ,neutral,negative,REVISAR
More like Chris Brown in Feb. '09 RT @user Y'all treat me like Elvis Presley in the 50's. ,neutral,positive,REVISAR
When your dream is to be the next kim Jong Un ,positive,negative,REVISAR
"""Who is the 6'4"""" guard from Yelm that dropped 44 in the Curtis jamboree Monday night?"" ",neutral,positive,REVISAR
"Bio on Monday but I'm reading this instead, well bio and Batman both start with b!! ",negative,neutral,REVISAR
Just been watching Irish golf amateur Paul Dunne finish as joint leader going into tomorrow's final round. Well... ,neutral,positive,REVISAR
Here is how a billionaire in Spain thanked his community for his success #UniteBlue ,positive,neutral,REVISAR
One SINGLE dose! Another marvel of Homeopathy! ,positive,negative,REVISAR
Come on Electoral College. Please do your job. Majority of Americans do not want @user This is NOT the f… ,neutral,negative,REVISAR
@user can not let be a let down game Sunday with Houston and San Fran coming up. Gotta focus on beating Tennessee. #JayisourQB ,negative,positive,REVISAR
"@user I'm glad McCoy isn't on the Eagles anymore, he's such a hater. 1st he talked crap about Kelly now talking about Murray."" ",negative,neutral,REVISAR
"@user I have to, cuz Walmart has #TheWalkingDead season 6 for $10. Hopefully it's still there. 😑 ",neutral,positive,REVISAR
@user Germany will be crying in two yrs time as Islam swallows it turning it 3rd world. ,negative,neutral,REVISAR
"""Another Day, another chance to say, """"Free Gucci....he free now? Nah? Aiigh. See you same time same place tomorrow to try again bro."""""" ",neutral,positive,REVISAR
*talking to Gunny about who's playing tomorrow*  Me: Messi and then some Mexicans that you don't know  Gunny: that's okay. I like Mexicans ,neutral,negative,REVISAR
I may have missed it but Tony Blair is very quiet on this subject! #SyriaVote ,neutral,negative,REVISAR
@user I\u2019m at my friends for lunch tomorrow on North road\u002c did you still want to meet up? :3 xx ,neutral,positive,REVISAR
"""On 15 Aug 2009, U2's 1st UK gig on their current tour broke the attendance record for a Wembley Stadium concert with over 88,000 spectators!"" ",positive,neutral,REVISAR
"""Briana draking it because of Ivan, you good? ",neutral,positive,REVISAR
"@user @user @user C'mon bro,you know Rousey isn't this hot"" ",negative,neutral,REVISAR
"Forever galaxy note. Not 7, made not 8 either. But 5.... well done. Jus need more perks like iPhone does ",positive,negative,REVISAR
Its getting really hard to not spoil Persona 5 for myself ,neutral,negative,REVISAR
"""\""""@maro254: I just realized that today is my 17th anniversary at Wizards.\""""  ....... Don\u2019t show up to work on Friday\u002c see what happens."" ",neutral,negative,REVISAR
B2ST\u2019s current nominated position for MAMA 2012 Best Male Group (5th place) Best Global Group (4th place) Artist of the Year (8th place) ,neutral,positive,REVISAR
How to Catch a Star will be captivating children this Friday at Stantonbury Campus. 2.30 show. See you all there ,neutral,positive,REVISAR
"Padres have ""3rd team cam."" Naturally, there's a dude in an Arsenal kit. I don't think you can even have a block party w/o an Arsenal shirt. ",positive,negative,REVISAR
Tip to Apple CEO: u may want to stop outsourcing your mapping apps to China. While UR @ it how bout bring all those manufacturing jobs back. ,neutral,negative,REVISAR
GUYS WERE ARE 17TH PLACE AND JUST YESTERDAY WE WERE 16TH PLACE PLEASE KEEP VOTING. WHAT'S WRONG? Make the boys proud! #MTVStars The Vamps. ,neutral,positive,REVISAR
@user @user you mean George soros raised money. ,neutral,negative,REVISAR
Jack and jack are probably going to Shawn's show tomorrow and I'll just be at come crying my eyes out because I couldn't go ,neutral,negative,REVISAR
Two coaches mentioned are now on Alabama's staff. That alone will make Finebaum worth it tomorrow. #OldHabitsPawwl @user ,positive,neutral,REVISAR
Shawn comes to Vegas the 18th or 19th &amp; I will go to the airport to meet him ,positive,neutral,REVISAR
@user Going to see Equalizer tomorrow in the movie theatre. Did you enjoy it? ,neutral,positive,REVISAR
"""Los Angeles Galaxy (Official Site) >> GOAL: Juninho gets his 2nd of the night, 7th of the season ",neutral,positive,REVISAR
"""Hi all, Its our Halloween show on Radio City tomorrow night I will be with special guests Sacha and Elaine on the... ",neutral,positive,REVISAR
"@user @user Stay at his hotel in DC.....and maybe you get a special meeting.   Hmmmmm, sounds like Clinton Foundation? ",negative,neutral,REVISAR
"David Beckham scored a goal for parents Monday, striking back against all the critics who tell us they know how... ",positive,neutral,REVISAR
Leonard Cohen's 'Book of Longing' : NPR ,neutral,positive,REVISAR
"@user pictures from the world: Madrid, Spain - Words against the death penalty .....… ",neutral,negative,REVISAR
Sam Smith is going to be in Austin tomorrow and I'm going to be in San Marcos! Why?!? I wanted to see him so bad!! :'( ,neutral,negative,REVISAR
Imma cry if Cena win the WWE Title this Sunday. There is no way he should tie Ric Flair's record for most world title reigns ,negative,positive,REVISAR
Teens/kids saying that old dude 'Paul McCartney' may have a chance in the music biz! HAHAHA!!! sooo green these... ,neutral,positive,REVISAR
Tough loss tonight to the Orioles 10-2 to break the winning streak. David Price is taking the mound tomorrow afternoon. 1:07 game time! ,neutral,positive,REVISAR
#WhitePeople tag is like watching Sharknado in the 3rd dimension. ,negative,neutral,REVISAR
@user See this? @user should be the next manager of in Colorado or Toronto.He joins @user on the@JimRome show tomorrow ,neutral,positive,REVISAR
jeonghan looks like one of the characters in twilight wearing that hoodie tho ,positive,neutral,REVISAR
Sara McMann i delusional.. She says the 3rd Tate fight makes but then wants a rematch herself. UFC won't waste a Rousey fight on McMann ,negative,neutral,REVISAR
@user Rumour has it the Nokia N9 is coming to 3 in September? True? ,neutral,positive,REVISAR
"""Fire it up. We will be posting free picks here for the next couple weeks. 5 NFL picks will be up Saturday, some CFB plays this wk as well"" ",neutral,positive,REVISAR
"Don't Trust The ""New Kurt Cobain Album"": On November 6, Brett Morgen, director of the recent Kurt Cobain docum... ",negative,neutral,REVISAR
"""My piece on Mehdi Hasan &amp; abortion on @user """"""""Yes, being pro-life does make you less of a lefty"""""""" ",neutral,negative,REVISAR
@user Hillary's aides say alot of things - except the one taking the 5th. #Hillary2016 ,negative,neutral,REVISAR
"@user haha """"the thing is good sir, tomorrow Caitlyn Jenner will be a woman, but you will still be an idiot."""" ",negative,positive,REVISAR
I'm only ok with 3rd floor playing Snoop Dogg this early because I'm still on a gangsta rap high after seeing Straight Outta Compton #dope ,neutral,positive,REVISAR
Fidel Castro's Apple Victory Could Be Short-Lived #fakeheadlinebot #learntocode #makeatwitterbot #javascript ,neutral,positive,REVISAR
Its a fresh start for the Super Eagles of Nigeria when they take on Tanzania....in 3 hrs!  SUNDAY OLISEH ERA ,positive,neutral,REVISAR
"""Sunday Oliseh never see anything as coach of Super Eagles, just having a goaless draw against common Tanzania. #AFCON_2017_qualifier"" ",negative,neutral,REVISAR
socratic seminar tomorrow about if Catholics should vote for Obama or Rommey..I dont care about politic in my country..imagine in another... ,neutral,negative,REVISAR
"""83 Minutes"", major new book on the amazing life &amp; tragic death of Michael Jackson released on Sept 10. @user @user @user ",neutral,positive,REVISAR
@user Your review reminded me I still need 2 read the very 1st Percy Jackson book! Heroes of Olympus is an offshoot series from it? ,neutral,positive,REVISAR
"@user you may, the wonderful thing about people's tastes - completely different.  This Bentley doesn't offend me too much tbh. ",neutral,negative,REVISAR
@user listen to Black Friday with Kendrick Lamar and j cole ,positive,neutral,REVISAR
@user so then you know the names of these two toddlers? Are they hashtags for #BlackLivesMatter too? ,neutral,negative,REVISAR
"Head of #Ukraine's National Bank, accuses populists (#Saakashvili, #Tymoshenko) of undermining ""fragile stability""https://t.co/cXZGSyahtB ",negative,neutral,REVISAR
Alright I won't put on the pressure we'll start with Ashley Graham ,neutral,positive,REVISAR
1/4th of the way through 30 Rock season 6. I\u2019m on my way. ,neutral,positive,REVISAR
@user so the pope visit the philippines somewhere in january ,positive,neutral,REVISAR
whats up with 9th graders obsession with weed and bob Marley ? pretty sure your mom would wipe your ass if she sees your posts about it ... ,negative,positive,REVISAR
"""This is Al Michaels, with Frank Gifford and Dan Dierdorf. Growing up in the 80's. Monday Night Football"" ",neutral,positive,REVISAR
@user Rousey is going to destroy again. Waiting for her to finally fight Cyborg. I think CM Punk may end up fighting Cathal Pendred. ,neutral,negative,REVISAR
"Mass Mayor Puts Jindal On Blast - Bobby Jindal may not make the first Republican primary debate, but he has found ... ",neutral,negative,REVISAR
@user Seems to me like the Spurs gotta be careful because once Kane's contract runs out he may leave ,neutral,negative,REVISAR
"""a reminder that while Christian Ponder may be a terrible NFL QB, he's a terrific community member --- ",neutral,negative,REVISAR
"@user I have to go Romo, all  have is Peyton who I got in the #10th Round.  I think I was drafting against elementary children."" ",neutral,negative,REVISAR
it's tuesday :D #np moanin - yoko kanno (ost. sakamichi no apollon) ,positive,neutral,REVISAR
Scaremongering - Its in the best interests of UK & EU to share info & it won`t stop ,neutral,positive,REVISAR
"7,000 seats for an Apple product announcement? iPhone is just upgrade. Apple/Siri TV may be big. I wonder who's playing? TayTay? Billy J.? ",negative,positive,REVISAR
hey I'm gonna see Ed Sheeran next Wednesday so it's not all that bad ,neutral,negative,REVISAR
I swear if everyone goes to this party Saturday its going to be the new\u002c Project X! ,neutral,positive,REVISAR
Found this after hearing of the loss of Frank Gifford - What a perfect vision of him?  Sending prayers up for family ,neutral,positive,REVISAR
"@user Hi Craig, we run an 'NFL Sunday Quickie' which covers just the NFL games on a Sunday. It's open on the site now!"" ",neutral,positive,REVISAR
Pakistan clears visa accord\u002c India welcomes it - New Delhi/Islamabad\u002c Nov 1 (IANS) A day after Pakistan\u2019s cabinet ap... ,positive,neutral,REVISAR
"""\""""""""All humans are entrepreneurs\"""""""" - Reid Hoffman in \""""""""The startup of you\"""""""" ",neutral,negative,REVISAR
"Jeb Bush: ""If you create encryption, it makes it harder for the American government to do its job"" ",neutral,negative,REVISAR
Israel gov free healh care -approves free state-subsidized pregnancy termination for nearly all women @user ,neutral,negative,REVISAR
@user nigga Saturday were going to a Farmington hills party!!! ,positive,neutral,REVISAR
@user we will have no regrets and may Allah(SWT) grant us the strength to always identify as Muslims with Muslims against all odds. ,neutral,negative,REVISAR
"""I have this thing now where I watch Sunday and Wed eps of Big Brother the day after they air then Thurs live, so much easier tbh."" ",positive,negative,REVISAR
Kathleen McFarland: #Putin deserves the Nobel Peace Prize ,positive,neutral,REVISAR
im laughing someone tagged katalina with persona 5 ,positive,neutral,REVISAR
"@user ice Cube says it in the movie """"Friday"""" but everyone just says it to say it for some odd, dumb reason."" ",negative,neutral,REVISAR
Trying to find Ghostbusters and/or Minecraft related gifts for Gavin's 6th birthday is proving to be a bit of a challenge. He has it all! ,positive,negative,REVISAR
Answer: Moi. Question: Who's seeing Serena play in the semifinals on Thursday? ,positive,neutral,REVISAR
@user @user WPPI starts the 19th I believe.  That\u2019s why I\u2019m flying out the afternoon of the 18th. ,neutral,negative,REVISAR
"@user @user please stop walking and work !! You have more than one month of late --"" The update was annonced the 29 of july, IOS wait! ",negative,positive,REVISAR
Shawn will be at the VMAs tomorrow and I'll be at the red carpet so ill be updating myself ,positive,neutral,REVISAR
"For sure just Missed my exit because was singing to Mariah Carey way too full out. Happy Friday, all. ",neutral,positive,REVISAR
"""I honestly think that from now until May(ish), the only thing I'm gonna look forward to on Fridays is watching the Vampire Diaries!"" ",neutral,positive,REVISAR
Hey @user feel like coming to Edmonton on the 11th with your tour buddies @user #wouldntmind #summerjam ,neutral,positive,REVISAR
@user ok I found it. So I just kinda remembered that I won't be here tomorrow so. I guess we can finish it and then talk to Maite ,neutral,negative,REVISAR
This is the same actor who played Kowalski in #FantasticBeasts.......... ,neutral,positive,REVISAR
Sunday morning up at the lark a think I'll take a bomb to Hyde park hey hey hey it's the IRA ,negative,neutral,REVISAR
Donald Trump is next President but the biggest winner is Melania Trump. She can now call herself The First Lady instead of The Third Wife ,neutral,negative,REVISAR
@user can't believe all the negative response to Rousey article. Fight needs to happen. She'd drop him in 1st round! ,neutral,negative,REVISAR
Soooo when will it be Maduro's turn ? ,neutral,negative,REVISAR
@user I was looking at the Scottish Kilomathon in March. Are you about? St. Patrick's Day (my half birthday ;-)) ,neutral,positive,REVISAR
Seems like Snoop Dogg may need to make way for the title of World's Greatest #Stoner for a certain W. Shakespeare | ,neutral,positive,REVISAR
"""This #GOP race is seriously getting out of hand. Who in the blue heck is John Kasich? Or red heck, as the case may be here."" ",negative,neutral,REVISAR
@user @user I have no argument with fracking never have except in parts of NSW. ,neutral,negative,REVISAR
Highlight of the night - Kofi Annan will be speaking to us on Sunday! Whoop! #OYW ,positive,neutral,REVISAR
@user @user @user @user When the Dems weaponized the IRS they had to know it would circle back on them. 🐴 ,positive,negative,REVISAR
"""A random homeless guy was married you, Justin Bieber may perhaps at this pointed invitation was not in nature."" ",neutral,negative,REVISAR
"@user @user The news is bad for her. Ergo, it may not be presented as the most happy thing for Hillary. ",neutral,negative,REVISAR
Did anybody notice Jurassic World is currently the 3rd highest grossing film in domestic box office history? Damn... ,positive,negative,REVISAR
MYRTLE BEACH WEDNESDAY   2 showsssssss!!!  First stop is for the Visions of Horror show!!!! Second stop is at the... ,positive,neutral,REVISAR
forcing myself to only listen to sam smith for the next 24 hrs to please my sister for the concert tomorrow but dude like. ,neutral,positive,REVISAR
"Fleetwood Mac will represent #TeamTwerk/The U.K. in the 3rd Popptartvision with the song ""Rhiannon"" ",neutral,positive,REVISAR
@user @user its considered late as the stores have been selling XMas stuff since July. No love for Halloween and Thanksgiving. ,negative,positive,REVISAR
My predictions for the BB100 tomorrow 1.) CFMF 2.) DMD 3.) Cheerleader 4.) Watch me 5.) Lean On 6.) Bad Blood 7.) See You Again 8.) My Way + ,neutral,positive,REVISAR
i may or may not have just spent $30 on beyonce related things on etsy ,positive,neutral,REVISAR
@user @user @user @user @user another -> it's a real good on… ,neutral,positive,REVISAR
Somebody remind me to cancel my Amazon Prime trial membership before the 30th so I don't get charged for the year. ,neutral,negative,REVISAR
"""Wait, I got an email that K-State is having Star Wars Day this Saturday. I feel like that went poorly the last time around, no?"" ",neutral,positive,REVISAR
"""I\u2019m in the bathroom bumping \""""""""Niggas In Paris\"""""""" Crunk ass hell like it\u2019s my 1st time hearing it this song will never get old lol"" ",positive,negative,REVISAR
"I mean fuck Snoop Dogg, Nas is coming to the fair tomorrow now!!! ",positive,negative,REVISAR
@user a sad but true story Ms. It's also part of the reason I cut myself off chicas under 25.  But c'mon I luv Netflix AND chillin ,neutral,negative,REVISAR
4th Album out #RED\u002c #20MillionSwifties\u002c 6 Grammy Awards\u002c 10 AMAs\u002c 13 BMI Awards! Reigning Entertainer of the Year ACM!  #6YearsTaylorSwift ,positive,neutral,REVISAR
"""Passionate about CNIS' work, be a rep at Ten Thousand Villages in your hometown on Mar 8 - Winkler 725 Main Street Unit B"" ",positive,neutral,REVISAR
Is it me ... Or is the Amazon Prime Day ... Sucks . I have yet to find a great Better than Black Friday Deal! Damn I was excited too! ,negative,positive,REVISAR
"@user @user @user Right, well. Merlin, I'll be checking on you um... tomorrow. Please have clothes on."" ",neutral,positive,REVISAR
Perhaps a bit insensitive showing the film Four Lions in the run up to the 9/11 10th anniversary..... #justsaying ,negative,neutral,REVISAR
#Iraq #Erbil More #civilians casualties left un-attended and as hospitals lack resourceshttps://t.co/WWrvkDgBED#mosuloffensive #journalism ,neutral,negative,REVISAR
The Benefits of Vegetarianism via @user ,positive,neutral,REVISAR
"Running 3 miles at 730am is what I'm really looking forward to tomorrow. #asthmaticproblems"" ",negative,positive,REVISAR
#StarWars #TheForceAwakens is opening at 500 less cinemas in the US than the 3rd Twilight movie - What?? ,negative,neutral,REVISAR
"Samsung's Galaxy Note 5 may never come to the UK, but if you're a phablet fan that doesn't mean you're out of... ",neutral,negative,REVISAR
"Food giants call a truce w/ Michelle Obama, @user reports (Tho some wld say the 1st Lady raised a white flag) ",neutral,negative,REVISAR
@user i have galaxy s7 and its fine...its the galaxy note 7 that blows up lol ,neutral,positive,REVISAR
Interested in a fieldtrip this Sat. to check out the annual snow goose migration? Text or call Becky at 403-715-7844 ,positive,neutral,REVISAR
"@user noooo not yet. We had a birthday date night last night. Plus I watch it on hulu, which means no Hannibal until Sunday :/ ",negative,positive,REVISAR
Yo if u don't vote Nov 6th for Frank Bolanos for Mayor of Doral....drop kicks and elbows to the face maa niggaa. ,negative,neutral,REVISAR
Come out and have some laughs with Me\u002c Spartacus\u002c and Max at Caroline\u2019s Comedy Club this Wednesday October 24th!... ,positive,neutral,REVISAR
Just found Bentley sat on the floor in the loo  odd dog lol ,neutral,positive,REVISAR
@user .My wish to convey Islam message to everyone. Allah may help you to understand real relegation that is ISLAM. Safe ur self. ,positive,neutral,REVISAR
Take the 1st step in faith. You dont have to see the whole staircase\u002c just take the 1st step. ~Dr. Martin Luther King Jr. #quote ,positive,neutral,REVISAR
"Isn't this like the 4th of 5th reset of Hillary's campaign? ""Hillary Clinton to Show More Humor &amp; Heart, Aides Say"" ",neutral,negative,REVISAR
"""Oh My God what if they unveil that and it's Kane. This may happen people. (I realize the statue's already been seen, but I know how WWE is)"" ",neutral,negative,REVISAR
Oct. 2 is almost too far away for me to wait for the return of #Dexter! ,negative,positive,REVISAR
Please join us tomorrow for a meet and greet with Gov. Scott Walker at the Derry VFW at 11-45. ,positive,neutral,REVISAR
"""Check out red carpet looks from Cate Blanchett, Elizabeth Debicki &amp; Teresa Palmer at the 5th AACTA Awards   ",neutral,positive,REVISAR
Sir Alex pays tribute to Becks - See what Sir Alex and others had to say about David Beckham as he receives Legend .. ,positive,neutral,REVISAR
"""Wed. am, my two part interview with Blues legend Edgar Winter. Listen to 98.1 Free FM at 6:20 and 8:10am. He's at Bluesfest on Sat."" ",neutral,positive,REVISAR
Hulk Hogan. More like Bulk Fooligan. Some folks never know when it's time to leave the room. He's had his day in the sun. Time to go away! ,negative,neutral,REVISAR
.@utahjazz players aim to give Rudy Gobert the experience his French childhood deprived him of: catching passeshttps://t.co/cZcmBwoHUI ,positive,neutral,REVISAR
"""But hey, i guess you could say at least we (Milan) spent money. 3rd place will be one hell of a mission, but Milan did it to themselves"" ",neutral,negative,REVISAR
Wale's content may have similarities to TPAB's but the difference is Kendrick executes it EXTREMELY better ,positive,neutral,REVISAR
Was going to watch Brooklyn Nets - New York Knicks tonight but it got postponed\u002c Knicks gonna get butt-fucked by Miami tomorrow :( ,negative,neutral,REVISAR
Iight lemme stop bs-ing! Over the hatch and down it goes! My 1st (prob last) time drinking Tequi  @ The Lair ,neutral,negative,REVISAR
"""Is this the best you can do, Sun? Lol John Cena can generate more heat than this pffftt."" ",neutral,positive,REVISAR
I'm not just saying this as a larrie but there is no way that briana is having louis' baby. she may be pregnant but the baby isn't louis. ,neutral,negative,REVISAR
I liked a @user video SJW Anti-Trump Protesters Get Triggered [Liberal Riots] ,neutral,negative,REVISAR
"""The Sun has been trying to push this whole """"End of 1D"""" mantra since Zayn left so they can get credit for being the first to say it"" ",neutral,negative,REVISAR
Twilight spent in hottub with my beloved. No vampires or lycanthropy in sight which was sad. But he kissed me better as we watched sun sink ,positive,negative,REVISAR
April & I are having dinner in Jacksonville tomorrow night with Milford & the future Mrs. Milford!  @user #SebringLSA13 ,neutral,positive,REVISAR
"""HAPPY for WILSON getting B'MOUTH 1st&amp;2nd GOALS... Saw him WORKING hard vs MUFC. But, SAD that ADEBAYOR no10 is NOW with KANE. @user ",neutral,positive,REVISAR
#2016 is the new #1966 first #brexit then #trumpton now a crap band from #Romford have done for the Italian president #Renzi #5* #5star ,negative,neutral,REVISAR
It is dedicated to Lady Gaga Some kids with appendicitis may not need surgery ,positive,neutral,REVISAR
@user I\u2019m a Nikon guy\u002c but interested in what you have to say tomorrow... ,positive,neutral,REVISAR
Biden says he'll run if he has the 'emotional energy' #: Vice President Joe Biden said Thursday that the bigge... ,positive,neutral,REVISAR
@user are you still giving away tickets to see Justin on Thursday ? ,positive,neutral,REVISAR
Cuba: No monuments for Fidel Castro — his wish   #Cuba #FidelCastro ,neutral,negative,REVISAR
Thursday Margarita Day with Poker Sign in before 7:15 p.m. And a Funtastic Time!!!! Yeaha Friday Jaron Bell (Riannon bday party) reminder ;) ,positive,neutral,REVISAR
Best Buy Canada to begin selling the Apple Watch on August 14th: A subsidiary of Advanced Semiconductor Engine... ,neutral,positive,REVISAR
yo don't ever say that! god forbid! may it not happen! Zayn is cool...don't even try to compare them...i love zaynnn ,neutral,negative,REVISAR
I like testing Amazon Prime shipping so I don't order shit till 5:00 on a Friday to see if they can get it here by Saturday... ,neutral,negative,REVISAR
Yay!!! Jill Stein raises $4 million for 3-state recount effort #StillWithHer #NotMyPresident @user ,positive,neutral,REVISAR
it always rains for Allderdice's prom then when it's time for lineup the sun is shining bright. ? ,neutral,positive,REVISAR
@user Friday\u2019s the main day!!!! Knicks vs Heat ,positive,neutral,REVISAR
Good enough for me. He told her to concede. And I thought. That is rushing it a bit. Same with Gore. Dems have to g… ,positive,negative,REVISAR
"""Emma Stone in Miu Miu dress at Paris Fashion Week show, matching umbrella and lippie we applaud you! via @user ",positive,neutral,REVISAR
""". @user Hey Karm, will I see you Tuesday at @user ",neutral,positive,REVISAR
"I think that being backed by ""to the right of Genghis Khan"" pair Geert Wilders and Marine Le pen were a much... ",neutral,negative,REVISAR
in this pic Dana White is either immensely proud of his fighters or a creepy perv and I'm not sure which one it is ,neutral,negative,REVISAR
Sharknado is definitely the best of the worst. Come see the spectacle this Thursday at 6 &amp;9pm in the RH Theatre! ,negative,positive,REVISAR
De La Soul is Sunday at Clockenflap?! WTF! At least they had the decency to sched Uptown Rockers for Saturday @user #NYinHK ,negative,neutral,REVISAR
"@user why ""almost Latina"" Hillary did not already work this for you #epicfail Hope they release him! #FreeOscarLopezRivera ",neutral,negative,REVISAR
Pictures: Andrés Iniesta in his recovery stages. #fcblive  ,positive,neutral,REVISAR
"Added psychotic to my library when year 12 starts tomorrow #smartmove #gonnafail"" ",negative,positive,REVISAR
Tonight\u002c Obama was the Buffalo Sabres and Mitt was the Dallas Stars. It may not seem right to... ,neutral,negative,REVISAR
Ed Sheeran is gonna be here tomorrow and I'm not going and that makes me really sad. ,neutral,negative,REVISAR
Details of matches we're showing live for the Rugby World Cup coming later today. ,neutral,positive,REVISAR
@user I may have mentioned that I had just came back from Jurassic World and was sleepy when TLing. I can't recall my thoughts. ,neutral,positive,REVISAR
"""For all the talk of Russell Wilson's greatness, Seattle's passing offense is 31st in league. ",negative,neutral,REVISAR
#BestMixtapesEver I wasn't a @user fan until I heard the 1st Dedication Gangsta Grillz. Changed my whole opinion. ,positive,neutral,REVISAR
"""News: Sydney\u002c Oct 12 (ANI): Pacer James Anderson attacked an \""""""""arrogant\"""""""" Michael Clarke with a batsman\u2019s pad in the dressing room afte..."" ",negative,neutral,REVISAR
"""Tonight's LP Wednesday album is Sonic Highways by the Foo Fighters, playing from 7:30 onwards. Come down, and... ",neutral,positive,REVISAR
"""Chuck Norris has his own school of martial arts of which he is a 10th degree black belt called Chun Kuk Do. This is not a joke, it's fact"" ",positive,negative,REVISAR
If @user wins the @user Title at #RoyalRumble\u002c then he would have to defend it in his 1st ever Elimination Chamber match. ,positive,neutral,REVISAR
@user lol bruh pls dont miss ur flight tommorow i had you winning with Oracle at 3rd Prof 2nd ,neutral,positive,REVISAR
"@user did you see Carly Fiorina is in 5th in Iowa, 2 pts out of second? Maybe the non Top 10 still had a shot?"" ",positive,neutral,REVISAR
@user he\u2019s on the plane to Amsterdam now\u002c bet he\u2019s not in class tomorrow ,neutral,negative,REVISAR
Kendrick Lamar's Black Friday is flame Only he can go that hard for 4 minutes damn ,positive,negative,REVISAR
The Foo Fighters noise will be so annoying on Saturday trying to watch the football ,negative,positive,REVISAR
"""Finally going to get my haircut tomorrow, gonna go with the Brian Cushing look lol."" ",neutral,positive,REVISAR
Obama spends hour on phone with Netanyahu during Benghazi assault   PRIORITIES ,neutral,negative,REVISAR
@user @user me and Kendrick are going to run PS4 this Saturday everyone will know of the return . @user ,positive,neutral,REVISAR
@user You are aware that SCOTUS said that it fell under two sections of the 14th Admendment right? ,neutral,negative,REVISAR
I had no idea U.S. children are required to have this many vaccines... 😯 ,neutral,negative,REVISAR
"""i call them DBSK when they're 5, TVXQ when they're 2, THSK when they're 3, TVXQ! when it's just Junsu, and JYJ if it's HoMin on a wednesday"" ",neutral,negative,REVISAR
Daylight Savings is ending and you know what that means - an extra hour of sleep on Saturday night!  This is our... ,neutral,positive,REVISAR
LOCAL SPORTS: Special to the News-Sun: PLANT CITY - The Highlands Youth Football and Cheer Organization (HYFC) t... ,neutral,positive,REVISAR
@user @user @user Hillary needs to fire up her Transition team That would certainly get Trump back on the 3am tweets ,neutral,negative,REVISAR
"""Super Eagles coach, Sunday Oliseh, has expressed satisfaction with the level of play by his players in his first... ",positive,neutral,REVISAR
Not wearing make up to Dublin tomorrow until I\u2019m getting ready for the party. Help. ,negative,neutral,REVISAR
If I didn't have training tomorrow id be sick and at the Jason Aldean concert #maybenexttime ,negative,neutral,REVISAR
Well...  #SNL is hunting for material for October's TV return.  RE:  One America News Networks with Sarah Palin and Donald Trump. ,neutral,negative,REVISAR
Tomorrow is Thor's Day. He's allowed on the team because his hammer is powered by lightning. No hammers on the team without electricity! ,positive,neutral,REVISAR
Scott Walker defends Ted Cruz after Boehner 'jackass' comment: They may be running against each other in the R... ,neutral,negative,REVISAR
@user Persona 5 is the only one I'll preorder without hesitation. I may never play another Tales game after Zestiria. Utter doo doo. ,positive,neutral,REVISAR
Any body want to meet up at Disneyland tomorrow around 4ish-5ish when I get off of work? ,neutral,positive,REVISAR
Eating doritos w/ tapatio and watching Family Guy to end the night(; ,neutral,positive,REVISAR
#tedxsendai is October 10th Watch it and learn more about the people affected by the Tohoku disaster. ,neutral,negative,REVISAR
friggin like it's really about indie transforming robots ,neutral,negative,REVISAR
"@user @user @user miss 11yo loves 13th street, BBC crime, etc, news hasn't had an impact yet - she still listens to me ",neutral,negative,REVISAR
False start penalty\u002c Garner moved early. Brings up 3rd and 16 from the Yale 47. ,negative,neutral,REVISAR
I understand that the Saints D is terrible but Manning is unreal. Makes EVERY 3rd down. Impressive. ,positive,negative,REVISAR
PPP Poll in NH evidence the disaster not nominating Trump could be for @user Trump as an Independent beats Jeb Bush for 2nd - 28% to 22% ,neutral,negative,REVISAR
@user @user I was just thinking this the other day! ,positive,neutral,REVISAR
2014 FHD goes platinum then a mixtape with Kendrick and now another album and still no #grammy  ,neutral,negative,REVISAR
"@user ya neither can Chuck Norris but they can both kick ass like there's no tomorrow, plus she's hot!"" ",positive,negative,REVISAR
Four Lions is a brilliant film but I think it may be a bit insensitive of Channel 4 to show it so close to 9/11... ,negative,positive,REVISAR
Hello mutuals who's going to The Vamps' concert in Manila on Jan 30:) ,positive,neutral,REVISAR
@user for s second there... I thought this was a picture of kim jong un... ,neutral,negative,REVISAR
"""Niall is wearing the leg brace on stage. He may be injured and from the looks of it, no jumping for tonight! :( #OTRAMontreal"" ",negative,neutral,REVISAR
@user after tonight Colts fans are going to say Manning is John Beck like. ,positive,negative,REVISAR
@user @user I think the stroke of brilliance in casting may wind up being Sacha Baron Cohen ,positive,neutral,REVISAR
.@NationalBook Award-winning author @user will deliver Black History Month Lecture at #VCU #NBAwards ,positive,neutral,REVISAR
I'm going to Cleveland tomorrow so I'll break up the losing streak.  Verlander may help. ,neutral,positive,REVISAR
So the much mocked Amazon Prime Day? It outperformed the company's best Black Friday by 18%. Humanity in a nutshell. Look at the shiny. ,neutral,positive,REVISAR
@user @user Your conversation on race/species in the #CypherSystem gave me much to think about. I may make a post on Google+. ,positive,neutral,REVISAR
Can you believe that The Salvation Army in Goshen is already working on Pancake Day (November 16) and Christmas... ,neutral,positive,REVISAR
"""Kane should have scored, but Howard made a great play on that (and the Toby header). Optimistic for the 2nd Half! #COYS"" ",positive,neutral,REVISAR
I've yet to hear any of them address the possibility that Muslims may take offence at being put in church halls. Get your Plan B ready. ,neutral,negative,REVISAR
Happy Iraqi soldiers celebrates pushing ISIS destroy reporter's show.#mosuloffensive #mosil #isis #iraq #war ,positive,negative,REVISAR
I listen to Kendrick Lamar - Black Friday bout 50 times a day... He literally went in the WHOLE time ,positive,neutral,REVISAR
"I didn't think this was possible, but my Apple Watch has 13% battery left right now &amp; I last took it off the charger Tuesday around 8AM ",positive,neutral,REVISAR
AQ operative & BRSC leader Mohamed Aldresi (Al-Nus) calls on Jihadist from 10 states to join fight against Libyan a… ,negative,neutral,REVISAR
ricky martin has been my crush since i was like 8... i don't think that's ever gonna change 🤔 ,positive,negative,REVISAR
"""We get to keep Curtis, right?  He's going to be a regular?  He's going to be in the Arrow Cave soon? ",positive,neutral,REVISAR
"""I snuck up behind my brother and yelled JOHN CENA, scaring him. Then sat down and said, """"I guess you could say you didn't see me."""""" ",neutral,negative,REVISAR
"""Big Brother starts tonight and X Factor on Saturday, wish I could emigrate or hibernate :-("" ",negative,positive,REVISAR
When was the last time we've had a subpar Monday Night #Raw? Tonight looks to be no different! Seth Rollins is gold. ,positive,neutral,REVISAR
"@user @user turns into Cupid in February, becomes the Easter Bunny and does short stints as Superman, Thor &amp; other characters"" ",positive,neutral,REVISAR
Orono is the FRIDAY MOVE ,neutral,positive,REVISAR
Northern lights sale tomorrow following the Wexham Cup Bull Sale; sale of Elite Female Holstein & Jerseys! A real treat of a sale! No trick! ,positive,neutral,REVISAR
"""'America's Got Talent' semifinals begin Tuesday: We want different singers than American Idol and X Factor, said... ",negative,positive,REVISAR
David wright 1st game back and he goes deep ,positive,neutral,REVISAR
"""I'm going to Milan tomorrow, jen can you come out from nowhere let's meet x"" ",neutral,positive,REVISAR
#OnThisDay1987 CBS records shipped out the largest pre-order in the company's history for Michael Jackson's album Bad ,positive,neutral,REVISAR
In 6th grade Justin Bieber had a crush on a girl and dared her to kiss him but she didn't. ,neutral,positive,REVISAR
The best part about this story is that David Cameron justified the attack as self-defense. ,neutral,positive,REVISAR
#Hamas urges Lebanon to stop isolation wall construction ,neutral,negative,REVISAR
"""Last night was #twEATup dinner at Bucci, tonight is  sister's bday dinner in Sunnybank, tomorrow is dinner at The Red Hen. #whatweightgain"" ",neutral,positive,REVISAR
LAKERS NOTEBOOK: Nash listed as doubtful for showdown with Clippers: Steve Nash and Kobe Bryant sat out ... #lakers ,negative,neutral,REVISAR
I was sat with my auntie who has seen Michael Jackson live &amp; I had to watch a shitty Bruno Mars tribute try to sing Billie Jean ,negative,neutral,REVISAR
@user she may not be ready for Rousey yet. ,negative,neutral,REVISAR
11th 2001 Airline Hijackers were Muslims' Think of it: Buddhists living with Hindus = No Problem Hindus living with Christians = No (9/44) ,neutral,negative,REVISAR
@user with the 28th pick...the #packers select Some fat punter out of Wichita St. ,neutral,negative,REVISAR
"""And on this Tuesday night I will ponder why they decided to make a rap remix of """"Bad Blood"""""" ",neutral,negative,REVISAR
All my thoughts and prayers go out to Sergei Bubka Jr. who fell from the 3rd-floor-apartment in Paris. ,negative,neutral,REVISAR
#VoteForBJP Let's make 15 october 14 as another Independence day congrss mukt bharat ,neutral,positive,REVISAR
Sat through Jurassic World w/ a screaming baby in my ear + a 6 year old climbing up the back of my chair. Ruined my experience @user ,negative,positive,REVISAR
"""Iran Wants Stable Middle East While Erdogan 'Tries to Break it Down': On Sunday, Erdogan lashed out against Ir...  ",neutral,negative,REVISAR
@user funny everyone i know is paying actual money for theirs w/ some subsidies. Only 1 person i know got expanded medicaid ,positive,negative,REVISAR
@user Tomorrow you can show me Lucas Scott and Lily Roe #Loser ,negative,neutral,REVISAR
@user Please sign this poster we're going to give it to #TheWalkingDead fans <3  #CCXP2016 ,neutral,positive,REVISAR
Johnny Lennon is going to ask Paul McCartney and McCartney's right love to be based in Jerusalem for the July 15th Apple time event. ,neutral,positive,REVISAR
"Oh well, time always catches up ...... ",neutral,positive,REVISAR
"""Right, I'll see you Thursday! I'm sorry I didn't get to meet you, sir!"" - Kurt Cobain 1967-1993 ",neutral,positive,REVISAR
So FIFA and NBA 2K are coming out on the same day and I am also upgrading to a PS4. September 25 is going to be an expensive day ,neutral,positive,REVISAR
"@user my congressman, the despicable Tim Ryan is challenging Pelosi for minority leader. He's being called a sexist for it 😂😂 ",negative,neutral,REVISAR
3rd week of CFB rankings done.. I want to know what you guys like/dislike about them. What should I add? Any other comments? Email/Tweet me! ,neutral,negative,REVISAR
"""Had a little trip out to the old town of Albuquerque, could easily be Mexico or Spain! Off to Vegas 2moz should get there Monday morning!"" ",positive,neutral,REVISAR
"""So @user is it true that Kris Bryant will win NL ROY as long as he is still breathing in October? Does he even need to swing the bat again?"" ",neutral,positive,REVISAR
"""Today in Beatles History (March 15, 1999): Paul McCartney is inducted into the Rock and Roll Hall of Fame."" ",positive,neutral,REVISAR
"@user natural outcome of the developing theme among liberals & rightists that only they truly opposed fascism, but were forced into a + ",neutral,negative,REVISAR
ME& @user  going to Phuk The City Up Sept 15. we taking it back to Fairground for #BATTLEOFTHESEXES lets see who rock men/women ,neutral,positive,REVISAR
"""I\u2019ve never sat through an episode of \""""""""Gossip Girl\"""""""" which does not inhibit me from calling it \""""""""Jim Henson\u2019s Bret Easton Ellis Babies\"""""""""" ",neutral,negative,REVISAR
"Nope. Still half-asleep. More dancing. Seems like a Madonna sort of Monday, so on with a Bonus Song of the Day:  ",neutral,positive,REVISAR
"""HTB, MOB, PBC, Strife, Defeater, Living with Lions and The Bronx today. AAAWWH YEEEAH HEVY YEEEEAHHH"" ",positive,neutral,REVISAR
Danny Care and James Haskell recalled to the England side for the third Test against South Africa on Saturday\u002c ,neutral,negative,REVISAR
@user keep uribe in. Wright cant throw from 1st to 3rd on the fly. David wright sucks the life out of this team. He's an AVERAGE player. ,negative,neutral,REVISAR
@user I know its not October 3rd but I'm going to Disney world so if you wanna come on down come on down! ,neutral,positive,REVISAR
Dustin Johnson dealt with another major disappointment after shooting +3 &amp; going from leading after 2 at -10 to being tied for 22nd &amp; at -7 ,negative,neutral,REVISAR
@user  u flaze now I'll just go Friday with justin ,neutral,positive,REVISAR
@user That was the revelation I mentioned on sunday evening. I am still in Abj. How are u & where have u been again? ,positive,negative,REVISAR
Winter Jam is all set up! The artist line up and tour dates will be announced on October 30th! Who do you hope is going to be announced? ,positive,neutral,REVISAR
Grocery delivery services Instacart and Amazon Prime Now to the test in this Does it Work Wednesday: ,positive,neutral,REVISAR
"Erdogan ""knows that the Dec. 17 and 25 corruption operations hang like a Sword of Damocles""  ",negative,neutral,REVISAR
@user @user @user Corby may not acknowledge this because he hasn't been told by Rolling Stone that it's cool. ,neutral,negative,REVISAR
Come see @user August 26th at the Rex Theatre! Contact us for tickets. ,positive,neutral,REVISAR
why did i just hear some car driving slowly down 24th street blarring.............. Elvis Presley? ,negative,neutral,REVISAR
@user @user I hope you're referring to the Ole Miss game.  Play Bama on the 4th Saturday ,neutral,positive,REVISAR
"@user I know, everyone is slowly losing the battle against shaytaan. Islam is a struggle to follow nowadays. May Allah strengthen us"" ",neutral,positive,REVISAR
Surprising end to a Gauntlet Match between Brock Lesnar and the three weakest members of the RAW Roster in WWE 2k14. He lost to the 2nd man. ,negative,neutral,REVISAR
"@user Kane, Karlsson, Getzlaf, Couture available for my 1st pick. Who would you take? I want Forsberg and/or Buff."" ",positive,neutral,REVISAR
@user nah the social security dept. had my info mixed up my fault ,neutral,negative,REVISAR
Well...looks like One Direction has finally decided to end the standoff. Thanks for the free Zayn promo though! ,neutral,positive,REVISAR
@user no hun they take down the chart but the voting does not stop till the 25th #MTVStars Lady Gaga ,neutral,negative,REVISAR
@user James Bay is on Radio 2 with Chris Evans either this Friday or next (I think next) ,positive,neutral,REVISAR
"@user @user No because it didn’t happen. FBI investigated, allegedly, and found nothing. Clinton Foundation has saved millions ",neutral,negative,REVISAR
in February the movie 'zoo lander' is coming out and justin bieber is in it ,neutral,positive,REVISAR
"""The Night Watchman's Journal.... Scholar Who Walks the Night... poor you sun, homin oppas do not like u.. they like night more"" ",neutral,negative,REVISAR
White-collar supremacy? White supremacists have always been suit & tie wearing pseudo-intellectuals. NY Times just wants hits lol ,neutral,negative,REVISAR
"""I can't wait to watch the news tomorrow"""" last night the crazy ignorant over arrogant Kanye West speaks out crazy as always """" ABC broadcaster"" ",neutral,positive,REVISAR
@user digi was on the 18th but i didn't go but im going to slaybells ,positive,neutral,REVISAR
I DIDN'T KNOW RICKY MARTIN WAS A GUEST AT THE 1989 WORLD TOUR OH MY FUCKING GOD ,neutral,negative,REVISAR
"""MT @user Remember when Miami vs VT on a Thursday night was a marquee game? Oh yeah, back when they were in the Big East."" ",neutral,positive,REVISAR
I think I'm starting to get sick &amp; it's not okay because I'm going to Disneyland tomorrow )-: ,neutral,negative,REVISAR
Praying Frank Ocean releases his album tomorrow just to soften the blow ,positive,neutral,REVISAR
@user Playing around on the piano. Paul McCartney 's So Bad and Carole King's Will You Still Love Me Tomorrow. Sleep tight. ,neutral,positive,REVISAR
Is anybody going to the Strawberry Festival\u002c in Leicestershire... i will be painting there live on the friday and saturday ,positive,neutral,REVISAR
Ruddock wants to stay competitive on fossil fuels...but we will be left holding the dirty coal as the world changes without us #TheDrum ,neutral,negative,REVISAR
"""Caitlyn Jenner fears she may have to serve in MEN'S prison, revealing she ... - ",neutral,negative,REVISAR
"@user @user your ""source"" amounted to the Monarchy of Qatar, which owns the network and sponsors Terrorism by #Hamas ",neutral,negative,REVISAR
I'm going to be in Toronto om Wednesday and I would totally be ok with meeting any Big Brother contestant or @user ,positive,neutral,REVISAR
justin was the 3rd person I tried getting today show fan passes for and didn't get I have no luck lol ,neutral,negative,REVISAR
Great explanation of the Electoral College...and the need for it...The Anti-Trump Riots are a Smoke Screen ,neutral,negative,REVISAR
Wow Drew Peterson was just convicted on september 6th for murder of his 3rd wide and they never found the body of his 4th wide Smfh ,negative,neutral,REVISAR
Don't forget The Vintage Bazaar tomorrow at @user its the last one in #frome before xmas @user @user @user ,neutral,positive,REVISAR
#TurboKid is already off of Amazon prime for free? NOOO!! Bummer man .I guess my 17th watch of it is gonna be delayed a bit .@turbokidfilm ,neutral,positive,REVISAR
"""C.J. Cron has dropped a popup, booted a grounder, and broken up David Price's no-hitter in the 5th with a double #Angels"" ",negative,neutral,REVISAR
Wanna go to tomorrow's game with FEC? Join us at the second floor of the Ponce garage at 8 a.m.! ,neutral,positive,REVISAR
If Donald Trump expects to keep his lead he may want to head on down to Kentucky and STAND behind Kim Davis. I... ,neutral,negative,REVISAR
@user Look at the date. it was january 7 2014 after Charlie Hebdo. Don't be so willing to confirm your biases. ,neutral,negative,REVISAR
Shawn for the win she doesn't no older boys. ,positive,neutral,REVISAR
"@user Good article, and good point about Sakho. He could be sat here now in the same situation as Kane, with people starting to doubt."" ",negative,positive,REVISAR
Post on Social Networks and Win a #Tesla Model S from TemplateMonster! #contests #prizes #wordpress ,neutral,positive,REVISAR
@user Reviews hit tomorrow\u002c will be writing up my initial impressions then. My general tip for big Android tabs: No\u002c just no ,negative,neutral,REVISAR
You guys\u002c @user is going to have fried Thin Mints and Tagalog ice cream tomorrow. ,neutral,positive,REVISAR
This is the 8th time Erdogan talking to mukhtars ,neutral,negative,REVISAR
This may be unexpected but I found a very special lady with similar personalities! Nicki and Miley beef is over! @user ,positive,neutral,REVISAR
A woman called Nicki a wee bitch and spat because she sat down in front of her on the 11 ,neutral,negative,REVISAR
"It was a jab at Donald Trump, but they both have a D, an N, an A and an R in their names so I get the NYT confusion. ",neutral,negative,REVISAR
I'm not sure what Rahul Gandhi is trying to accomplish with all of this ,neutral,negative,REVISAR
Tomorrow @ 5pm in GSC buy tickets to Ed Sheeran in concert at Riverbend on 9/17. Tickets are $20 cash. See you there! ,positive,neutral,REVISAR
Don't forget to buy crap! Also who's got my #Hatchimals hookup ,negative,positive,REVISAR
Hey @user my name is Shaky Knee. I ordered the Seth Rollins U Can't C Knee shirt and I need it before Sunday. Let's make this work. ,neutral,positive,REVISAR
Come to the Eagles Club tonight for Monday night football. ,neutral,positive,REVISAR
The wind bringing all of the leaves to our feet for tomorrow\u002c the Street Viceroy artwork and track list to be unveiled. SAMO\u2019s Red Carpet. ,neutral,positive,REVISAR
Obama gives Joe Biden 'blessing' for 2016 bid &gt; If a second Clinton mail server turns up he may get the nomination? ,positive,neutral,REVISAR
Going out tomorrow for the first time in 11 days to my dads for dinner first watching Dons v Preston on Sky Sports 2 tho #SteppingStones ,neutral,positive,REVISAR
If Kendrick and Cole drop they're album in February watch Drake drop his a week after just to kill there buzz. That would smart marketing ,positive,neutral,REVISAR
"""Tomorrow I'll be reunited with my PS4, how sad am I?"" ",neutral,negative,REVISAR
"""Fabio Capello: \""""""""From what I\u2019ve seen these days I can assure you Russia are capable of getting a good result vs Portugal tomorrow\""""""""."" ",positive,negative,REVISAR
"""Scott Walker on the Bucks. """"It's cheaper to keep them."""" He repeated that inspiring line of reasoning Wednesday. Best passive/aggressive ever"" ",neutral,positive,REVISAR
Saying jumbo shrimp on the menu when it is CLEARLY not is just as offensive as homegirl from Friday saying she looked like Janet Jackson. ,neutral,negative,REVISAR
@user #brexit the british people who supported #italy have to support G Miller.Italian referandum and Sup.Court case is same! ,neutral,negative,REVISAR
Class is in: Learn the key new terms for the NFL season: Tom Brady is suiting up Thursday night against P... #NFL ,neutral,positive,REVISAR
A touch of class from the R&amp;A putting Paul Dunne out in the last two ball tomorrow. What a day ahead for him. Everything crossed. #gogetem ,positive,neutral,REVISAR
Still Report # 1113 – NY Prosecutor Preet Bharara Goes After Corrupt Clinton Foundation....https://t.co/GsU2Acy7Pp via @user ,negative,neutral,REVISAR
@user @user @user LOL when Dems accuse other people of election rigging. ,neutral,negative,REVISAR
Team Kumite in Tohoku championship  We got 3rd place!! This photo was taken 3years ago... Do you find me??Lol ,positive,neutral,REVISAR
"Cuba fails to meet US requirements for lifting embargo, injustice, human suffering, poverty & exploitation are on the rise #SundayMorning ",negative,neutral,REVISAR
Playing me some of The Offspring in the car. I head may explode due to Nostalgia if Pretty Fly For A White Guy is performed at Soundwave. ,neutral,negative,REVISAR
It\u2019s on....Wifey and I gonna make the trip from New Mexico for my 30th bday to join the #12thMAN on 12/9/12 to for the AZ game. #Seahawks ,neutral,positive,REVISAR
"""Save the date, August 23 2015, #SummerSlam main event, The Undertaker Vs. Brock Lesnar..Gonna be EPIC..#WWE"" ",positive,neutral,REVISAR
just synced saturday's live set on my ipod. time to pick up fragments of my memories together and cry on the train... ,negative,positive,REVISAR
"@user @user @user She still has three games on Nintendo consoles (4th one coming up), so she still has a chance ",positive,neutral,REVISAR
"@user its not the 1st time religion is manipulated,in this case Islam. Raif spoke out against the establishment, he's a hero.#FreeRaif"" ",positive,negative,REVISAR
Paul Mccartney is coming to State College in October to perform live at the Bryce Jordan Center!!! OMFG *faints* ,positive,neutral,REVISAR
"""Sucks i cant go to the Nekromantix show OR the Brian Setzer Orchestra show tomorrow and saturday:( i really want to go:,("" ",negative,neutral,REVISAR
@user Modi will come and go...dynasties may emerge again but if the system is fool-proof no politician can loot the treasury. ,neutral,negative,REVISAR
@user fell asleep during Magic Mike XXL.....guess we are just gonna have to rewatch it tomorrow.....daaaarn ,neutral,positive,REVISAR
"""Bizarre fact: Remembrance Sunday (tomorrow, peeps!) shares the record for joint longest televised annual event with the Chelsea Flower Show"" ",neutral,positive,REVISAR
I don't need Medicaid I always get seen 😎 ,neutral,negative,REVISAR
@user @user @user take saturday. compare byram and bellusci. now because bellusci is more animated does that mean he cares ,positive,negative,REVISAR
"@user right you are, they could end up picking sidney crosby 1st rou... wait a second, that already happened"" ",positive,negative,REVISAR
"""Drake went in on meek again, it's all over! The only beating worse than this was the one Rousey delivered on Saturday"" ",neutral,negative,REVISAR
"@user didn't briana and Louis were """"together"""" around march? Well, at least that's what I read on the magazines."" ",positive,neutral,REVISAR
Mum couldn\u2019t help but laugh at the fact she\u2019s sat on this boat watching Dt Seuss\u2019s The Lorax with her 18 year old daughter :) #hellyeah ,positive,negative,REVISAR
"Spring pictures tomorrow = drama drama drama.... Can't wait til morning."" ",negative,positive,REVISAR
@user @user um u don't have to be vegan to be against animal testing but k ,neutral,negative,REVISAR
Stuck in the Dallas airport until 11:20... On a Saturday night #gettincrazy #getmehome ,negative,neutral,REVISAR
@user hey Matt my buddy got me a ticket for this Sunday's game against the Vikings. Any chance you're going and we could meet? ,neutral,positive,REVISAR
My biggerst worries about this hurricane are Meryl Streep and Susan Sarandon\u002c because they live in NY\u002c may God protect them and ther family ,neutral,positive,REVISAR
- Joseph Prince (FB):Don\u2019t worry about tomorrow! Jesus\u002c your divine servant\u002c has gone ahead of you\u002c p...Don\u2019t wo... ,positive,negative,REVISAR
@user @user @user @user riiiight... because all those anti-Trump riots are his supporters. ,neutral,negative,REVISAR
Craziest day ever and back for 3 shifts at work tomorrow (Kim Kardashian cry face) ,negative,positive,REVISAR
#Japan plans to #build the fastest #deeplearning #supercomputer ,positive,neutral,REVISAR
"""Bagel day at work tomorrow, means I don't have to spend my own money at Dunkin"" ",positive,negative,REVISAR
Next #ScreamQueens 💋🔪😈 ,positive,neutral,REVISAR
mistletoe by justin bieber is my jam all year round i don't care if it's july imma have that song blasting by the pool ,positive,negative,REVISAR
@user @user @user @user @user @user She will more than likely go to work4 Wells Fargo! ,neutral,negative,REVISAR
@user Pumpkin will be at a Dunkin' near you by August 31! #DDPumpkin ,positive,neutral,REVISAR
@user @user @user I hope that they attract the right audience and some that may not have seen DBZ or Naruto before. ,positive,neutral,REVISAR
It\u2019s Friday and the Soul Train is firmly parked in PRI for the Soul Show on the Radio\u002c C\u2019mon Perth get your requests in for the next hour :) ,neutral,positive,REVISAR
"""How did Marco Rubio, Eva Longoria and Marc Anthony bring star power to the election? NBC Latino breaks it down #latism ",neutral,negative,REVISAR
@user may i also remind you Milan  was one the original clubs punished in the scandle ,negative,neutral,REVISAR
"""Instead, it's Washington, D.C., and the incoming administration of President-elect Donald Trump that has state... ",neutral,negative,REVISAR
@user @user HELP!! Bobby Jindal has just doomed Louisana.  ,negative,neutral,REVISAR
Alan Pardew comparing Colloccini to Bobby Moore is like comparing wanking to sex\u002c everybody knows that the 2nd choices are 10x better ,positive,negative,REVISAR
DeSean Jackson suppose to be at Training Camp on Monday...hope the Eagles lock him up and extend Mike Vick... ,negative,neutral,REVISAR
@user @user i'm working to make masked lumen and in March i'll go to cartoomics in milan with a big italian group for bayo ,positive,neutral,REVISAR
@user @user might wanna check on me if we lose tomorrow... Might pull something similar to that Kony guy in the streets ,negative,neutral,REVISAR
"""The Rock waded into Hulk Hogan's ongoing racism controversy Thursday, telling reporters he was """"pretty disappo... ",neutral,positive,REVISAR
Anyone else realised that getting a #Hatchimals is actually harder than copping #yeezyboost 😳 ,neutral,negative,REVISAR
@user @user @user @user @user And neither he or Lynch said anything about the Comey letter. ,neutral,negative,REVISAR
"""Sunday was """"National Ice Cream Day,"""" and today is """"National Junk Food Day.""""""""National Type 2 Diabetes Life,"""" is just around the corner, ppl"" ",negative,positive,REVISAR
Kind of really upset I'm missing fgl tomorrow night. Guess I'll have to make up for it at Jason Aldean ,negative,positive,REVISAR
"Preview ""Suite 12"" on Amazon and check out the album tomorrow! #urbanartsent #1smrecords #doingjusticeishine ",positive,neutral,REVISAR
Still digesting #Westworld - will have to rewatch! ,neutral,negative,REVISAR
"""It's a longshot, but if I were a betting man, which I am not, I'd say John Kasich may end up the GOP nominee. It's not going to be Chump."" ",neutral,negative,REVISAR
Why condoms are ‘bad’ for you on Valentine’s Day ,neutral,negative,REVISAR
What time is it? @user Thurs at 8PM! Improv favorite Comedy Central\u2019s Bob Biggerstaff! $5 with promo code: CHILI ,positive,neutral,REVISAR
Got to show my rubbishy physics presentation tomorrow :/  The only good bit is Daniel Radcliffe singing the elements song ;) ,neutral,positive,REVISAR
"""Look, fighting Triceracop and Hackerman and the Armed Vikings is one thing, but that's Thor AND a T-Rex.  Surrender may be the best option"" ",neutral,positive,REVISAR
Danee is going to turn 13 tomorrow....OMG i tot she's going to turn 15! I tot it'll only took her 2 yrs to properly join sexy luv dance. ,neutral,positive,REVISAR
Amateur hour at Lord's y'day &amp; from 2.00pm when Paul Dunne kicks off his 4th round with Shrek. #LoveMondays #TheOpen ,positive,neutral,REVISAR
"""Tony Blair Faith Foundation: 65,000 fighters belonging to other Salafi-jihadi groups in Syria sympathise with IS ",neutral,negative,REVISAR
"""And the worst PPV of the year award goes to: Floyd Mayweather, Sept 12th"" ",negative,neutral,REVISAR
"@user @user Bret Hart, HBK, and Vince McMahon were now involved in the 2nd best screwjob ever"" ",neutral,positive,REVISAR
@user dude! The coaches have been announced for the new TUF season starting September 9th. Conor McGregor for EU and Urijah Faber 4 USA ,positive,neutral,REVISAR
"Got tomorrow off, not going to digi tonight would be rude ",positive,negative,REVISAR
Photo: studyrelief: 05 september 2015 : i smashed up my iPhone last night and the pixels on the screen have... ,negative,positive,REVISAR
"""Bargain said that """"Iran was the 1st 2help us"""". Is that means each take a piece or credit goes2 1country or another? @user @user ",neutral,negative,REVISAR
Amazon Claims Prime Day As Big As Black Friday: Amazon Prime Day netted the e-commerce... via @user ,neutral,positive,REVISAR
"""Coming home tonight, I saw a \""""We support Italy in the Rugby World Cup\"""" in a hair salon in Newmarket. Ha! How come... ",neutral,positive,REVISAR
Scott Walker pretends that building a wall on the Canadian border to keep out terrorists is a serious idea. ,negative,neutral,REVISAR
@user yo yo can you come Sylvia park at 6 tomorrow we gonna meet some all blacks with @user  if she can come. ,neutral,positive,REVISAR
"Check out Michael Moore humor and political satire, STUPID WHITE MEN 1st edition hardcover  via @user ",neutral,negative,REVISAR
#Seat down relax get your proportional dose of thanksgiving the word style. ,positive,negative,REVISAR
Anyone want to see Sam smith with me on October 6th? ,neutral,positive,REVISAR
See the legendary Paul McCartney LIVE at Air Canada Centre on Oct 17! On sale Friday at 11am. #OutThere ,positive,neutral,REVISAR
@user lemme know the exact date because i wanna come with you \u002c and we out to Rih concert in march cha ! ? ,neutral,positive,REVISAR
I'll say it again. I'm willing to bet a crate of Obolon that Poroshenko will use Kuchma's 1999 strategy and win the presidential election ,neutral,negative,REVISAR
"@user is in town. Deutsche Bank golf tomorrow, Newport RI in the evening and Jays vs. Red Sox Monday &amp; Tuesday. Nice Labor Day weekend."" ",neutral,positive,REVISAR
Safe and sound at the hotel! Scotty passed out on the plane and had to get doctors and oxygen. Practice tomorrow\u002c... ,positive,neutral,REVISAR
"Welcome to the clubThe year of vilification of the professions-doctors,judgesWhy? Because we hold Govt to accounthttps://t.co/6oKR0TzBo2 ",neutral,positive,REVISAR
"""Little story. My dad asked me today, \""""Who is Silva fighting tonight?\"""" and I replied \""""Yushin Okami.\"""" 5 minutes later my dad asks..."" ",neutral,positive,REVISAR
Beyonce: has an album called 4 got married on the 4th Jay-Z's b'day's on the 4th got a 4 tattoo  WHY DO PEOPLE THINK SHE WAS BORN ON THE 3RD ,neutral,negative,REVISAR
Quote this every time the Kremlin & pro-Putin media propagandists claim that #US troops are threatening Russia.… ,neutral,negative,REVISAR
"@user The Winans are doing the smash hit \""""""""Tomorrow\"""""""" its cool but not the same without all the brothers. More on the Whitney Memorial."" ",positive,negative,REVISAR
Sam Smith tonight. Probs won't have a voice tomorrow. ,neutral,positive,REVISAR
The Spurs don't appear to be missing Manu Ginobili right now but they may get him back in the lineup on Saturday. ,neutral,negative,REVISAR
I think I may know the story of the party nail. Salina Gomez jammed her finger the night before the Grammy awards. I rock a party toe today! ,neutral,positive,REVISAR
Net Net and Danee gon beat my ass at school tomorrow especially Net Net she be on dummy ,negative,positive,REVISAR
Don't try to hold a conversation with Paul while he's half asleep because he will just talk to you about Tony Romo dying. ,negative,neutral,REVISAR
I may or may not have put a song from the Game of Thrones soundtrack on the playlist for the yoga class I'm teaching tonight. ,neutral,positive,REVISAR
Vanessa and denies are coming shopping with me on black friday.! ,neutral,positive,REVISAR
I wonder how may twitter atheists have been converted by Christians. And vice versa.   Give it a rest FFS. ,neutral,negative,REVISAR
Them Seniors gone beat the Juniors tomorrow. ,neutral,positive,REVISAR
@user Chuck Norris once stared at the sun for hours... the sun then blinked. ,positive,neutral,REVISAR
@user @user @user Point missed totally...after Port Arthur national strategies abt gun control were set up. No changes. ,neutral,negative,REVISAR
"I can't believe Nintendo is announcing the NX.  ""Just because I mean why not. Here ya go. Happy Monday"" - Miyamoto ",positive,negative,REVISAR
join me and @user on Sept 10 after the close!  fun webinar after Labor Day ,neutral,positive,REVISAR
"""Wait if Briana really got pregnant in march when they said she did, doesn't that mean she is 9 months already and that she is due any day?"" ",neutral,negative,REVISAR
"i'm not even catholic, but pope francis is my dude. like i just need him to hug me and tell me everything is okay. ",positive,negative,REVISAR
".@nationalpost So Justin's ""solution"" is to help the rich so the rest of us may be able to afford to rent, not own, their properties? ",neutral,negative,REVISAR
Is Artificial Intelligence Finally Coming into Its Own? - via @user ,neutral,positive,REVISAR
'Long Live Fidel!': Castro's Ashes Interred in Cuba ,positive,neutral,REVISAR
"""Busy day in Milan tomorrow, four meetings. Hopefully no fog..."" ",positive,neutral,REVISAR
Why is Rahul Gandhi smiling? C'mon the answer is simple. He is absolutely free to watch Chota Bheem now. ,neutral,negative,REVISAR
@user @user I definitely watch a different game than you. England 2nd best 1st half and not that good 2nd half Kane is difference ,neutral,positive,REVISAR
"""This is the 3rd time I've seen Gadafi in a long while, and every time he's with Tony Blair ",neutral,negative,REVISAR
@user @user @user @user @user Soros backed dems tryin to overthrow Gov Timed 160k a day donations ,neutral,negative,REVISAR
"""The Boys' took care of business tonight! 23-17 over the damn viqueens. Felix, Dez, & Romo went HAM!"" ",positive,neutral,REVISAR
Fucking stoked to hang out with my girl Thalia tomorrow night. Haven\u2019t seen her in ages. ,positive,negative,REVISAR
i'm going to digi tomorrow &amp; i'm so scared ,negative,positive,REVISAR
"""Ooh Operation Raccoon City is 19.99, I may pick that game up, if I have the strength to..man I gotta sleep earlier."" ",positive,neutral,REVISAR
@user Came here from your Caitlyn Jenner article from June 1st. Totally agreed with you on it and other issues. Being PC goes too far. ,positive,negative,REVISAR
Thanksgiving break is like the Thursday to Christmas break which is Friday. And now that Friday is here I don't know what to do. ,negative,neutral,REVISAR
Mansbridge interview with Trudeau may not have been a classic but I did find Justin believable. And I dont feel like I need a shower #elxn42 ,neutral,negative,REVISAR
3D playing tonight on our back deck 6-9pm.  Off Duty Angels tomorrow night 7:30-11. Sam Adams Promo and Red Sox... ,neutral,positive,REVISAR
@user @user Ask Scott Walker he seems to be in the game. Puns always intended;-). Happy Monday! ,positive,neutral,REVISAR
ANN7 insert on abortion is so ten seasons ago news chapters cannot stunt rumour stigma wen FAM say multiple ones as young teen was the case! ,neutral,negative,REVISAR
Jenson Button may be worrying about keeping his number one place in the McLaren team - ,negative,neutral,REVISAR
"#HappyHolidays #fun Sarah Palin interviewed multiple 2016 GOP contenders on Friday, but it was far from the gr...  ",neutral,negative,REVISAR
"Galaxy Note 5: Samsung Sends Out Invites For August 13 Unpacked Event: Yes, the previous rumors were ... #Samsung ",positive,neutral,REVISAR
The Late-October Best Picture Oscars Predictions You\u2019ve Been Waiting For:      Coverage of the Oscars has reache... ,neutral,positive,REVISAR
"""Paul Dunne cards final round 78 to go from leading #TheOpen to finishing as 4th best amateur. Still, at least it didn't cost him anything."" ",neutral,positive,REVISAR
"@user well, @user has no problem telling you that he fully supports #Hamas . I wonder where all the donations go. ",neutral,negative,REVISAR
"Rick Porcello aside, the BBWAA has been doing a better job recently with its Cy Young voting ",neutral,positive,REVISAR
@user yet we won the popular vote we already out number u. And we are slowly expanding into the rural/suburban area ,positive,neutral,REVISAR
Of all of the promises of scifi I never thought we'd see Big Brother come to light... #FB we'll be like UK soon ,neutral,positive,REVISAR
Nice evening for a little walk. Apple Watch is telling me to stand up so better listen to it. #gettingfat #sunday ,neutral,positive,REVISAR
dream: rap twinks sets fire both end uo desd gay marriage unsolved? ,negative,neutral,REVISAR
I bet @user Kanye's speech!  Gonna have a lot of material for this Friday's monologue!  Trump and Kanye West!! does it get better! LOL ,positive,neutral,REVISAR
"""So Laisha, how do you spend your Saturday nights?    Oh you know, I watch twilight...by myself.... And eat"" ",positive,neutral,REVISAR
Kim Kardashian's 'Kimoji' app broke the App Store: Kim launched Kimoji's Monday -- Kim-themed emojis -- and the response was crazy. ,positive,negative,REVISAR
@user oh!! Maybe pride tomorrow? Or metro?? I rlly wanna go to that Asian place with Kpop stuff... ,positive,neutral,REVISAR
"@user Not just paying her to babysit her own grandchildren, but $160k/yr for the rest of her life. #draintheswamp @user @user ",neutral,negative,REVISAR
"@user if the SCOTUS decided that the 14th A gave a Muslim woman the right to no longer wear a head scarf, or that marriage ",neutral,negative,REVISAR
"Not surprised David Beckham is 2nd highest earning former athlete, every country in the world I go to his fucking balls are in my face ",neutral,negative,REVISAR
Entertainment: Chinese websites block searche .. #TISNews Link - ,neutral,negative,REVISAR
Yes I backup with Google and Dropbox.  ,neutral,positive,REVISAR
@user Haven't seen it yet. Caught end of Murray loss lights and interview. SVP is that dude though. 1st show. ,neutral,negative,REVISAR
The beauty of SUN News! SUN TV bagging IPL contract is a breaking news on #NDTV while SUN News is busy talking about Jayalalithaa! #TN ,positive,neutral,REVISAR
NY’s largest Medicaid provider to pull out of LI ,neutral,negative,REVISAR
"""Saudi security forces opened fire on Shia protesters in the tense Qatif district of Eastern Province on Friday,  Detail"" ",neutral,negative,REVISAR
Jesuit MAN of SIN Pope took this complete Jesuit Oath of Extreme Induction.WHO IS THE ONE T… ,neutral,positive,REVISAR
Senate Dems: Buyer's remorse yet on Iran? 'cause when Reagan signed 1st Treaty with USSR it ended the Cold War (not) ,neutral,negative,REVISAR
The GOP's greatest crime? @user Boehner proposes Obama speech be on the same night as NFL opening night...  ,negative,neutral,REVISAR
Fail: Philly Daily News with the 2nd worse possible Frank Gifford death photo v ,negative,neutral,REVISAR
"16 useful features on Facebook, Google+, Twitter and LinkedIn you may have missed ",positive,neutral,REVISAR
"""\""""There is an honesty that says we play the game Saturday\u002c not today. And there is no more valid opinion than in our place.\"""" - Les Miles #LSU"" ",positive,negative,REVISAR
I'm seeing Ed Sheeran on Wednesday in Miami so if you wanna meet up or say hi hmu! ,positive,neutral,REVISAR
"""I'm still upset with Frank Ocean, it's now August 14th"" ",negative,neutral,REVISAR
"""Re: last retweet: I've been thinking about this a lot since Sunday, about how people call themselves Christians but then get mad when..."" ",neutral,negative,REVISAR
@user @user At least it established that Nintendo can put in 3rd party characters. (I want Snake back) ,positive,neutral,REVISAR
Occupy Unmasked with Andrew Breitbart - Citizens United Productions via @user & CHEERY MONDAY!* LOL or NO??? ,positive,neutral,REVISAR
@user @user However\u002c he has confirmed breaking a chair in the Duke pressbox\u002c 2nd such destruction at a Duke sporting event. ,negative,neutral,REVISAR
#UK says 2011 #Libya intervention ‘saved civilian lives’ ,positive,neutral,REVISAR
"Things that make me laugh:1) Children crying2) Tortured puppies3) Watching euthanasia 4) The series ""Jam"" (look it up)5) Bubbles ",neutral,negative,REVISAR
Frank ocean is like Monday and the weeknd is like Friday nobody wants Monday's. @user ,negative,neutral,REVISAR
"""Kanye West, 4th member of the new day. Kan-ye sucks."" ",negative,neutral,REVISAR
China websites block searches for 'Fatty Kim the Third' ,neutral,negative,REVISAR
"And @user Mail, Calendar, Music, and Video apps have been rewritten for the third time in four years... ",negative,neutral,REVISAR
"I found a nice strip club in Miami for sale, but I also want to open my medical marijuana dispensary and a big biker bar. Maybe all of them. ",neutral,positive,REVISAR
D.J. King Suffered broken right hand in fight with Krys Barch Oct 24 2009 stlblues vs Dallas Stars; missed 3+ months ,negative,neutral,REVISAR
who ever wins LSU vs Bama this saturday is going to the National Championship ,neutral,positive,REVISAR
Anyone who has talked wrestling with me knows how much I hate Brock Lesnar. Seeing him at RAW on monday will be literal hell. ,negative,neutral,REVISAR
Not convinced by the Haye v Chisora fight @ Upton Park on Saturday.....personally I\u2019d rather have seen Carlton Cole v Emile Heskey ,negative,neutral,REVISAR
Ryan Braun owns right field. 23rd home run of the year. #Brewers ,positive,neutral,REVISAR
@user and I\u2019ll pull out the Kentucky Derby  picture from 9th grade. #blackmail ,negative,neutral,REVISAR
LIVE: I'm at @user 1st hearing on the callous videos of Planned Parenthood's alleged abortion practices ,negative,neutral,REVISAR
"Melania Trump's full speech at 2016 Republican National Convention, and comparison to Michelle Obama ",neutral,negative,REVISAR
Not excited to take the SATs tomorrow ,negative,positive,REVISAR
Just learned in MUHI 100 that Thursday is based on mythology.Thursday is named after Thor. I will never think of this day the same. THORSDAY ,positive,neutral,REVISAR
"""Okay sleep early tonight, wake up early tomorrow and eat Oreo for breakfast. There, my life is all planned out."" ",neutral,positive,REVISAR
"@user You may be interested in my memoir, Oy Vey, My Daughter's Gay -would love you to read/review/share it ",neutral,positive,REVISAR
Bobby Jindal and I may not agree on much but it was wonderful to have him join us on @user and I stumped him on Brady Bunch trivia ,neutral,positive,REVISAR
"""OK, y'all...  Tomorrow I'm going to have Louisa, Becky, Shawn, Jenn and Navah over for the game, wine and flip cup!  #billsvsteelers"" ",positive,neutral,REVISAR
"""Oh no Twilight's getting to me tonight, emotional Sunday's in full swing"" ",neutral,negative,REVISAR
"""The show starts tonight, and Knollwood riders start first thing Monday morning. Allison, Jenna, Lexie, Kerri,... ",neutral,positive,REVISAR
"""Feel bad for the person who's next to me at the Ed Sheeran concert tomorrow, because I'm singing as loud as I possibly can lol"" ",neutral,negative,REVISAR
Hot Deal: Charlie Rose with Kofi Annan; Edward Said; Mort Zuckerman (July 28\u002c 2000): In anticipation of the upco... ,positive,neutral,REVISAR
Jeep ferrying Castro's ashes broke down and needed to be pushed 😂😂 ,neutral,negative,REVISAR
"""at the end of the 2nd hunger games film, you can see jennifer lawrence doing joey's 'try and do a hard sum' acting technique."" ",positive,neutral,REVISAR
It's the Atlanta Falcons (1-0) against the New York Jets (0-1) at 7:30 p.m. on Friday in MetLife stadi... #RiseUp ,neutral,positive,REVISAR
Kanye West to run for President? Making Kim the First 1st Lady with a sex tape. ,negative,neutral,REVISAR
Piss easy job analysing on MOTD2. They just repeat what Gary Neville says on Super Sunday. ,positive,neutral,REVISAR
Floyd Mayweather is heavy favourite to go 49-0 on the 12th. Bet on the fight here - #Boxing ,positive,neutral,REVISAR
Holy shit. Future me just sat down in front of me at Dunkin. ,neutral,negative,REVISAR
@user something has been bugging me lately. What if Seinfeld was current day? What if brand new episodes came out every Thursday? ,positive,neutral,REVISAR
IMAGE: As ISIS takes your life Obama is on the links. #tcot #isis #islamisevil #nobama #fail #incompetent #golf ,neutral,negative,REVISAR
Be here TONIGHT at 6pm to see the UFC Middleweight Championship fight between Anderson Silva and Yushin Okami for FREE! ,neutral,positive,REVISAR
Seth Rollins is going to be at the house show in Beaumont. So i think he may win. I really doubt the WWE WHC will be at a house show #RAW ,neutral,positive,REVISAR
"When @user sets up his wall/fence on the Mexican border, I hope he’s going to include hedgehog highways. ",negative,neutral,REVISAR
"Biogas from grass can supply all UK with gas, claims CEO of @user   #innovation #cleantech ",neutral,negative,REVISAR
Our First FREE Yoga class at ElleWell is this Tuesday at 7:15pm with the lovely Julie Reynolds.  Register online... ,neutral,positive,REVISAR
@user @user Did you see that Ric Flair will be at Dreamwave on January 2nd? ,positive,neutral,REVISAR
@user What's wrong with the answer? You may applaud Rahul Gandhi for his open farce! I'm happy with a PM who's not a hypocrite! ,neutral,negative,REVISAR
Must be the worse golfer of all time Irish Amature Paul Dunne teed off 6.43am Thursday scheduled to finish around 7.15pm on Monday!!! ,negative,positive,REVISAR
The Dispatch Resister is out! #olemiss #trumptransitionteam ,neutral,negative,REVISAR
Anybody wanna go see hotel trannsylvania\u002c frankenweenie\u002c pitch perfect\u002c and that movie with viola davis as a teacher with me tomorrow? ,neutral,positive,REVISAR
PA's @user tapped to co-chair Democratic Policy & Comms Committee -- step in right direction 4 the party. ,positive,neutral,REVISAR
@user @user @user @user @ Recount paid for by George Soros ,neutral,negative,REVISAR
Tomorrow\u2019s goal: do my hair like Amy Lee\u2019s on the My Immortal music video :) ,neutral,positive,REVISAR
"""A phone isn't just about specs, its about the experience. This is where the Moto G (3rd Gen) excels! #android"" ",positive,neutral,REVISAR
"""Ideal weekend getaways: With Raksha Bandhan and Independence Day falling on Saturday and Monday this time, it ma... ",neutral,positive,REVISAR
This nigga in Friday look like the guy who played Ice Cube in Straight Outta Compton ,positive,neutral,REVISAR
#Hatchimals @user Why would you give PR to someone taking advantage of the Christmas season. Reprehensible. ,negative,neutral,REVISAR
besides the Game 1 2nd Quarter Knicks vs Heat game... this might be the poorest officiated game throughout the entire playoffs bro. smh ,negative,neutral,REVISAR
@user nah I havnt knew about the Adidas deal! U like it? I\u2019m undecided....   Where u watching game sat? I\u2019m trying to get it off! ,negative,neutral,REVISAR
Who would make a better 1st lady of the US? RETWEET for Melania Trump ignore for michelle obama @user ,neutral,negative,REVISAR
#SummerSlam tomorrow night  Can the Undertaker FINALLY beat Brock Lesnar? ,neutral,positive,REVISAR
"""It's National Ice Cream Day. Or as we diabetics call it, Thursday. ",neutral,positive,REVISAR
@user I would put Gillard 2nd best behind Hawke\u002c Rudd 3rd\u002c Keating 4th\u002c then all the rest\u002c then Howard last #Showdown ,neutral,positive,REVISAR
@user @user AV has 11 offensive rebounds with 4 minutes left in the 3rd. That\u2019s a good month for Brook Lopez. ,positive,neutral,REVISAR
"""Let's Get it On"" is playing at IHop right now... it's 11:30 on a Sunday and everyone just left church. Wtf IHop... ",neutral,positive,REVISAR
Everybody worried about Kanye west running for president in 5 years but I still don't know what I'm eating for breakfast tomorrow ,neutral,negative,REVISAR
"Digital labor undercuts minimum wage, #Robotic Process #Automation gains traction in #FinancialServices. #FinTech… ",negative,neutral,REVISAR
@user lmao! hope CM Punk does him. Surely will with it his last match before SummerSlam? Is it next Sunday? ,positive,neutral,REVISAR
Going to see Ant-Man tomorrow. Has tlist been and did you like it? ,neutral,positive,REVISAR
"""RT @user For those just tuning in, #Chargers have linked those two games as pkg. To see Aaron Rodgers Nov 6, you gotta buy tix ..."" ",neutral,positive,REVISAR
"""Yes, the #refugeecrisis is complicated on many levels. But for Christians, this is an article well worth reading. ",neutral,positive,REVISAR
So true. #DrainTheSwamp & start with #NeverRomney. @user ,neutral,positive,REVISAR
Why is no one talking about the fact that Niall's birthday is almost here. Or the fact the boys can drop the 5th album any day now ,neutral,negative,REVISAR
her words:i would agree regarding recount but you'll destabilize system; electoral college is 2 represent; have se… ,negative,neutral,REVISAR
Video - Kurt Cobain solo album to be released in November&gt;To coincide with DVD/Blu-ray release of Brett Mor...http://t.co/4V0Li8OZb6 #video ,neutral,positive,REVISAR
"""RIP, Former  NFL  Star and AMAZING  Monday  Night  Football  Commentator  Frank Gifford. THANKS  for the Memories."" ",neutral,positive,REVISAR
"I know this is seen as a football holiday, but really?• @user win• @user drops 40/11• @user w/ 45• @user w/ 45 ",positive,neutral,REVISAR
"""#HP Fiorina may find center stage uncomfortable: Republican presidential candidate Carly Fiorina, the former H... ",negative,neutral,REVISAR
Federer is gonna be playing in the championship on the first sunday of the nfl season. Tough decisions ,neutral,positive,REVISAR
Stroke damage 'helps smokers quit': A brain region called the insular cortex may drive smoking addiction... (BBC) ,neutral,negative,REVISAR
aren't you guys lucky to live in america ....separatism = anyone who doesn't peddling the government narrative ,neutral,negative,REVISAR
"""Watching Scouts, Airforce &amp; Army , St. John's Ambulance &amp; Police march through Lichfield for a Remembrance Service at the Cathedral v proud."" ",neutral,positive,REVISAR
*sees gun control debate on fb* *reads first comment* *let me stop myself right here before I get too deep into this* ,neutral,negative,REVISAR
You know you're a nerd when- Your hair person tries to book an apt on Dec 18. Nope. Can't. That's a holiday. Star Wars Day! ,neutral,positive,REVISAR
Kim Kardashian may have broke the internet but Kanye West just broke Twitter #West2020 ,neutral,negative,REVISAR
Photo: Someone fired a few shots in the 1400 block of Pollock Street on Wednesday night. Lexus took a... ,negative,neutral,REVISAR
Day chilling with Kurt in Sheffield\u002c movie night in then out for a posh meal tomorrow! Maybe even a KFC for breakfast.... ,positive,neutral,REVISAR
it's only just dawning on me that @user wont be on the bus to sing Beyonce with me tomorrow and that is heartbreaking ,neutral,negative,REVISAR
"Dale Sun doesn't use Oracle, he is the Oracle. ",positive,negative,REVISAR
@user Hillary's team-'If she can only fake sincerity we'll have it made.'  ,neutral,negative,REVISAR
Everyone please sacrifice your dogs to satan so Justin and Shawn meet tomorrow at the vmas ,negative,positive,REVISAR
49ersParadise HOP: Pick your poison: Eliminating Vernon Davis comes with a price [BEE-BLOG]: Mon\u002c 29 Oct 2012 8:... ,negative,neutral,REVISAR
"What's stopping Jay-Z, Puffy, 50 Cent, Lil Wayne from doing the same if they haven't already? @user  ",negative,neutral,REVISAR
@user @user in muslim countries like saudi arabia and iran they are sung with respect. law should be obeyed.they may go where not. ,positive,negative,REVISAR
"""MTA agent to me: \""""This card has been damanged since yesterday morning.\"""" Me: \""""But I used it last night.\"""" MTA: \""""No you didn't.\"""""" ",neutral,negative,REVISAR
This is the third such lawsuit in recent months (but as you may have guessed Monsanto is not going quietly).... ,neutral,negative,REVISAR
I still call JV @user a Cy Young winner ,positive,neutral,REVISAR
@user  #Trump #Bds #Palestine #ps4blackfriday ... here more about zionists lies... link ->… ,neutral,negative,REVISAR
i'd rather go shopping for baby clothes with briana tomorrow than go to work ,negative,neutral,REVISAR
"""UFC has done it again, stacked their deck to the gills, &amp; unfortunately Robbie Lawler is the 1st to have to bow out. UFC 193 gets Rousey."" ",neutral,negative,REVISAR
Missing  Foo Fighters concert on the 12th at the gorge though so that's a major bummer ,negative,neutral,REVISAR
So how long will states like CA and NY keep subsidizing red states with tax dollars if the Electoral College keeps devaluing their voters? ,neutral,negative,REVISAR
CONFIRMED: The Doctor Is IN! Ben Carson Is Donald Trump's New... ,neutral,negative,REVISAR
Reuters Right Now: CME acquisition provides opportunities: Oct 17 - The CME's purchase of the Kansas City Board ... ,positive,neutral,REVISAR
Anyone want to go and see Foo Fighters on tuesday the 8th of September? ,neutral,positive,REVISAR
Bryce Harper triples home Solano with the tying run in the 10th off Tim Byrdak.  4-4 #Mats and #Nats. ,neutral,positive,REVISAR
"@user You rest well, Jun! I hope everything gets resolved on Wednesday. I will direct Jean your way if I see him because he is Gay"" ",positive,negative,REVISAR
"@user -Hashtags can express humor, excitement- ex: """"Just found out my mom is my teacher. #awkward"""" or """"It's Monday! #excited """" ",neutral,positive,REVISAR
"@user come out and watch THOSE GUYS softball next Saturday august 27th for the COLTS softball tournament,, IT would be great"" ",neutral,positive,REVISAR
Those of you who hang on my every word with regards musical recommendations may be interested to know that I like the new David Bowie track. ,positive,neutral,REVISAR
ANT-MAN was the 1st time I didn't stay for a Marvel film's post credits scene. The film was just one big teaser. Didn't need to see another. ,negative,positive,REVISAR
It should be settled in the minds of Christians that the Holy Scriptures are a spiritual light far brighter than the sun - Martin Luther ,positive,neutral,REVISAR
.@NickPaulTaylor reports @user and @user have teamed up to build a library of deep learning algorithms. ,positive,neutral,REVISAR
"""Why is it u never hear, """"...the so called Muslim.""""?It's always the 1st thing someone says when pointing a finger at Christians. #KimDavis"" ",neutral,negative,REVISAR
"""Kendrick's Black Friday goes so fucking hard, and over Cole's beat just makes it better."" ",neutral,positive,REVISAR
Watched Muse on the Jonathan Ross show last night and promptly had nightmares about screwing everything up on Wednesday! Eeeeek! ,neutral,positive,REVISAR
"Pence Purges Lobbyists, Insiders From #TrumpTransitionTeam #ChrisChristie... ",neutral,negative,REVISAR
"Angus Young's cap flew off six songs into AC/DC's set on Saturday at Gillette Stadium, but the guitarist didn't... ",positive,neutral,REVISAR
To all Junior and Senior girls\u002c Volleyball try-out is tomorrow at lunch in the South gym! Bring all you got! ,neutral,positive,REVISAR
zac efron poses nude #lovely libra porn ,neutral,positive,REVISAR
tbh if tomorrow ppl start going after Nicki for what she said im gonna be pissed ,negative,neutral,REVISAR
"My 9th Grade Art Teacher had her iPhone stolen from the classroom, someone took the SIM card out so she couldn't track it ",negative,neutral,REVISAR
Sep 10th steelers ruin the Tom Brady parade  ,negative,neutral,REVISAR
@user as in Colton? Lol but okayyy (: lemme know. I may be living in the library tonight studying for this exam :/ ,positive,neutral,REVISAR
This TNF game will be Brian Cushing's 1st time going against Andrew Luck. @user #HoustonTexans ,neutral,positive,REVISAR
The Sultan of Sokoto Alhaji Sa'ad Abubakar has said Boko Haram terrorist are out to spoil the name of Islam as a whole. May they be exposed ,neutral,negative,REVISAR
@user True.  I just can't get into Seth Rollins and I never will.  So I'm salty I have to hear his whining tomorrow on #RAW ,negative,neutral,REVISAR
@user Are they going to boycott Cubs if Ricketts appointed to Trump cabinet? ,neutral,negative,REVISAR
That could be the solution to the Obamacare shortcomings. Just thinking. ,neutral,negative,REVISAR
"""IRA men slipped into Harland and Wolff shipyard and damaged the """"Goliath"""" crane with a 300 lb bomb; 7 November 1972 ",negative,neutral,REVISAR
SPLC's Christian Killer gets 25 years but SPLC gets a pass ,negative,neutral,REVISAR
Not to excited for what the satellites have to wear this Friday game but it's all Gucci at least we all actually match ,neutral,positive,REVISAR
im so scared to fall asleep bc louis and danielle can be married and niall will date james and harry may move to germany with briana ,negative,neutral,REVISAR
@user @user now that Rick Perry is out of the the GOP race ... MAY THE BEST HAIR WIN! ,negative,positive,REVISAR
Schedule:  Tomorrow:  Relax Next day:  0.12.1 on IOS (also 1st day of school) Next day:  Die. ,negative,positive,REVISAR
Boko Haram commander was arrested after a raid in the sect's camp in Bama Borno state yesterday August 2nd. 178... ,neutral,negative,REVISAR
David Wright returns to Citi Field! His first AB at home since April 14th will be with 1 on and 2 out! ,positive,neutral,REVISAR
Is this the best George soros could come up lots of love ,negative,positive,REVISAR
@user @user  A.B.O.D Parade past Ardoyne shops on Sat. If we cum down on Boris Bikes will the Shinners be o.k ? Lol ,positive,neutral,REVISAR
"""SIGH. Not really huge news in my opinion, but don't get me wrong I'm excited for Rousey &amp; Holm in Australia and seeing it sooner than Jan 2."" ",positive,negative,REVISAR
Indian govt had no outstanding loans with RBI in week ended Oct. 10: Oct 17 (Reuters) - India had no outstandi... ,positive,neutral,REVISAR
Time to celebrate for Indian Liberals? ,negative,positive,REVISAR
RT @user Have you hated Auburn today? ,negative,neutral,REVISAR
Come SUPPORT the SHOW/MOVEMENT at Parkdale High School on Oct 26th frm 8-11 w/ AJA\u002c DREAMTEAM\u002c HQB\u002c DSB&HIB. LEAVE THE BULLSHIT AT THE DOOR. ,positive,neutral,REVISAR
Body pls get your shit together and get rid of this flu tomorrow is Star Wars day ffs ,negative,positive,REVISAR
"Biden: Presidential bid depends on what's best for family: Washington, Sep 4 (EFE).- U.S. Vice President Joe Biden said the most rele... ",neutral,positive,REVISAR
"""Week 1 NFL story lines: Steelers and Ravens, together again: Beyond the Packers-Saints opener Thursday, the high... ",neutral,positive,REVISAR
"""Syria claims Israel hit 7 Hezbullah targets, Hezbullah denies it, Israel has no comment: It may have been anot... ",neutral,negative,REVISAR
Messi has now failed to score against Atletico for the 5th consecutive game ,negative,neutral,REVISAR
@user so many deplorables..need a basket the size of Russia ,neutral,negative,REVISAR
We've rescheduled Halfway to St Patrick's Day and the band @user for Thurs Sept 27 5-8pm - See you there! #NOLA ,neutral,positive,REVISAR
"She wasn't rejoicing because Israelis are burning, no she cried for the land grew up on but will never see again #Palestine ",neutral,negative,REVISAR
"Crush #fears,you can be #unstoppable! Discover the 10 #secrets#DominatingYourMind @user #DYM #NBAwards ",positive,neutral,REVISAR
TICKETS FOR SALE:  for the Jets vs Falcons preseason game this Friday at MetLife. Message me if you're interested ,positive,neutral,REVISAR
Dustin johnson always starts well 1st round leader 20/1 !! Must had a fat one b4 he started !! ,positive,neutral,REVISAR
@user What's the best source of data for number of voters elected by current suppression efforts (voter ID etc.)? ,neutral,negative,REVISAR
#Hezbollah Martyr Qasim Shamkha Martyred on 03/11/2016 in West #Aleppo telling his brothers he wants to sleep. ,negative,neutral,REVISAR
"Emily, Paris, Kirk, and TJ.#GilmoreGirlsTop4 #SookietheInvisible5th #teamLOGAN (Yes, I know, an unpopular opinion) ",positive,neutral,REVISAR
86% of the men that showed up for the million man march were Christians so Who really made the call!? It was God Himself! #NOISunday ,neutral,negative,REVISAR
I have 2 Jason Aldean tickets to sell for Friday night. $90 for the pair. Any takers?? ,neutral,positive,REVISAR
@user she look like every other 6th grader with a Caitlyn Jenner jaw line ,neutral,negative,REVISAR
"@user @user Who had the better """"Black Friday"""" record J Cole or Kendrick Lamar?"" ",neutral,positive,REVISAR
Need me a niffler to pay for my last 2 years of pharmacy school. #FantasticBeasts ,neutral,positive,REVISAR
"@user @user folks, @user not worried about the ""92%"" of hardcore supporters. Needs Israel, GOP and moderate Dems. ",neutral,negative,REVISAR
"Y'all couldn't wait for 9/4 to make Beyonce bday a ""national holiday"". Ain't gone say sh*t Monday or any other relevant day though. #Fools ",neutral,positive,REVISAR
"""Let me tell you two things that don't mix: Tuesday night Eagles of Death Metal gig, and Wednesday morning 8.00am meeting #SleepyFlora"" ",negative,positive,REVISAR
"@user please poach Chris Evans to host your F1 coverage and also TFI Friday. Top Gear is no good for him, he just doesn't realise yet"" ",neutral,negative,REVISAR
Kanye west may be an asshole but he's top five dead or alive ,negative,neutral,REVISAR
i remember when zayn left i took down all my posters and sat in my 1d blanket with 1d headphones in and stared at my blank wall crying ,negative,neutral,REVISAR
Chris bosh MAY be the ugliest man alive. ,negative,positive,REVISAR
#Russia 'brainwashing' Europeans says Lithuanian FM @user video: ,negative,neutral,REVISAR
"@user for all of the moronic Pats tweets, calling Rex the best def HC in NFL is the worst of em. 3rd and 22 (among many examples)"" ",negative,positive,REVISAR
#PaidNFullEastSaidUp2 #DBF Drops september 17 classic!!!!! And @user Gangsta Grillz is on the way ,neutral,positive,REVISAR
"""Scott Walker was having a good day of campaigning Monday, and then something unexpected happened: The truth about... ",neutral,positive,REVISAR
In light of the recent Nike drawing announcement for online orders we will keep flyknit orders for now and refund if needed come Friday. ,neutral,positive,REVISAR
#Spurs #GoSpursGo Tim Duncan 1999 Finest Dunk Masters REFRACTOR #DM14 PSA 9 MINT #d /150 Spurs #TimDuncan #NBA ,neutral,positive,REVISAR
Android: Samsung will launch the Galaxy Note 5 in these countries:  Samsung may have only launched the Galaxy ... ,positive,neutral,REVISAR
Now Playing on #Channel80: Ricky Martin - Casi Un Bolero - ,positive,neutral,REVISAR
Brits don't want these economic migrants. For every single one convicted of a crime David Cameron and Theresa May must serve the sentence. ,neutral,negative,REVISAR
SATANIC TEMPLES STRIKES OUT TEXAS LAW ABORTION ,negative,neutral,REVISAR
@user then it goes to show that all you do is run your mouth but you can't ever come to our faces come to allderdice tomorrow bitch ,negative,positive,REVISAR
not only should everyone be upset with frank ocean but adele too. she's just now releasing something in november after 4 years of waiting. ,neutral,negative,REVISAR
I'm going to try to get it done before I see Shawn tomorrow but I don't think it's gunna happen ,negative,neutral,REVISAR
TANGO IN THE NIGHT by FLEETWOOD MAC was no.11 in the UK album charts on 4 August 1988 ,positive,neutral,REVISAR
Very deceptive...the grapes will give you a false sense of security - Drinking a Midas Touch @ Roxbury - #photo ,negative,positive,REVISAR
Goodluck Jonathan may have managed the fight against Boko Haram terribly (as did Yar'adua) but it wasn't deliberate ,positive,negative,REVISAR
@user Want me to bring Dark Souls in for you on Monday? (serious suggestion) ,neutral,positive,REVISAR
Funny how Warren attempts to use terms she appears were unavailable in her vocabulary when the vast majority of... ,neutral,negative,REVISAR
@user Liberal Nazi world Fidel Castro was there liberal god every liberal nazi dream idol. ,neutral,negative,REVISAR
"..migrants should pledge to follow British values Britain WILL be a muslim country by 2040, it's what the Govt wants ",neutral,negative,REVISAR
@user and stay away from kris Bryant!!!!  Don't need my star 3rd baseman caught with a 16 year old!!!! ,negative,neutral,REVISAR
Curtis will see you Saturday #playoffs ,neutral,positive,REVISAR
"""Big Brother is watching, so you may as well freak him out by visiting #Area51.Org. ",neutral,negative,REVISAR
@user @user there are people who like/support Trump but don't want to admit it..may not be Rousey though ,neutral,negative,REVISAR
@user Grow it out. I wanna see a part in the middle and Bali beads either side before the 31st of Fan. ,neutral,positive,REVISAR
Em is better at painting a picture with his words.and thats just my opinion..cuz ppl view Kendrick's 1st album as a story..and I don't. ,neutral,positive,REVISAR
Wow .. This is the  clip of Dublin\u2019s Sunday Times journo Paul Kimmage confronting Lance Armstrong :  - YouTube ,neutral,positive,REVISAR
"""can somebody please tell me why it says \""""""""MNF\"""""""" during this preseason game on THURSDAY."" ",neutral,negative,REVISAR
Watching Laugh At My Pain with @user on this cool Saturday night ,neutral,positive,REVISAR
Centre suffering from \u2019policy paralysis\u2019\u002c alleges Jayalalithaa: Jayalalithaa on Tuesday charged the UPA go... #News ,negative,neutral,REVISAR
"Reading ""The Vegetarian"" by Han Kang -- and the biggest risk might be converting to vegetarianism ",neutral,negative,REVISAR
WHEN I THINK OF YOU by JANET JACKSON was no.10 in the UK charts on 8 September 1986 ,positive,neutral,REVISAR
@user @user they are going in on the Lakers. Mike Brown may need to take notes.. ,neutral,negative,REVISAR
"""Looks like we're getting the heaviest snowfall in five years tomorrow. Awesome. I'll never get tired of winter. ",positive,negative,REVISAR
Only @user can scare the living hell outta people without even changing the tone of his voice #Westworld ,positive,negative,REVISAR
"Chris Fudali: ""Fatty Kim the Third""?! It feels so unoriginal...yet, it works. ",neutral,negative,REVISAR
Wouldnt 1D have posted a facebook statement first like what they did with Zayn? This is big news and it's just being reported by The Sun ,neutral,negative,REVISAR
balls. i forgot celebrity juice was on tonight. ,negative,neutral,REVISAR
My mon said that She uses Kpop for her soft feet.. she doesn't know what/who they are #DirectionersFuneral ,neutral,negative,REVISAR
Israel Threatens Int'l Criminal Court With Retribution #gaza #palestine #israel #BDS ,negative,neutral,REVISAR
"@user tomorrow's breakfast serial suggestion. George Harison was a Beatle,so was Paul McCartney so how about My Love!!!!"" ",neutral,positive,REVISAR
"Google forgot second page, as well forgot many things. The fax. And a bunch of other things.  Told work to expect it on friday ",negative,neutral,REVISAR
"""I know I'm seeing Ed Sheeran tomorrow, but Justin Bieber, you are still my man."" ",neutral,positive,REVISAR
Bucs play pats tonight let's go Tampa bay! ,neutral,positive,REVISAR
@user no but really! Lol ,neutral,negative,REVISAR
I'm gonna watch Nicki's opening tonight then watch the rest tomorrow ,neutral,positive,REVISAR
Get your growler from @user and fill it up with pennies by June 22! #yyc #charity ,positive,neutral,REVISAR
Redlicki/Tahir are set to play Wichita State duo of Gregurovic/Nicol at 5 pm ET in the 1st round of doubles. #TulsaITA #goduke ,positive,neutral,REVISAR
michelle obama would be a great president man just think about how she never sat on her ass while her husband was running ,positive,negative,REVISAR
@user I'm taking Friday off just to go to Doral and try and meet you.    Fingers crossed ,neutral,positive,REVISAR
ICYMI: How a legendary Tipp Hill bar helped rebuild a minister's burned-out home ,positive,neutral,REVISAR
He's still new to us. If Cole &amp; Kendrick just now getting the attention they deserve...c'mon now. These ppl clueless ,neutral,negative,REVISAR
Live as if you were to die tomorrow. Learn as if you were to live forever. Gandhi ,positive,neutral,REVISAR
Grayson Allen only plays well against bad teams ,neutral,negative,REVISAR
The next Muhammad Ali 💯💪🏾👊🏾🏆 ,positive,neutral,REVISAR
"""I downloaded the first season of #Dexter, gonna start watching the 2nd episode. Time to tweet #twittwit ^^"" ",neutral,positive,REVISAR
David Wright goes down swinging on fourth AB. Had a couple nice looks. Just couldn't connect. He's at third to start the 8th. #Mets ,positive,neutral,REVISAR
"@user Cant believe we didnt even take a trip to the beds today, PALEY saturday now me defo boooooo"" ",negative,positive,REVISAR
"""Ryan Braun failed me Friday, failed me Saturday... I went back to him today &amp; he came through.  Short term memory is key in #MLB #DFS"" ",negative,neutral,REVISAR
@user I know! We went to dinner and Brett made sure he got his Thursday #Hammersticks chicken fingers though! ,neutral,positive,REVISAR
Well that finale was one big mindfuck 😳 #Westworld ,neutral,positive,REVISAR
Just Turned the corner into Ghetto n #Roma 1st thing I saw a group of Muslims! Now that's tourism for ya. It's a sm world after all #peace ,neutral,negative,REVISAR
@user aww my celebrity day is this thursday also\u002c going as Jennifer Hudson though :) ,neutral,positive,REVISAR
paul mccartney is coming to detroit and columbus in October!!! does anyone want to go with me??? @user @user @user ,positive,neutral,REVISAR
"""Just watched Catching Fire again for the 13th time! @user (Jeffery Wright) @user (Josh Hutcherson) ,Jennifer Lawrence..."" ",positive,neutral,REVISAR
@user the BBC is also in the midst of a major restructuring. They seem to have a more concrete plan than Hubert's ,neutral,negative,REVISAR
@user @user @user Quote of the night- If I were Amarosa I would go to Brooklyn bridge and be drowning myself #funny ,positive,neutral,REVISAR
What People Are Missing About #Hamas’ Mahmoud Al-Zahhar “#Trump Is A #Jew” Interview via @user ,neutral,negative,REVISAR
"""Katie Price, who won Celebrity Big Brother in February, returned to the site of her triumph on Thursday night for the launch of the new"" ",positive,neutral,REVISAR
"""#yoga and bier this Saturday @user with Annamarie at 11:00!  Donation Yoga, bring $ for Bier.  All proceeds go to @user ",positive,neutral,REVISAR
Tune into the KICX Winning weekend with @user 4 your chance 2 C @user next Saturday at The Kee to Bala aboard the KICX Bus ,neutral,positive,REVISAR
Tomorrow?? Who promised you tomorrow?? Give yourself to the lord today!! The Winans. ,neutral,positive,REVISAR
Let @user show you how to rock winter neutrals ,neutral,positive,REVISAR
"First Lady Michelle Obama kicked off the Special Olympics World Games in Los Angeles on Saturday, welcom... #news ",positive,neutral,REVISAR
"I'm glad Persona 5 got delayed to next year, since Atlus fans no longer have a reason to be obnoxious about FFXV. ",positive,negative,REVISAR
"Yes, including Medicare and social security saving👍 ",neutral,negative,REVISAR
I just hope Ian Bennett is first out of the selection machine tonight #terrierball #htafc #dontfancyArfieldingoal ,positive,negative,REVISAR
@user @user @user @user Glad to see you agree that the electoral college is BS. :] ,neutral,positive,REVISAR
@user Plus I may have hurt the feelings of Jurassic World's director! ,negative,positive,REVISAR
"Matt Long and Will Morris will be on BBC Radio Stoke at 9.00 am tomorrow, being interviewed in the community... ",neutral,positive,REVISAR
@user may Allah protect all Muslims ummah from the oppressors ,neutral,positive,REVISAR
"""Dr. Swamy writes to the PM on how Rahul Gandhi may have got kickbacks. NaMo, restitute kaalaadhan. ",negative,neutral,REVISAR
"Amazon Prime day is pretty much a bust at this point. Black Friday, its up to you to save us. ",negative,positive,REVISAR
With @user 2nd #GalaxyUnpacked on today. Here 5 things we want from the rumoured Galaxy Note 5. ,neutral,positive,REVISAR
Y'all I just realized and we haven't spoken about this in a while but if Briana is really having a baby she is due in January I believe... ,neutral,negative,REVISAR
"""Maybe going out on Thurs, Fri, Sat nights is a bit harder than I thought when I also work tues, wed, thur, fri, sat, sun, mon, tues...."" ",negative,neutral,REVISAR
Kerry wrote a freaking book! Read all about it.  ,positive,neutral,REVISAR
Obama calls for unity in Thanksgiving message #Trump2016 #TrumpTrain #GOP #ccot #tcot #ThanksTrump #UniteBlue ,positive,neutral,REVISAR
Minutes aways for the unvieling of iphone6splus or is it going to be Iphone 7??????!?!?!?!? ,positive,neutral,REVISAR
I'm going out for breakfast tomorrow and I'm going to tell everyone I see to buy Calibraska on iTunes @user ,positive,neutral,REVISAR
Trump's cabinet. #AttorneyGeneral #NotMyPresident #JeffSessions #TrumpTransitionTeam ,neutral,negative,REVISAR
"""So while she may have figured out the """"old Rousey"""" it may be ill advised to think that she has any advantage going into this trilogy fight."" ",neutral,negative,REVISAR
Growth rate of Muslims declined for the 2nd consecutive decade. Will the fear mongering stop? ,negative,neutral,REVISAR
George Osborne will on Tuesday reject calls for the UK to take part in latest Greek bailout: FT ,negative,neutral,REVISAR
Cool Tweet. Im not ready for the David Beckham cameo in this flick. ,neutral,positive,REVISAR
"""Reagan gone need me tomorrow , she gone want some if my candy , but ima tell her Noo"" ",negative,neutral,REVISAR
Janet Jackson paid tribute to Aaliyah on the 14th anniversary of her death on Tuesday ,neutral,positive,REVISAR
"Boy, did Michelle Obama look miserable dehelicoptering in Martha's Vineyard. What's the 1st missus got to gripe about? Not feelin' the love? ",neutral,negative,REVISAR
"Line of the day: ""Rick Perry has the mental aptitude of two dogs in an overcoat"" ",negative,neutral,REVISAR
Dear Devon Alexander\u002c how does it feel to be the 1st person EVER to be booed at The Barclays Center? #Brooklyn ,negative,neutral,REVISAR
im promoting the hell out of calibraska tomorrow. we are getting jack and jack to #1 ,neutral,negative,REVISAR
Things that you never do on time:  Apply for FAFSA\u002c your 2500 word paper due on monday\u002c restocking on ice cream. ,negative,neutral,REVISAR
Waiting for a phone call off the head of Joseph Wright.  But I might have to go back to Benedicts tomorrow! :( #GodHelpMe ,negative,neutral,REVISAR
"@user SCOTUS interprets laws, and since by their interpretation it is protected by the 14th amendment it is technically a const violation ",neutral,negative,REVISAR
Dear Christina Grimmie\u002c you may not know it but sometimes your songs are all I need when I\u2019m feeling down. ,positive,negative,REVISAR
"@user have a separate meet up tomorrow w/ everyone while youre still down here, I'm dying to meet you but i can't go to digi ",neutral,positive,REVISAR
I think I just won tickets to see Jason Aldean on Saturday at MetLife stadium??????? ,neutral,positive,REVISAR
"""Just thought about the fact that I'm now a Junior. PSAT, PSSA, SAT's, Benchmarks, Benchmarks, Homework and, Prom. Wow. #Classof2014"" ",positive,neutral,REVISAR
Thinking about going to Henryville tomorrow it\u2019s been7 months since the Tornado destroyed it. It\u2019s my home town I will take pictures ,neutral,positive,REVISAR
THE NFL NEEDS A NEW CEO. Some bookie apparently wanted to shut down the Patriots &amp; made up some B.S. on Tom Brady ,negative,neutral,REVISAR
Massive thunderstorm over Milan last night. A few more of those expected across the coming days. Friday looking sketchy. ,negative,positive,REVISAR
"""Kendrick's Black Friday on replay, gonna be that kind of day."" ",neutral,positive,REVISAR
Vital testimony as to the political character of the next Prime Minister: George Osborne: ,positive,neutral,REVISAR
"""Its the 8th day of august, still haven't received the Frank Ocean album."" ",negative,neutral,REVISAR
"Pitchers are a different world, my friend Cy Young tells me. Larry Walker is up there. Have to compare stats, and d… ",positive,neutral,REVISAR
"@user Yeah, Key made it look easy. Also see, gay marriage: Turnbull believes the same things as Key, but is in all sorts of trouble ",neutral,negative,REVISAR
"Cameron Crazie in Duke's halftime contest wearing a No. 3 Duke jersey with ""ALLEN"" on the back. Hope Grayson's making something off that. ",positive,neutral,REVISAR
"""Fresh off the fight of the decade, this Saturday Floyd Mayweather is back to defend his Welterweight World Title... ",positive,neutral,REVISAR
"""Go see Paper Towns movie on July 24th, and play for Liverpool if you can."" ",positive,neutral,REVISAR
im sat ib my bathroom crying over a tv character because of how beautiful she is and how Gay i am. ive reached a new low ,neutral,negative,REVISAR
@user @user that was a gift probably ,neutral,negative,REVISAR
"@user and Muslims will be 1/3rd of worlds population that is just scary but I,ll be long gone by then"" ",negative,neutral,REVISAR
(There's a better chance of Logan Verrett winning a Cy Young than there is of me ever wanting my family to do  the mannequin challenge) ,neutral,positive,REVISAR
OMG. Who wants to go see Duelo with me this Friday!? ,neutral,positive,REVISAR
@user that's not true but the clinton foundation did mishandle haiti ,neutral,negative,REVISAR
@user @user Haha we're off round Claytons now then the Rising Sun later! ,neutral,positive,REVISAR
@user @user #Iran has #Hezbollah there also .... ,neutral,negative,REVISAR
Welcome to the world according to #Trump #TrumpCabinet #TrumpTransition #TrumpTransitionTeam #TrumpTeam ,positive,negative,REVISAR
Movie date for Paper Towns tomorrow night? (Technically tonight) WHO'S DOWN ,neutral,positive,REVISAR
"""SM Branches(so far) where Boruto: Naruto the Movie will be shown tomorrow: Manila, Megamall, Sta. Mesa, and General Santos."" ",neutral,positive,REVISAR
"""Top story: The sun sets in the town of Interlaken. #2012atws #expediaatatws #photos see more ",neutral,positive,REVISAR
"I seriously might just take the fam to Disneyland right now and come back in time for work tomorrow. Got a stack, why not? ",positive,negative,REVISAR
Saw a sign at my local Dunkin about pumpkin coffee being available tomorrow. With this 90 degree weather I don't think I'm ready for that. ,neutral,positive,REVISAR
"@user Ah, am away between the 10th and 17th on yoga retreat, and then away most of those other weekends too... drink after work?"" ",neutral,negative,REVISAR
"""Foo Fighters - Low (Requested by a Fan with a Sign) Aug 25 2015 omfg.. next show ill have a sign saying """"LET IT DIE""""  ",negative,positive,REVISAR
"#AlAsed #Russia #Iran & #Hezbollah destroy #Halab, didn't move 1 helicopter 2 rescue people,when burnt #Israel rose… ",neutral,negative,REVISAR
*me not prepared to give a speech on medical marijuana*: hey professor can I just teach y'all how to roll a blunt for the next 7 minutes ,negative,neutral,REVISAR
today's goanna be one looooong ass day because Calibraska comes out tomorrow ,negative,positive,REVISAR
@user look up Riot Fest in Chicago in May. Lets pregame hard and go to it ,positive,neutral,REVISAR
@user would you interested in a five a side footy tournement Jan 12 at Warners with Sean Dalee its my lads dance crew? ,positive,neutral,REVISAR
What will see tomorrow?? Mad face?? Bitter face?? Screw you people.. We've paid to see his happy smile!! ,negative,positive,REVISAR
Gutted I'm missing the cardigan match on Saturday! But more important things to do ,negative,neutral,REVISAR
"@user @user @user Technically, Soc Sec & Medicare ARE entitlements - you're ""entitled"" to them b/c you Paid into them ",neutral,negative,REVISAR
There are many more Catholics who DO NOT agree with Mourdock than Gingrich or others may think. ,negative,neutral,REVISAR
Saudi to raise petrol prices by up to 40%: Riyadh (AFP) - Saudi Arabia said Monday it was raising petrol price... ,negative,neutral,REVISAR
In my 1st day in office I plan 2 pass a Bill 4 a Miss USA holiday. MLK has one; It's only fair: Donald Trump #comedy ,neutral,positive,REVISAR
"@user When the 4th goes back to Thor - Copp - Petan it'll hit exactly my pre-season """"best on paper""""..well.. based on locked Stu+Thor."" ",neutral,positive,REVISAR
"""Huh, Kofi Annan tomorrow. Look at you, @user Get it, get it. :-)"" ",positive,neutral,REVISAR
#lvrj where are you celebrating National Hot Dog Day Thursday? @user at @user ,neutral,positive,REVISAR
Did anyone tell Dustin Johnson that winning requires a lead on the 4th day and not just the 1st day? ,negative,neutral,REVISAR
The only reason Dustin Johnson didn't play  well is because it's a Sunday.  Luckily for him the final round is on Monday.  #TheOpen2015 ,positive,neutral,REVISAR
"""Every time I don't have anything to do, I'll watch the shows I stopped halfway. LOL And it's Teen Top's MTA today. :P"" ",positive,negative,REVISAR
Diana: A Celebration ends June 10th at the @user make sure to see the collection before it leaves! ,neutral,positive,REVISAR
#CROOKEdmedia. #DontWATCH#DontBUYLet the #MOFOS #Cry.#DrainTheSwamp.#AmazonSucks @user #FUCKbezos ,negative,neutral,REVISAR
Miss Universe 2014 Gabriela Isler and Miss USA  attend the 2014 US Open's 14th Annual USTA Opening Night  Tennis  . ,neutral,positive,REVISAR
"""\""""""""under the cherry moon\u002c my niggas carry heat\u002c enough to bury June\"""""""" shaaaataaaaaaaaap"" ",negative,neutral,REVISAR
Moto G 2nd Gen 16 GB (Black / White) at Rs.8099 - Motorola in association Flipkart is back again with a bang where... ,positive,neutral,REVISAR
"@user On JUly 1 could have been POY, won majors,won playoff events, won WGC,Won Fed Ex Cup, had most wins n season Did none of it"" ",positive,negative,REVISAR
"We must catch the moments while we're young and quick, for soon we will be old and slow. #ThisIsUs ",neutral,positive,REVISAR
#BREAKING: #ISIS claims responsibility for attack on checkpoint that killed 12 soldiers in #Egypt's Sinai peninsula. ,neutral,negative,REVISAR
We could withdraw from EU tomorrow but threat of Civilisation Jihad not going away. @user is weak on Islam. ,neutral,negative,REVISAR
Tomorrow Venus is gonna eclipse with the sun! Watch out for it guys! ,neutral,positive,REVISAR
People are suddenly starting to want Justin &amp; Ariana together &amp; I've been waiting on them since they sat in a circle on set of victorious ,positive,negative,REVISAR
.@DefraGovUK please can you stop hiding discussions on #fracking and make sure people aren't kept in the dark on an important issue? ,neutral,negative,REVISAR
I may or may not have just spammed joshs phone w 20 different pics of IHOP pancakes ,positive,neutral,REVISAR
This is the binder Dexter picked out for 1st grade! ,neutral,positive,REVISAR
"@user @user @user Often not enough to compete w/ full range of transfers. Disability, medicaid, sect 8, .... ",neutral,negative,REVISAR
"""Carlo Ancelotti: Isco is a very important player. Tomorrow, James Rodriguez will start - he rested Wednesday."" ",neutral,positive,REVISAR
Changing times Microsoft is Linux Foundation Platinum Partner! ,positive,neutral,REVISAR
Kangen water restores the body to perfect health.⭕40 year track record⭕Gold standard of water… ,positive,neutral,REVISAR
"""Another local Derby saturday, We travel the short trip to Welbeck for a 3 pm kick off   #Uptheceltic"" ",positive,neutral,REVISAR
"""I been watching \""""""""All-Access Kentucky\"""""""" every wed and it has been making me like these young dudes on Kentucky."" ",neutral,negative,REVISAR
"""Totally worth watching Nirvana's 1st interview w/ MTV, if only for @user banter towards the end. ",positive,neutral,REVISAR
"""In spite of claims by George Osborne to be fixing the roof whilst the sun is shining, structural weaknesses persist - ",neutral,negative,REVISAR
Your Tom Brady meme may just prove that you are a bigger fan of Social Media than you are of actual Football. #enoughalready ,neutral,negative,REVISAR
Montana News and our viewers support and pray for Israel and it's people and leaders. May God protect them. ,positive,negative,REVISAR
@user  wait so if you were Emmalin on Army Wives\u002c why aren\u2019t you still acting? If I may ask. Im just so confused haha ,neutral,negative,REVISAR
@user Do you have chocolate? Sunday is National Chocolate Day. ,neutral,positive,REVISAR
"YOUNG MAN SEEKS EUTHANASIA FOR MENTAL ILLNESS PAIN. WILL CBD HELP? November 28, 2016, Adam Maier-Clayton posts... ",negative,neutral,REVISAR
Is everyone ready for Foo Fighters at Wrigley Field #Saturday? Get ready . . . #EastLakeview is going to be in... ,neutral,positive,REVISAR
Did LVMS get showgirls from Primm or Mesquite. C'mon Bruton you can do better #NASCAR ,positive,neutral,REVISAR
"""Tomorrow I'm going to have my class discuss heroism, and I'm using Mikasa from Attack on Titan as an example. :3 #Otaku"" ",positive,neutral,REVISAR
The Yankees win 8-6 and pull with a game of 1st place could be .5 if the Red Sox beat Toronto ,neutral,positive,REVISAR
@user next Wednesday going to the Disney one. No chance Avril will go to the universal night #wimp ,negative,neutral,REVISAR
Article 50 Shades of Grey: Brexit clique leaves surprised Boris in the cold #PoliticsScotland ,neutral,negative,REVISAR
Game 1 of the NLCS and a rematch of the NFC Championship game tomorrow. SF\u2019s gonna be cuuuuhraaaaaaaazeeeee ,neutral,positive,REVISAR
What a prime knob cheese sat next to me on the tube talking extra loudly on the phone about a new show he's pitching to the BBC. Jog on. ,negative,neutral,REVISAR
KPOP FANS HELPING 5SOS #ShesKindaHotVMA it because 5th harmony should of not say bad stuff about 2NE1!!! ,neutral,negative,REVISAR
$224.60.  Not a bad payoff for a 2nd race Trifecta at #DelMar.  Check it out: ,positive,negative,REVISAR
This may be more of an Apple revival meeting than a press conference. This is the employee registration line. ,neutral,negative,REVISAR
"""Clearly the battle is for 2nd place, as Bill Pullman's speech in Independence Day cannot be trumped. ",neutral,positive,REVISAR
What Donald Trump said about Bobby Jindal's debate performance: I may want to check his green card. ,neutral,negative,REVISAR
"Yup. All the folks in #Iraq, #Syria, #Libya, #Yemen, #Afghanistan, NW #Pakistan, #Somalia, #Donbas & #StandingRock… ",neutral,negative,REVISAR
@user MaxPreps photographer Jace Kessler will be on the sidelines tomorrow nite covering your Var Football game vs Ventura! ,positive,neutral,REVISAR
"@user Halloween is a friday if that helps, so I'll probably be going straight from Ayr after college XD"" ",positive,neutral,REVISAR
@user just carrying on the defensive legacies of kg and tim duncan nbd ,neutral,positive,REVISAR
"""Stephen Hawking said """"This girl may like to know that in another possible universe, she and Zayn are happily married."""""" ",positive,neutral,REVISAR
"""I do have some complaints about this this beautiful Sunday night. First, miley handled that well. Nicki should be... ",neutral,positive,REVISAR
Whatever. Some dude forcing his opinions on people ain't worth my time. But aye yall who's ready for the new Naruto episode tomorrow! ,neutral,positive,REVISAR
Who is going to the #UnitedSoundsOfAfrica concert tomorrow at Irving Plaza NYC? cc @user ,neutral,positive,REVISAR
@user @user I think Trump'd probably prefer not to mention the IRA years tbh ,neutral,negative,REVISAR
I may have just splurged on this: \u2019Firefly: A Celebration (Anniversary Edition)\u2019 by Joss Whedon... #dontjudgeme ,neutral,positive,REVISAR
"@user You will be receiving a new seasoncard, your Juventus ticket may be paper ticket that is sent to you. ",neutral,positive,REVISAR
so who's going with me to see justin bieber on April 7th ,positive,neutral,REVISAR
Murray stays alive! He wins the 3rd set 7-6! #USOpen #tennis ,positive,neutral,REVISAR
"""RT @user The guy is a nut, but I will miss Andy Rooney rambling about something ridiculous each Sunday night: ",negative,neutral,REVISAR
"If you have missed one of the many many many many FYI posts about this, the Apple event is HERE ---&gt; ",neutral,positive,REVISAR
Madonna is in concert tonight in St. Louis.  All the women are dressing like 80s whores.  Some of them may even go to the concert. ,negative,positive,REVISAR
@user @user I would be very surprised if a publisher skipped the Xbox One due to PS4 selling more copies of 3rd party titles. ,neutral,negative,REVISAR
@user @user @user isntall the newest version and you may chance your mind! ,positive,neutral,REVISAR
Jordan Farmar may contain nuts! I got laid last night bc of it ,neutral,positive,REVISAR
"""He may be the best choice for Christians, but he'd be a better one if he wasnt so cuddly with israel. im referring  ",neutral,positive,REVISAR
@user Who do you have winning this Sunday? The Undertaker or Brock Lesnar ,positive,neutral,REVISAR
It'd be nice if this woman from Sirius gets back to me about KPOP&amp;U. I sent her a follow-up email Monday &amp; it's almost the end of the week. ,neutral,positive,REVISAR
Live semi-finals this Thursday night 9-10pm on CW Network. America votes. Please share with friends. #teamjordan ,neutral,positive,REVISAR
@user @user  Peyton Manning is phenomenal in the 4th quarter. #Broncos outscoring opponents 89-13 in the 4th quarter. #ESPN ,positive,neutral,REVISAR
@user @user it was only sleepless from around 6am..early enough!! @user may need to drink heavily when they go &amp; see U2! ,neutral,negative,REVISAR
.@geo6493 So are you arguing that Congress can't prohibit Islam but CAN prohibit atheism because atheism isn't protected by the 1st Amend? ,neutral,negative,REVISAR
"""Report: Michael Dyer stopped in March with gun, marijuana by unusually understanding state trooper: Sunday, Arka... ",negative,neutral,REVISAR
"""SM: Sold out derby?: With days still to go before the kick off Sunday evening between Inter and Milan, it is o... ",neutral,positive,REVISAR
"Do a side by side comparison of ""hot Nazi"" Richard Spencer and ""hot felon"" Jeremy Meeks and tell me the bar isn't l… ",neutral,negative,REVISAR
I'm Team Nicki but I would never openly say something bad about Taylor Swift because I think she may have snipers on retainer. ,neutral,negative,REVISAR
Found the game on in Aussie!!! Even though it\u2019s Sunday afternoon...ROLL TIDE!!! ,neutral,positive,REVISAR
Cole clearly said him and Kendrick aren't doing anything. So whatever he's dropping in February isn't what you think. ,negative,neutral,REVISAR
@user seriously! itunes puts like an entire minute as a preview so 20 seconds is nothing. AND I KNOW! it needs to be monday ASAP! ,neutral,negative,REVISAR
"@user And in good news tonight, Fidel Castro assumed room temperature. Now we just need his brother and Maduro to follow. Quickly. ",negative,positive,REVISAR
"""I have tickets to see The Vamps on April 1st, should I try to do a fan project with signs to hold up?"" ",positive,neutral,REVISAR
@user BYU vs GT will re-air Saturday at 9am MT. We did not get VOD rights so it won't be archived on ,negative,neutral,REVISAR
"@user I'd just order it from online then. If you have Amazon Prime, you'll have it by Friday. ",neutral,positive,REVISAR
just heard the go cubs go song 4 the 1st time & it sounds like a song that would play @ the end of a musical when the cast comes on stage ,positive,neutral,REVISAR
With Spurs not signing a striker and Kane about to get injured on Saturday palace have an even better chance of making Europe this season ,neutral,positive,REVISAR
Our Wacky Wednesday promo\u002c is going a bit Ground Hog Day!!! I say our  Our Wacky Wednesday promo\u002c is going a bit... ,negative,neutral,REVISAR
"""Blast Of The War @ KL Live, Life Centre, from 4pm 2day (7/7/12) ft May, FTG, Rockers, Brain Dead & Logam. Dont miss it: ",neutral,positive,REVISAR
"""\""""""""@itsmekatsumi: Cupid doesn\u2019t lie but you won\u2019t know unless you give it a try\"""""""" wwooww.may pinaghuhugutan!"" ",positive,negative,REVISAR
The big day is TOMORROW! Mau XTERRA World Championships at the Ritz Carlton at 9:30AM! ,neutral,positive,REVISAR
I want to trade an Ant-Man fig for this Yellowjacket. All from @user June box. Tweet if interested ,positive,neutral,REVISAR
"""FACT: In the week after @user released his 3rd album titled """"Dirty Sprite 2"""", Gucci noticed a 75% increase in flip flop sales"" ",positive,neutral,REVISAR
Rumours that Chris Harris may join Chris Evans on Top Gear. They'll have to make extra wide doors for 2 such fantastically egotistical twats ,negative,positive,REVISAR
World View: Israel and Hezbollah May Be Close to War Again - Barack sides with Iran/Palestine .#tcot .#ccot .#tgdn ,negative,neutral,REVISAR
Dustin Johnson is just a walking disaster on Sunday's lately. ,negative,neutral,REVISAR
i suspect RBI may be next in line.. either there is going to be rate custs.. of RBI gov on way out ! @user @user ,negative,neutral,REVISAR
Lol @ when Frank Ocean decides to lowkey drop his album on Spotify and say it was released June 30th  Shits fire tho ,positive,neutral,REVISAR
"@user May 4th, which I just realized is Star Wars Day. So a leeeettle early, but can still happen."" ",neutral,positive,REVISAR
@user @user the March Against Monsanto movement shows that we can kick their butts in the market place despite their control. ,positive,negative,REVISAR
February 13th; Desperation Day\u002c it\u2019s a thing ,neutral,negative,REVISAR
5 reasons 1st place Mets should be thrilled David Wright is back: How can you not be? ,positive,neutral,REVISAR
I'm going to woo @user with my intense ass karaoke skills tomorrow everyone better watch out I'm pulling out the Bee Gees and Prince ,neutral,positive,REVISAR
"""PODGODZ 165: Podgodz 165 Recorded 28 July 2015 I saw Ant-Man, I should not have. Midroll sells to, I want to s... ",negative,positive,REVISAR
One Direction will host the Big Time Movie on Monday :) ,positive,neutral,REVISAR
Dressing ghetto tomorrow with my Nike sandals no socks looks like gotta cut my toe nails ,negative,positive,REVISAR
"""Shawn literally is like:""""show tomorrow ! Tickets on sale right now go get them """" like thanks for the warning ..."" ",neutral,positive,REVISAR
Speaking out may not be in the best interest of Jewish organizations and other groups. ,neutral,positive,REVISAR
I see Scorsese may be teaming up with The Artist\u2019s Oscar winning star Jean Dujardin... ,neutral,positive,REVISAR
2 MN college bound teens will be at the White House today with 1st Lady Michelle Obama. How they scored this life changing invite at 6 @user ,neutral,positive,REVISAR
Wendy Dang friend of Ivanka is the GF of Putin. RM is owner of #FixItNews& friend of DT.Putin web is running deep w… ,neutral,negative,REVISAR
"""If this is where they are today, if this is how much he loves Louis right now, then Liam can't even imagine how good tomorrow will feel."" ",positive,negative,REVISAR
~on ISTEP i passed math but not english O well i am going to the 9th grade WOOOOOOOOAAAAAAAAAAAAAAAAAHHHHHHHHHHHHHHHHHHHHHHHHH ,positive,neutral,REVISAR
#vegetarianism for #meatlovers V important mission - many get the #ethics but can't give up the #taste Well done! ,neutral,positive,REVISAR
"Revealed: Arsenal's most injured XI, four players still in the squad via @user ",positive,neutral,REVISAR
"@user @user @user @user @user ok thank you Curtis, mum is away Saturday but Ella &amp; Owen are here all wk end"" ",neutral,positive,REVISAR
@user Galaxy Note 5 edge with dual edge display. August 13. Mark your calendars. ,positive,neutral,REVISAR
"""It's already the home of the Star Tours attraction, it's where they hold Star Wars Weekends every May, so why not? ..."" ",neutral,negative,REVISAR
Galaxy Note 5 and Galaxy S6 edge+ certified in Malaysia ahead of it's official launch  ,neutral,positive,REVISAR
I just need to see Lauren on Saturday already. ,neutral,positive,REVISAR
"""This has been a dope week, finished season 2 of American horror story, beat devil may cry, and bought hella Ps2 games. All I care about x)"" ",positive,negative,REVISAR
Some may find it tragic that I'm sat alone watching Amy Schumer and eating Ben and Jerries but personally I feel no shame ,positive,negative,REVISAR
Transfusing young blood into the veins of the old? Wow. Sounds like George Osborne's budget to me. ,neutral,negative,REVISAR
"@user  World is not only for Muslims,it is for everyone whatever religion and culture they may follow.So live and let live. Wisdom&amp;Truth!"" ",positive,negative,REVISAR
"Pedro sat bench for Barca &amp; KDB wins POTY in Germany but yet Pedro is the ""better"" player. ",neutral,positive,REVISAR
@user uhmmm are you sure ? Cuz Groundhog Day isn\u2019t til like February or march lol ,neutral,negative,REVISAR
"""Let this Christ, this King of Israel, come down now from the cross, that we may see and believe."" ",neutral,positive,REVISAR
"Hannibal gets another TD w/ 10:03 left in the 3rd quarter, extra point no good. Boonville is down 30-7.   .@KOMUsports  #FNF ",positive,negative,REVISAR
when 5quad is on digi's sc tomorrow but you break your phone... ,neutral,negative,REVISAR
1D One Direction 22 inch Two Tone Teddy Bear with Varsity Jacket  #1d #onedirection ,positive,neutral,REVISAR
"""Flying around the world for free sounds great, but this Rolling Stone profile may make you change your mind. ",neutral,positive,REVISAR
"So the #Oakland anti-Trump riots died down after like what, a week? Man that was quick ",neutral,negative,REVISAR
I'm pretty sure Serena ripped that match winning ace the same time USMNT game up their 3rd. ,neutral,positive,REVISAR
I guess I should\u2019ve been out giving out books last night for World Book Day. Instead I sat in large dark room watching the Avengers assemble ,negative,positive,REVISAR
"""\""""""""@matt_edmeades: Sheffield Wednesday linked with roger Johnson\u002c Ivan klasnic and Michael Antonio. Big coups if they get them.\"""""""" #massive ? ;)"" ",positive,neutral,REVISAR
Sooooo.... we think you Whovians may have just crashed the People\u2019s Choice Awards site. - doctorwho: Or\u002c... ,negative,neutral,REVISAR
Damn - Shawn was right. I may have to concede the win on that alone even if my numbers end up a bit better ,neutral,negative,REVISAR
"""Iran, Uzbekistan to increase direct flights: Uzbekistan was the 28th leading importer of Iranian non-oil goods...  ",neutral,negative,REVISAR
@user cheers 4 the ticket ed 4 wednesday \u002cSteve looks a bit like Ricky gervais #ugly fucker ,negative,neutral,REVISAR
@user Perhaps they want a 3rd choice hahaha! Like Ben Amos at #MUFC ,positive,neutral,REVISAR
Sick of a Congress beholden to special interests? Voice your concerns at the FEC public forum on October 9th RSVP: ,negative,positive,REVISAR
""". 'I can't see myself leaving Real Madrid, If the president told me to sign on for 10 years today, I would do it..' @user ",positive,neutral,REVISAR
@user Noticed that you going to be in Tampa tomorrow and wanted to see if we can do a Q&A for Metormix Tampa Bay and feature you ??? ,neutral,positive,REVISAR
A.Relentless.Fucking.ExperienceThank you for the wild ride@evanrachelwood @user @user #Westworld ,positive,negative,REVISAR
@user no you do not need to! Wait may be just Morocco &amp; Israel with me.. my social and linguistic skills are superb ;) ,positive,negative,REVISAR
"#GilmoreGirlsTop4: 1. Emily Gilmore, 2. Paul Anka (the dog), 3. Paris Geller, 4. Miss Celine ",neutral,positive,REVISAR
"""Shitty week, but got a 6er of Phillips Coulrophobia India Red Ale for bed &amp; a new Iron Maiden double LP is out tomorrow for the long weekend"" ",neutral,positive,REVISAR
If One of the  jacks follow me today...Tomorrow I will go outside blasting CALIBRASKA anywhere I go #CalibraskaEP ,neutral,positive,REVISAR
People relate with people like them.They share ideologies and philosophies!#StillWithHer ,positive,negative,REVISAR
Ashley Graham Just Shut Down The Runway In Her Lingerie At NYFW - See Killer Curves! ,positive,neutral,REVISAR
Its like the 26th now yet im not sleepy...i blame twilight series ,positive,negative,REVISAR
Trying to find which .@MichelleObama speech for Melania to use next.  #KeepsTrumpUpAtNight ,neutral,negative,REVISAR
"""Super Eagles coach, Sunday Oliseh, has expressed his delight with the players from the domestic sce... #badotweet"" ",positive,neutral,REVISAR
@user From a UK perspective this is a worrying development as the US has always been the gold standard for freedom of speech. ,neutral,negative,REVISAR
"""greeted this morning to the sight of a boss who shall remain unnamed sat by himself paying bills to Katy Perry's """"The One That Got Away"""""" ",positive,neutral,REVISAR
Its still pretty crazy that we lost Muhammad Ali this year ,negative,positive,REVISAR
"""The city of Dar es Salaam stayed up into the early hours of Friday to welcome the Super Eagles of Nigeria, who... ",positive,neutral,REVISAR
One direction sounds a little different #voiceover #onedirection #jaronsvoice #lo... (Vine by @user ,neutral,positive,REVISAR
streaming more Dark Souls (1st playthrough) right now! maybe I can make it out of blighttown? ,neutral,negative,REVISAR
@user Ben Ferguson is BSing you. I don't think he even knows abt Rightists in Europe and Putin paying them to destabilize their nations! ,neutral,negative,REVISAR
"@user @user I know! Just like the way Republicans assume liberals are victims of mainstream media!! Crazy, right? ",neutral,negative,REVISAR
"Here comes Marine Le Pen, she is hoping for a similar upset next year in the French election, says Italy votes against EU... ",negative,neutral,REVISAR
Harris English\u002c a #pgatour rookie\u002c playing in his first @user started his Saturday by plunking a marshal on the head #ouch ,negative,neutral,REVISAR
"State Undertaking Medicaid ""Transformation"" ",neutral,negative,REVISAR
"David Cameron ""very well-informed"" about #CCS, ""according to experts who have briefed him"". Yes I bet he is. ",positive,negative,REVISAR
"""Done with exterior xmas lights. Tomorrow we work on the tree. Now however its dinner, shower and time to catch up on the DVR stuff. be safe"" ",neutral,positive,REVISAR
"""Hey Conservatives and Scott Walker supporters, while you're enjoying this Labor Day Weekend and have tomorrow off... ",neutral,positive,REVISAR
"""I'm going to Paramore at Rock Im Park in Nuremburg, Germany - Jun 8 ",neutral,positive,REVISAR
@user you\u2019re better when we were talking black lacrosse players after we won our 3rd straight all state sugar bowl ,positive,negative,REVISAR
"""A note to any activists and journalists who may have the infamous Dr Mohamad from Baba Amr on their Skype, his... ",neutral,negative,REVISAR
"@user --and would prefer unification (again, may just be my family) but none of them seem to support the IRA's tactics."" ",neutral,negative,REVISAR
I wish I could buy something but he doesn't ship to Israel... ,neutral,negative,REVISAR
"""RT @user \""""@TheFakeCNN: Republicans says that the earthquake occurred on a fault line called \""""Obama's Fault\"""".\"""" C'Mon, U Know this ..."" ",negative,neutral,REVISAR
"""We have lost everything"": Syrians return to ravaged Aleppo, @user reports. by #AP via @user ",neutral,negative,REVISAR
I hope the plane home tomorrow has Cougar Town and Friends on the tvs. That\u2019s how I spent most of the time flying here xD ,neutral,positive,REVISAR
"@user @user looks like we'll be getting an extended look at Gerald Green, Saturday. Running w/ the starters in practice w/ DG out."" ",positive,neutral,REVISAR
"@user Zayn is a star! he never tried to steal the spotlight, but he is like a sun, he can't be overshadowed. The public is with him!"" ",positive,negative,REVISAR
@user I'm thinking the same thing. They may try it like they did UCLA. ,neutral,negative,REVISAR
Kris Bryant crushes a HR off the big videoboard in left field. His 23rd. #cubs and #dbacks tied at 1 in 5th. ,positive,neutral,REVISAR
"I still need to know James's birthday, for the sun sign analasys, im guessing second deacon virgo, shy, not like Kerry, surprise me ",neutral,positive,REVISAR
"#Saakashvili wants new elections as ""this winter has to be the last one for this #Rada."" He is not allowed to run f… ",neutral,negative,REVISAR
@user I agree with Bert. Amy Schumer may not be in as many nominated movie roles just bcause her base is comedy - gets less noms ,neutral,negative,REVISAR
Last 3 Dons matches I've been at have been 0-0. Last Dons win I saw was Forfar in January. I'm going tonight #apologiesinadvance ,neutral,positive,REVISAR
@user really debating Florida. Need to look at a few more sources and color it tomorrow. ,neutral,positive,REVISAR
Yoga with Shannon tomorrow morning 545-630am!!! Get your work out in before your day starts! Please use the door with the ramp! :) ,neutral,positive,REVISAR
"@user @user Thor: What a pussy. Other God's have universes, Thor gets a measly day of the week """"Thursday"""" #meh"" ",negative,neutral,REVISAR
The best (and worst) of the situation regarding #WWE firing Hulk Hogan on friday - - via @user @user ,neutral,positive,REVISAR
"""Going to see Foo Fighters in concert tonight, Kenney Chesney tomorrow night + the MTV VMAS with Miley Cyrus hosting in Hollywood on Sunday!!"" ",neutral,positive,REVISAR
It's 4 am and i've just realised that Calibraska is out tomorrow. Oh. ,neutral,positive,REVISAR
Tatler sent a photographer to David Cameron's wedding and have just uploaded the pics to the internet for some reason ,neutral,negative,REVISAR
@user @user He violated the Cuba embargo. @user ,neutral,negative,REVISAR
Daily: Lexus rolls styling dice with new RX. Carbon fiber 1st in BMW 7 Series. Autonomy could hurt trucking industry. ,neutral,positive,REVISAR
#Saakashvili has his say on #Ukraine #Odessa #Georgia ,neutral,negative,REVISAR
So according to the new stat system for football.. #MichaelVick is the 5th best quarterback in the NFL ,neutral,positive,REVISAR
"""\""""""""Eleanor was just a fan when she met Louis\"""""""" it\u2019s funny bc she probaly wasnt a fan like she may have known who they were but she wasn\u2019t a fan"" ",neutral,negative,REVISAR
"""I fucks with Kendrick, but March Madness deserve to be our national anthem it's that cold"" ",negative,positive,REVISAR
"""THAT moment when #SFGiants' Buster Posey celebrated his RBI single against the #STLCards -- GAME 5 tomorrow, 5:07 pm ",positive,neutral,REVISAR
Broadway Bar to see AllStar and Bravo perform then Aquarius. I\u2019m stepping out the box and baring a lot of skin tonight. Pics tomorrow. ,neutral,positive,REVISAR
"""Frank Ocean's new album is rumored to drop tomorrow and I hope it does, but I know it's not gonna happen"" ",negative,neutral,REVISAR
Why is everything happening on September 24th I have 2 exams and it might be Eid and now this  ,neutral,negative,REVISAR
@user with happy homes coming out i think so!!! and also gay marriage may start showing up too... ,neutral,positive,REVISAR
I had a dream about #Richonne last night 😊 | #Michonne #RickGrimes #OTP #TWD #TheWalkingDead ,positive,neutral,REVISAR
I am going to see PAPER TOWNS tomorrow. Wanna come with? @user ,neutral,positive,REVISAR
The Winans singing Tomorrow. They still got it. ,positive,negative,REVISAR
"@user Love the notion, just note this was from the Charlie Hebdo attack in January not today's escapade."" ",neutral,negative,REVISAR
Mark Martin winning the The No Bull Million during the Coca-Cola 600 were the 2nd most compelling set of laps I\u2019ve yet seen. #nascar #NSCS ,positive,neutral,REVISAR
"News agenda is - Brexit, Trump, Italy, Le Pen, Germany. ",neutral,negative,REVISAR
My q to @user is; if people who endorse you say 'we are at war with Islam' (http://t.co/Mwlwgi7Aqi) - who do you really represent? ,neutral,negative,REVISAR
The Netherlands came out 2nd in the 4x100 relay at the London Grand Prix. #wedoinggood ,positive,neutral,REVISAR
"""The 'Spectre' theme song will be released tomorrow, and we finally know who's singing it: Sam Smith!  ",neutral,positive,REVISAR
I wanna go to the gay club tomorrow night ,positive,neutral,REVISAR
@user Fluke\u2019s famous for something said about here\u002c not anything she did. Weird they had her scheduled to speak in the 1st place. ,positive,negative,REVISAR
Yes!!  Melania says she didn't give him her phone # b/c he was with a date...but Melania also said she wrote the Mi… ,neutral,negative,REVISAR
I'm not entirely sure how I went from a crummy Sam Smith visual gag to aching existentialism but sudden Sun Kil Moon will do that to you ,negative,neutral,REVISAR
@user I look at his past record 2 n it's awful nearly got barca relegated nearly finished 5th wif bayern b4 he got sacked ,neutral,negative,REVISAR
Aaron Lennon may have no end product but the run and assist against Milan in the CL is what he should be remembered for #NiceOneAzza ,positive,neutral,REVISAR
I wasn't even lit anymore by the time Beyonce came on. Gotta do better tomorrow lol ,neutral,positive,REVISAR
I have two tickets to Kenny Chesney and Jason Aldean for August 28th who's coming with me?!? ,positive,neutral,REVISAR
The first time I ever watched Shawn on tv was on Michael and Kelly and now he's gonna be on the show tomorrow I'm emotional ,positive,neutral,REVISAR
@user he will have to obviously otherwise just Kane for season. January won't be anybody for sale. Clubs don't need to sell. ,neutral,negative,REVISAR
@user @user @user @user Of course *smacks forehead* b/c white supremacists didn't support Trump throughout his campaign. ,neutral,negative,REVISAR
M:I 5 was... ok. Nowhere near as awesome the 4th was. Glad I didn't spend $11 at the theater for it. I would rather watch Ant-Man again. ,neutral,positive,REVISAR
Wish Curtis could miss a day of work tomorrow. But he can't miss anymore days. I just need him to step in so I can sleep ,neutral,positive,REVISAR
@user #brexit getting critical. get UK out to safety NOW. before the whole EU thing collapses. ,negative,neutral,REVISAR
I want to go to the battle of the bands/ drumlines at cotton bowl November 11th! ,positive,neutral,REVISAR
@user I got inspiration from Niall in the 2nd outfit bc all he wears is a stripped shirt &amp; black pants ok ,positive,neutral,REVISAR
"I may have a 10 yo ipod classic, i've never encountered a problem w/ it, unlike my sisters whose newer models seem to crash quite easily. ",positive,negative,REVISAR
Kane: I'm no flash in the pan: Harry Kane can understand why people may say he could be a 'o... #soccer #football ,neutral,negative,REVISAR
Bob Dylan and The Grateful Dead sing Rainy Day Women #12 And 35 live at Madison Square Garden on 10/17/94 - ,neutral,positive,REVISAR
@user I can't wait to see how Tom Brady does when he doesn't consistently have the 2nd or 3rd ranked defense or best coach of all time. ,neutral,positive,REVISAR
"After Trump Win, Parallel Path Is Seen for Marine Le Pen of France’s Far Right Glorious: Wir marchieren! ",positive,negative,REVISAR
Retweeted Dr Sherri Tenpenny (@BusyDrT):Anti-Vaccination Proponent Melania Trump Delivers Powerful Speech... ,neutral,negative,REVISAR
BREAKING: Donald Trump’s Medicare  #thetimeisnow!!! ,neutral,negative,REVISAR
"""Ever since May 5, Big Brother season has been in full swing. There hasn't been a day since wherein I haven't watched BB. #BB17 #BBUK #PBB737"" ",positive,negative,REVISAR
Retweeted Voucher Angels (@VoucherAngels):QUICK‼️ #FreebieFriday has started 😇 My #Hatchimals are waiting to be... ,neutral,negative,REVISAR
This song may have only been released to Kanye West and John Legend before it was performed. #whitepeopleareclueless ,neutral,positive,REVISAR
Use the BBC calculator to see what Care costs you may face you ,neutral,negative,REVISAR
"""Her is a Chevy Spark in Dons favorite color.  I may joke, but this color sells out as soon as the dealer gets... ",positive,negative,REVISAR
@user   I think you should pick Rudy over Mitt but I trust your judgement. #PresidentTrump #MAGA #DrainTheSwamp ,positive,neutral,REVISAR
They say you are what you eat\u002c but it\u2019s Friday and I don\u2019t care! #TGIF (@ Ogalo Crows Nest) ,positive,negative,REVISAR
"#GilmoreGirlsTop4       Christiane Amanpour,      Sophie Bloom/Carole King, Madeleine Albright,            Barbara Boxer ",positive,neutral,REVISAR
"Message to #Poroshenko: women who lost her child, husband from Ukrainian shelling #ukraine #war ",neutral,negative,REVISAR
Just used my #Legendary Google cardboard to watch the #CrimsonPeak trailer for the 5th time and Paul McCartney performing Live and Let Die ,neutral,positive,REVISAR
Tomorrow presents human rights defender Nabeel Rajab to the eliminate non independent in #Bahrain  @user @user ,positive,neutral,REVISAR
"""These newly wed poor couples are then sent to a paid trip to Iran, which is for """" religious education"""". Read the article 4 more info"" ",neutral,negative,REVISAR
Looking fowrard to kaman returning this saturday when Mavs face the Bobcats! #MavsNation #GOMAVS ,positive,neutral,REVISAR
#worldheavyweightchampionship Seth Rollins losing would make a lousy Monday into the best day ever ,neutral,positive,REVISAR
"Medicare, people. Don't mess with the olds. Mobilize them. ",positive,negative,REVISAR
@user was supposed to announce.. Rahul Dravid it is.. The great wall in our studio tomorrow.. Add to that Sourav and Nasser.. ,neutral,positive,REVISAR
"""If you wonder why we keep on this sustainable path, run the trails around Cardigan. Closed loop at its best, nature. #doworkshop tomorrow"" ",neutral,positive,REVISAR
Christianity isn\u2019t just a Sunday thing ,neutral,negative,REVISAR
"""in Saudi Arabia and the grounds, but may not voice them in a sardonically bourgeois way. """"My enlightened leadership has greatly"" ",neutral,negative,REVISAR
@user u may b on Forbes but ur dumbass will go bankrupt eventually. Rousey is smart with her money unlike ur dumdass ,negative,neutral,REVISAR
Watching this episode of #ScreamQueens when I'm haemophobic is so torturous. So much blood 😢😢😢 ,negative,positive,REVISAR
Kanye West confuses me  this kind of made no sense LMFAO but I must say it had me cracking up ,neutral,negative,REVISAR
#RahulStrikes pls ask Rahul Gandhi if he forgot the 14th n 15th charge as he was referring to a piece of paper and with borrowed aggression ,negative,neutral,REVISAR
@user Vs @user at Tuesday Night Main Event. tell Triple H u want a match against Brock Lesnar tonight ,positive,neutral,REVISAR
Donald Trump should get Petr Cech to be the wall on the Mexican border. Nothing would get through. ,neutral,negative,REVISAR
"@user keep hearing about cole being support to kendrick here in March, thoughts ?"" ",neutral,positive,REVISAR
"""David Duval, who needed to birdie the 18th last night just to get qualify for the weekend, is now only two shots behind Dustin Johnson."" ",positive,neutral,REVISAR
@user Olivia and I were so confused Curtis was going to be THE move tomorrow ,negative,positive,REVISAR
"""2nd episode of Family Guy , I missed It the first time (:"" ",negative,positive,REVISAR
At least Dustin Johnson didn't hang around til the end to lose this major..i think he's hitting his 7th shot on 1st hole. Still not on green ,neutral,negative,REVISAR
"""#RAW Seth Rollins, I love to hate him. Best heel """"weasle"""" in the game in god knows how many years. Monday night Rollins!"" ",neutral,positive,REVISAR
I liked \u2019Kendrick Lamar - The Rave / Eagles Club - September 22\u002c 2012 ...\u2019 in the The Rave / Eagles Club App ,positive,neutral,REVISAR
@user @user @user when haha Ricky come through to the Kendrick concert tomorrow! ,neutral,positive,REVISAR
Bob Dylan - How to Cultivate the Perfect Environment for Creative Work via @user ,neutral,positive,REVISAR
Scream Queens (S02E06) .Watch now. 😍 @user @user #ScreamQueens #chenel #bloodshed ,positive,neutral,REVISAR
"Here's the AM message form PFBC this Sunday for those away for Labor Day...""Web of Lies"" in Acts 5:6-11 via @user ",positive,neutral,REVISAR
"So what if Madonna thought BTW was ""reductive""? Is she not allowed to have an opinion or be honest?? ",neutral,negative,REVISAR
"""Beyonce gonna perform \""""""""gift from virgo\""""""""\u002c \""""""""listen\""""""""\u002c and \""""""""DreamGirls\""""""""and Jennifer Hudson gonna come out singing \""""""""Sun in the SKYYYYY....\"""""""""" ",neutral,positive,REVISAR
"Between  #Westworld,  #GameOfThrones , and #TheNightOf, #HBO is going to clean up at the Emmys in 2017 ",positive,neutral,REVISAR
"@user Your sim is active, may we know the response you are getting, kindly insert the sim in a Nokia phone preferably ",neutral,negative,REVISAR
Seen all the TV BUZZ has reviewed this week? #arrow #lucifer #theflash #Westworld #TheWalkingDead #supergirl & more… ,neutral,positive,REVISAR
"""\""""""""@DDingle42: Nick Young Skill Set Is Crazy !\"""""""" Him or JR Smith for 6th man of the year"" ",neutral,positive,REVISAR
please please please STOP with the requests for Ice Cube's son &amp; DC Young Fly to star in a new Friday movie. ,negative,positive,REVISAR
"""RT @user @user  Conrad Murray claims\"""" MJ was unable to \""""sleep\"""" the entire morning yet Murray was on his phone all AM--does  ..."" ",negative,neutral,REVISAR
@user lmaooo not even it was most def in like 8th grade I think ? When I went to Berkmar ! ,neutral,negative,REVISAR
Iraqi militias claim to have isolated IS-controlled #Mosul #MosulOffensive ,negative,neutral,REVISAR
Cosmetics makers continue shift away from animal testing：The Asahi Shimbun ,neutral,negative,REVISAR
Omg. Random Bel Ami tv spot - Canada - It\u2019ll be premiering on the movie network  November 23rd :) ,neutral,positive,REVISAR
Looking for someone to go with to a Zac Brown Band concert on August 21st at Citi Field. Anyone interested? ,positive,neutral,REVISAR
SHAWN ON FITNESS: Walking your way to good health: Many of you may know that I serve on the Maryland State Adv... ,neutral,positive,REVISAR
@user Why don't you start with true voter registration and photo ID to vote. Hacking is not the issue. ,neutral,negative,REVISAR
The scene when Ice Cube raps @ the club for the 1st time. Man. ,neutral,positive,REVISAR
@user @user @user if you dont know hes the vocalist of the metal band Lamb Of God and is a sorta a 3rd party candidate ,negative,neutral,REVISAR
"""Okay, I'm going to bed. Rt for a solo DM with Shawn!! Mbf! I'll be giving them out tomorrow :)) goodnight"" ",positive,neutral,REVISAR
alarm clock is set for 7 jokes i don't have to enrole at college till 2 then don't start till the 10th #Bazinga ,neutral,negative,REVISAR
"""My nightmare for the season with our unbalanced squad is we finish 7th/8th then all our best players (Hugo, Kane, Eriksen etc) want to leave"" ",neutral,positive,REVISAR
@user why do you think Murray may leave? No way a team drafts him before the 5th or 6th round! ,negative,neutral,REVISAR
Ryan and Reince both from WI which already has vilely repressive voter suppression votes.. IN has every type of vil… ,neutral,negative,REVISAR
"""R&amp;R at the Fairmont Orchid in the middle of the Oracle Presidents club w 3500. Setting up for Philip Phillps to sing tonight, Elton on Sun."" ",neutral,positive,REVISAR
Banda Piper -  Ricky Martin (Livin' la vida loca) e Marron 5 (This love) via @user ,neutral,positive,REVISAR
You just know Ben Carson's former PAC staff is out there fuming over this ,neutral,negative,REVISAR
if insert coin sells persona 5 gear thats nice and not super garish im dropping so much coin on it ,neutral,positive,REVISAR
#YakubVerdict Yakub should be hang by tomorrow any how.Then it will be great victory of our Hindustan Constitutionthe half part we have won. ,neutral,positive,REVISAR
This Friday we are mixing Tumblr with Twitter\u002c ah well. ,neutral,positive,REVISAR
@user BASIC NEEDS what part of this dont U understand. I just said communication may be EVENTUALLY important. Get a 10 euro Nokia ,negative,neutral,REVISAR
What if Cena wins the Undisputed WWE Championship match at Summerslam this Sun? A riot is very likely to take place!! ,negative,positive,REVISAR
"""Remember when Tony Blair conceded the link between Iraq war and ISIS? Yeah, don't forget about that. ",neutral,negative,REVISAR
"""If it weren't for Christians, the Aztecs would never have stopped killing babies (like Planned Parenthood does.) ",neutral,negative,REVISAR
"""You would think Tony Blair, more than most, would understand the consequences of a poorly thought out intervention - ",neutral,negative,REVISAR
@user I'll be there during the week and imma get Gucci for 6th !! ,positive,neutral,REVISAR
NonStop #music for you! now: U2 - Sunday Bloody Sunday it's #Holland #International at ,neutral,positive,REVISAR
"Regardless of how you feel about gun control, please watch this. Kindness has the power to save a life. ",neutral,negative,REVISAR
Will this really be it for Mayweather?: LAS VEGAS: Floyd Mayweather says he will call it quits after Saturday'... ,positive,neutral,REVISAR
#Rohingya God please save Rohingya #killing  in #Myanmar #unitednations ,neutral,negative,REVISAR
"@user expect a ""welcome"" post tomorrow. I urge you to google ""Jacqueline M. James."" ",neutral,positive,REVISAR
"#Didyoumiss via @user Meet Melania Trump, the former nude model that is America’s new First Lady FLOTUS ",negative,neutral,REVISAR
"Don't we deserve a place to call our own, a land to call a home same as you Israelis... stop blaming us for defending our rights.#Palestine ",neutral,negative,REVISAR
@user ... Your dab may be diff than @user 'cause you're a Thor kind player... ,neutral,negative,REVISAR
@user @user @user I'd prob say 3rd or 4th. All it takes is 1 team to fall in love tho. See EJ Manuel &amp; Christian Ponder ,neutral,positive,REVISAR
@user s Sean and Ash doing a run though tonight ready for their Radio show tomorrow night live 8pm till 10pm @user ,neutral,positive,REVISAR
@user @user / You portray Hannibal beautifully may I just say. ,positive,negative,REVISAR
Anyone going to the Romney rally in Fairfax on Monday?? Really wanna go\u002c but no car. Help!? @user ,negative,neutral,REVISAR
"""On Friday 4, 'Digital Nirvana with Croma' was Trending Topic in Delhi for 5 hours: #trndnl"" ",positive,neutral,REVISAR
"@user Clinton, Panetta, Petraeus we will not #StandDown on Nov 6 or Nov 7 or Nov 8th. Do the right thing now. #WeWillNotLetThisGo"" ",negative,neutral,REVISAR
I just sat in my room and full fledge sobbed over Kurt Cobain's death... I'm fine. This is totally normal. Nothing 2 see here. ,neutral,negative,REVISAR
#Trump Owns Stock In Pipeline Project At Center Of #StandingRock Protest #NoDAPL #NativeAmericans ,negative,neutral,REVISAR
"David Cameron wakes. Checks Mail &amp; Sun front pgs  ""Damn!""  Rubs out 'swarm' from speech &amp; replaces it with 'desperate people who need help'. ",neutral,negative,REVISAR
@user I'm right in thinking you're at Whooverville in Derby on September 3rd aren't I? If so I'll see you there :) x ,neutral,positive,REVISAR
TODAY is the 1st day of Infection Control week.Have a look at HIV infection in Healthcare Settings: #infectioncontrol ,neutral,positive,REVISAR
Kinda volunteered to work tomorrow night (technically tonight) hope they decide to work their shift cuz Ive actually got a lot to do today! ,neutral,positive,REVISAR
Mr. Angelos helping the ZCMS 8th graders create their own Google Site. #Zion6 ,positive,neutral,REVISAR
The 1st Amendment is being ignored while the new federal right to marriage equality made up by SCOTUS (marriage... ,negative,neutral,REVISAR
"#UN #UnitedNations: Security en #Mexico Must be Handled by Civilians, not the Army ",neutral,negative,REVISAR
Murray can't be happy with that tie-break esp. What did he need to do better this match? #usopen ,negative,positive,REVISAR
"Arsenal may have made a slow start to the Premier League season, but Arsene Wenger's men are clearly looking to pick up the pace. ",positive,neutral,REVISAR
Is your computer acting like it is still on Labor Day break? Just reboot - It's patch Tuesday :) ,neutral,positive,REVISAR
Barcelona facing sanctions after supporters sing homophobic slurs towards Cristiano Ronaldo....#starboy#ballondor#no4#galantgalatico ,negative,neutral,REVISAR
I NEED to see Justin tomorrow at the today show but I can't skip class :( ,negative,positive,REVISAR
Sox fans that are happy that Kris Bryant left the game with an injury are pretty pathetic! C'mon guys really?!? We are better than that! ,negative,positive,REVISAR
"If Rick Perry does not win the election, he has lost nothing as he is a strong family man, and a true Christian. ",positive,negative,REVISAR
@user The Tigers know it's a big game as well: resting Martinez & Alburquerque Monday and bumping Verlander. ,positive,neutral,REVISAR
I just don't think designers of self-driving cars understand how badly pedestrians at crosswalks will intentionall… ,negative,neutral,REVISAR
@user he's their 3rd wheel they went to disneyland on a date and machimiya heard that they were going and invited himself ,neutral,negative,REVISAR
"""yeah i love Nicki and yeah Miley may have said something but Miley has a point, journalists always manipulate what is said, Nicki just"" ",positive,neutral,REVISAR
David Wright coming back tomorrow highly increases the chances of me putting up an MCM Instagram. Not even a little bit ashamed. ,neutral,negative,REVISAR
if i agree to hang out with u on a sunday you're probably very fucking important or you're david beckham ,positive,negative,REVISAR
@user @user @user @user You do realize he lost the popular vote by 2 million. Most of that red is land. ,neutral,negative,REVISAR
@user @user @user bring the draft back! Deport all refuges & illegals out! Death penalty 4killing officers! ,neutral,negative,REVISAR
"""Conservatives"" not being very conservative if they think 'written agreements' overrides the Constitution.#AusPol ",neutral,negative,REVISAR
@user Seems to me like at this point liberals are hypersuspicious of non-mainstream sources and rightists hyper-suspicious of mainstream ,neutral,negative,REVISAR
I'm gonna call out of work tomorrow because Kane turns 1 and it's a big deal #catmom #gotmypictureforinstagramready ,positive,negative,REVISAR
"""Assad continues to bombard #Homs, 4 the 17th consecutive day, mobile ntwrks off 4 the 4th day, mjr battles around Baba Amr #Syria"" ",negative,neutral,REVISAR
saving episode 12 for tomorrow because she made me angry and i just spent 13 hours playing naruto ultimate ninja 4 so my eyes are dead ,negative,positive,REVISAR
when it's September 13th and you still eating Labor Day leftovers ,neutral,positive,REVISAR
Post Edited: Will the mass of earth reduce due to extraction of fossil fuels? ,neutral,negative,REVISAR
"this is a very diverse & talented cast of men, but I find it hard to believe that no women wrote #NBAwards-worthy b… ",neutral,negative,REVISAR
@user @user @user are their enough employment opportunities. Idea is their should be minimum deserved wage by @user ,neutral,negative,REVISAR
"IPod Accessories: TsirTech 15 Piece iPod classic, Accessory Bundle compatible with iPod Classic 120GB and New 7th... ",neutral,positive,REVISAR
"Muhammad Ali 😂.. it's time to go to sleep ,Bitch ! @user ",negative,neutral,REVISAR
Omg. Ricky Martin may be gay but he is one fine ass gay man. ,positive,negative,REVISAR
Ted Nugent said it best when he was recently asked: what is America\u2019s single worst problem? Apathy. I\u2019d argue Ignorance is a very close 2nd. ,positive,negative,REVISAR
Muslims in Nepal we will live &amp; fight with each other don't want a 3rd party interference..... ,negative,neutral,REVISAR
I'm honestly really satisfied with my classes except 3rd but it's Gucci ,positive,neutral,REVISAR
Apple Watch with expected price of Rs. 25000 coming to India in this October ,neutral,positive,REVISAR
@user LIT MY MUM 'Kerry the louboutins I wonder how many Willam owns!!! Look Kerry Warner Wednesday!' ,positive,neutral,REVISAR
Catch me watching the new Naruto in class tomorrow ,neutral,positive,REVISAR
Iran is about to start selling oil that may cost just $1 a barrel - Read at Business Insider: nice ,neutral,negative,REVISAR
"I know, pumpkin. I know. The country needs to see the legit numbers, EVEN IF THEY DON'T HELP OUR GIRL.… ",neutral,negative,REVISAR
"""Hey peeps, I have confirmed with the Gladstone Hotel (Sunday from 3pm) that children are allowed in the part of... ",positive,neutral,REVISAR
@user @user #AskChrisHemsworth Do you know Chris Evans may enjoy your Diet? Captain America is now stronger than Thor ;-) ,neutral,positive,REVISAR
okay tomorrow is hell day. can\u2019t wait to get in my car and drive home as fast as humanly possible. call me danica patrick\u002c if you must ,negative,positive,REVISAR
Gosh darn it I really hope I get to meet Niall and the rest of one direction in December:/ ,neutral,positive,REVISAR
"""LMFAO Hulk Hogan really got fired on his day off.  On a Friday, man."" ",neutral,positive,REVISAR
@user dude... You didn't know about GAY BY MAY!? ,neutral,negative,REVISAR
"""Presidency, Boko Haram reportedly begin negotiation talks: There may be hope around the c... .. via @user ",neutral,negative,REVISAR
"Guess that just makes the lifting Local rags do from BBC anyways sanctioned and official, no real change... ",neutral,negative,REVISAR
John Cena is even the best at losing ,neutral,positive,REVISAR
Temple\u002c Drexel\u002c Penn\u002c NY SD\u002c state of NJ - closed for Monday and Tuesday. Philly SD? Still thinking about it. #thatmakessense #noitdoesnt ,negative,neutral,REVISAR
"""Kyle Seager hits hit 20th HR of the season! It's a 2-run bomb. Mariners lead the White Sox, 2-0 in the 1st."" ",positive,neutral,REVISAR
@user the Galaxy Note 5 and S6Edge+ announcement is August 13th! ,positive,neutral,REVISAR
"#Microsoft joins the @user Microsoft ♥#Linux...like a pet, or entree, I  say. #microsoftlinuxfoss… ",positive,neutral,REVISAR
@user Any search seems to give details back today. You may have confused an article with the Porto model. ,negative,neutral,REVISAR
I wonder who this marketing is aimed at? Goes for a lot of the Indian #homeopathy advertising on twitter. Domestic… ,negative,neutral,REVISAR
I wanna go to the studio with Ulysses n them tomorrow\u002cbut i cant. #BARS ,negative,neutral,REVISAR
Valentines Day Knit fingerless gloves with by WendysWonders127 via @user ,neutral,positive,REVISAR
"@user ...a market that they had already lost by the time Oracle bought Sun. But yeah, the API is the worst part of Java. ",neutral,negative,REVISAR
Thousands of protestors are being tear-gassed over the Dakota Access Pipeline… ,neutral,negative,REVISAR
"@user @user tomorrow i'm going to buy the tickets of the concert in mexico city,obviously in the first line"" ",positive,neutral,REVISAR
"14yrs Rick Perry ran the 12th largest economy in the WORLD,left with 18bil Surplus 27Mill people &amp; created ALL of the job growth in America! ",positive,negative,REVISAR
@user But when he VOTED for OBAMA the 1st time he showed his true colors. ,neutral,negative,REVISAR
Ron Rivera says Cam Newton is playing the best football of his career. Are the Packers in trouble on Sunday?... ,neutral,positive,REVISAR
15+ tours & tastings to show off Madison to your #Thanksgiving visitors #Visit_Madison ,neutral,positive,REVISAR
Minecraft will not be on my Main. All the videos of things other than Halo on my main have been part of the hype build up for my 2nd channel ,neutral,positive,REVISAR
"""\""""I saw my father march with Martin Luther King\"""" & \""""My father and I marched with MLK Jr. through the streets of Detroit\"""" ",neutral,positive,REVISAR
Federer is through to his 15th straight 4th round at the US Open. He's 8-4 with two other wins by walkover. ,neutral,positive,REVISAR
\u2019No Favorites\u2019 for Russia-Portugal Clash - Capello: MOSCOW\u002c October 11 (RIA Novosti) - Russia\u2019s match with Portu... ,negative,neutral,REVISAR
Mark James on bbc says as Paul Dunne is on the 17th tee let's not have anymore British out of bounds. Dunne is irish not British. #typical ,negative,neutral,REVISAR
"""Nice call, what else do you got? (Clint Barton: Well, Thor's taking on a squadron down on 6th.) And he didn't invite me."" ",neutral,positive,REVISAR
@user I'm already on my 3rd year at Colton it wouldn't make sense to graduate from gt after spending all this time here >.< ,negative,positive,REVISAR
"""June 26, Christianity's nine eleven. Kim Davis.... Its first causality.  Must all Christians now  leave the public sector or conform?"" ",neutral,negative,REVISAR
I love the Niners. This sandy thing was a bust. Now I have to work tomorrow. #bummer ,negative,positive,REVISAR
Republican frontrunner Donald Trump said Thursday he's pleased he'll get to debate with Carly Fiorina at CNN's... ,positive,neutral,REVISAR
Anyone interested in camping tonight on the New River and swimming at Summersville tomorrow? ,positive,neutral,REVISAR
@user @user I blame Snoop Dogg for getting Izzy to stick her body out the sun roof ,neutral,positive,REVISAR
"Fine, FINE edge! Can't blame Verlander for challenging #ausvrsa ",neutral,negative,REVISAR
Lost my iPad for the 2nd time today ,negative,positive,REVISAR
@user this is off the Charlie Hebdo shooting in January ,neutral,negative,REVISAR
Kim Fatty the Third ,neutral,negative,REVISAR
@user it does! And Big Time Rush on Saturday counts for a musical\u002c right? Haha ,neutral,positive,REVISAR
"""So the 18th will the best weekend, Jason Aldean and @user @user @user @user #BGBOUND"" ",neutral,positive,REVISAR
"From #TheWalkingDead, we interview #DanielBonjour! And he wants to #cosplay #deadpool! #costumes #twd #twdfamily ",positive,neutral,REVISAR
Goals for tomorrow: - photoshop Owen Good's polygon picture to make him have Hulk Hogan hair + bandana - laundry ,neutral,positive,REVISAR
Is it the same David Cameron posing before TV Cameras on Thursday posing fabricated words of compassion who also preaches race intolerance? ,negative,neutral,REVISAR
Thank God we now have August 9th as the day Frank Gifford died instead of it being the day Michael Brown died. ,neutral,positive,REVISAR
'Milan' appeared on Monday 14 at the 17th place in the Top20 of Stockholm's Trends: #trndnl ,positive,neutral,REVISAR
How was everyone's Thanksgiving?! Dr. Boston and his family spent their day doing a #MannequinChallenge at the... ,neutral,positive,REVISAR
"@user keith was armed. as far as the abortion thing, I think that's extreme however I am pro-life :) Not sure why you're not .... ",neutral,negative,REVISAR
"Supporters that are supporting Ted Cruz, Rick Perry, &amp; Sarah Palin &amp; family-should look at the facts that their employer may think your also ",neutral,negative,REVISAR
@user @user If look at Nates numbers\u002c it\u2019s due to increased chance in OH. Good O poll in FL may have helped too. ,positive,negative,REVISAR
I'm supposed to be doing a talk in my teachers office tomorrow about Moon Landing and I think I'll talk about David Bowie songs instead ,positive,neutral,REVISAR
@user may as well bring me back to life just to end my life again because SAM SMITH is doing it instead ,neutral,positive,REVISAR
Is Dean Ambrose a WWE wrestler? If he is he's just retweeted this from April. Weird ,neutral,negative,REVISAR
"""George Osborne and IDS should write a joint article in the Sun thanking Burnham, Cooper &amp; Kendall for their support on the Welfare Bill."" ",positive,neutral,REVISAR
Talk about illuminati! Kanye West for president? Please tell me we find out it was a PR stunt tomorrow.. ,negative,neutral,REVISAR
Whatever Wednesday's at #Machine is very... Whatever so far- with a group of Red Sox game tourists it seems. ,neutral,positive,REVISAR
"""Holy s**t, Navas will not make it in Milan ",negative,neutral,REVISAR
Did you miss the #NBAwards announcement? Here are the titles honored this year by @user ,neutral,positive,REVISAR
Iraqi Air forces kill dozens of #ISIS #ام_الربيعين_تجمعنا#mosul#mosulop#mosulops#mosuloffensive#iraq… ,negative,neutral,REVISAR
Well sorry Obama and Dems-there's a new Sheriff in town and he won't allow that stupid crap! #TrumpsTheMan ,neutral,negative,REVISAR
the 2nd one chris brown was performing with big sean & i was picked to go on stage & then i ended up being CBs wife & Brentley was his ! hah ,neutral,positive,REVISAR
Tickets have come to see #TheUsed on November 8th at the NIA! Sweet\u002c even though Evanescence are headline I\u2019m just going to see The Used! ,neutral,positive,REVISAR
@user let\u2019s just say\u002c I call it the Casey\u2019s Trifecta. I\u2019ll explain in homeroom tomorrow....after I ask Cory to homecoming lol ,positive,neutral,REVISAR
"@user ...left-libertarians. Some of them are Alt-Rightists, granted. But they aren't the norm within the pro-Gamergate side. ",neutral,negative,REVISAR
"""Emmylou Harris & @user singing \""""""""The Maker\"""""""" to close the entire \u2019Wrecking Ball\u2019 performance in Nashville on Wed. ",neutral,positive,REVISAR
Oracle so transparently bought sun just to avoid to block the friends being supportive n shit. ,neutral,negative,REVISAR
NO14 - DEN 34; Peyton and Eli may meet in the Super Bowl if both Denver and the New York Giants keep winning like they did Sunday ,positive,neutral,REVISAR
"@user @user @user @user Same here, though I'll gladly watch @user at night when I can! ",positive,neutral,REVISAR
Pretty sure Hulk Hogan is not the 1st person to say something IN PRIVATE that he'd rather not be out in public. Every single one of us has ,neutral,negative,REVISAR
@user I miss my kitty.. he used to chase the sun reflection of my ipod on the wall.. ,neutral,positive,REVISAR
The 2nd headline was a story about the guy who plays Thor using his 1st big payday to pay off his parents' debt. *THAT* deserves top honors. ,positive,negative,REVISAR
Gucci raft shadow coolness august enlarge the couplet yours singleton on good terms hookup into graduate inhab... ,positive,neutral,REVISAR
RT @user Our new dance instructor for #ClubFitness has toured w/ Beyonce!!! You know our Beyonce themed night is going to be ... ,neutral,positive,REVISAR
Clinton Supporters Place Signs of Support on Her Street on Thanksgiving - ABC News - via @user #StillWithHer ❤️👍❤️👍🇺🇸 ,positive,neutral,REVISAR
From WTAJ: BIG announcement for Paul McCartney fans. October 15th at the Bryce Jordan Center live in concert.... ,neutral,positive,REVISAR
Ashley Graham rocks barely there makeup on her first Vogue cover ,positive,neutral,REVISAR
AState up 24-0 after the 1st. Doing work in the Georgia Dome! ,positive,neutral,REVISAR
Galaxy Note 7 fail opens door for rivals ,negative,neutral,REVISAR
Ireland's minority government said on Thursday that it would not block a first reading of a bill backed by all... ,neutral,negative,REVISAR
"""This is what Trump actually tweeted following the latest Paris attack, the moronic one is from Charlie Hebdo in Jan ",neutral,negative,REVISAR
ok so I may or may not have bought some shorts at the concert that say Ed Sheeran across my butt ,neutral,positive,REVISAR
I like Trey Burke but I think pre-season 1st team all-american is a bit over the top. ,negative,positive,REVISAR
@user Dope night with the Eagles .did #sangz1 tell you he deleted all the pics ,negative,positive,REVISAR
"Fyi, it's ""Go Topless day"" on Sunday. In NYC fans of gender equality will be marching in a Pride Parade. ",neutral,positive,REVISAR
I can neither confirm nor deny I may or may not be singing U2's Beautiful Day while working tonight ,neutral,positive,REVISAR
"""If I don't go to the gym tomorrow night, I can watch SHARKNADO 2 again. It has been too long since I watched."" ",positive,negative,REVISAR
It's Sunday but zayn's performance makes me want to pop off ,positive,neutral,REVISAR
"""Lets be honest, Jay Z was the 1st nigga to get bodied by a singing nigga (Frank Ocean)"" ",neutral,positive,REVISAR
I'd rather let Conor McGregor full on kick me in the dick than go to work tomorrow ,negative,positive,REVISAR
SHUT UP & HIT THIS PARTY SATURDAY!  - POP recommends:  One of our all time heroes\u002c the legendary James Murphy... ,neutral,positive,REVISAR
"""On July 14th, Ten Thousand Villages supports @user See how you can help."" ",positive,neutral,REVISAR
"Uncle John's Band by Grateful Dead is #nowplaying in The Sun, Lancaster.  Download it now at ",positive,neutral,REVISAR
Younique officially launches in the UK on 1 November.  Be one of the first to get your 3d fibre lashes. ,neutral,positive,REVISAR
Google is surprisingly unhelpful at providing the cubic oxygen intake per minute of an average adult weasel.  C'mon Google get it together. ,neutral,positive,REVISAR
Nokia N9 in nine seconds: By Ian posted on the 13th of July 2011 at 8:35AM GLOBAL - The Nokia N9 is fast. So fast that a regular 30-s... ,positive,neutral,REVISAR
@user Where are we going out for Devin's 21st?? Northampton's finest... the Gin Mill? haha ,positive,neutral,REVISAR
Just seen #FantasticBeasts #IMAX it's like #PokemonGO only pretend. ,neutral,positive,REVISAR
Glad Kendrick got that album of the year nom but The Weeknd though? C'mon man... #fb ,neutral,positive,REVISAR
who going to chris brown this thursday? ,neutral,positive,REVISAR
"@user @user you  \""""apparently\"""" saw Miss America n Alex getn wed. Isn\u2019t this correct?? C\u2019mon psychic? Speak?"" ",neutral,negative,REVISAR
so heartbreaking 😔https://t.co/L5kAVQFpoG ,negative,neutral,REVISAR
"@user Really! So lucky, Matt Harvey is pitching, it's David Wright's 1st home game since coming off the disabled list!"" ",neutral,positive,REVISAR
I caught up on AHS I'm a have to do scandal and how to get away with murder tomorrow ,neutral,negative,REVISAR
@user This tweet was poorly timed. Surely they'd be hidden... RT @user 12 handy tips for Windows 7 that you may not know ,negative,neutral,REVISAR
"""With Frank Gifford's passing, Keith Jackson is the lone survivor of the original Monday Night Football telecasters ",neutral,positive,REVISAR
"""\"""""""" SOUL TRAIN\"""""""" OCT 27 HALLOWEEN SPECIAL ft T.dot FINEST rocking the mic...CRAZY CACTUS NIGHT CLUB ..ADV ticket $10 wt out costume $15..."" ",positive,neutral,REVISAR
I can\u2019t wait to here this Negros explanation about Monday night!!! Smh un huh trust issues ,positive,negative,REVISAR
David Wright comes back tomorrow and that's all I really care about ,positive,negative,REVISAR
Peru Wants 1D World Tour let's go trending trending trending till we see the sun ,neutral,positive,REVISAR
@user on dat #mannequinchallenge at our 4th Annual College Life Skills Conference 😊😃😉😎🙄… ,neutral,positive,REVISAR
"""C'mon, you guys can do better than this. Don't look down on KPOP.....  ",neutral,positive,REVISAR
@user @user @user @user @user plz add L1520 in the 1st wave of windows10 phones release.plz dont hurt ur diehardfans ,neutral,negative,REVISAR
Heads up: An important change to Amazon Prime effective August 1 will limit how you can share free P... @user ,negative,positive,REVISAR
I like Thorburn with Copp and Halischuk on the 4th line.  Really like Thor on the 4th line. ,positive,neutral,REVISAR
Settled part of Bali stuff with the friends. Tomorrow some more. Totally forgot about my 8am class -_- ,neutral,positive,REVISAR
"""After Halloween I want to skip to Dec 1st, then Christmas holidays, then Easter weekend, then March break, then Victoria Day, then summer!"" ",neutral,positive,REVISAR
Aww Kina Grannis sang 'Mr. Sun' for all the Filipinos who suffered from floods! @user <3 ,positive,neutral,REVISAR
@user @user @user recount ALL votes then and see with illegals & dead folks He'll win popular vote too! ,neutral,negative,REVISAR
@user i put Kendrick's in 2nd. i think it belongs to cole. it was a better batch of art. ,neutral,positive,REVISAR
@user Salt Lake City to do shit like yesterday I went to the capitol building for a Planned Parenthood rally and tomorrow I'm ,neutral,negative,REVISAR
@user you are right to identify a variety of intentions. A variety of intentions may still be fully compatible for Christians. ,neutral,negative,REVISAR
Tonight's Final: 4-2!!!!  White Sox win their 60th of the season. Rodon wins his 6th! ,positive,neutral,REVISAR
Four Lions in on this Sunday. Have to record that. Still not seen it yet. ,neutral,negative,REVISAR
I bought a guy a Valentines Day gift once and that was really traumatic for me so I try my best to be single on gift giving holidays. ,neutral,positive,REVISAR
The Patriots game got cut off after taking a 38-7 midway through the 3rd quarter. #soproud ,positive,neutral,REVISAR
"@user and this is exactly why we are getting the dems out of the W.H. for good, and putting a republican in office to drain the swamp! ",neutral,negative,REVISAR
yea im done with briana she getting blocked for the 3rd time now ,negative,neutral,REVISAR
"""No it's cool Milan, tie the 19th and 20th placed teams back to back that's fine"" ",neutral,positive,REVISAR
Stop by and see us before the show!  15th and Curtis! #DenverCenter #TheLionKing ,neutral,positive,REVISAR
"sorry professors, can't go to class tomorrow morning bc Justin is on the today show. #BieberTODAY ",neutral,negative,REVISAR
@user Obama is making a trip to Des Moines Monday.. You and @user coming down for it? ,positive,neutral,REVISAR
Im going right to HollyWood Tans on 21st Walnut today ... right after school ! ,positive,neutral,REVISAR
If you're not on curtis or wagner vars you have no say in whats going on friday period ,neutral,negative,REVISAR
"""Iran oil exports may rise by 500,000 barrels per day in year after sanctions: IEA: ET SPECIAL:Love visual aspe... ",neutral,positive,REVISAR
How do you like your #MHdog? Let us know on National Hot Dog Day this Thursday by using #MHdog #buffalodog ,neutral,positive,REVISAR
My grandpa at the end lmao #MannequinChallenge ,neutral,positive,REVISAR
If Katy Perry don't wan to be my Angel it's OK. My Parents send the 2nd selected one as my Angel... Your Son King Devil ,neutral,positive,REVISAR
Finally broke down and got Amazon Prime and the delivery on my 1st purchase as a member is late. @user I was expecting better. ,negative,positive,REVISAR
Good point here. #Trump says we don't know who the rebels are. But we do know who #Assad's forces are: #Hezbollah a… ,neutral,negative,REVISAR
Photo: Fab find! Jason Wu satin scarlet clutch at Off 5th! Whoop whoop! (Taken with Instagram) ,positive,neutral,REVISAR
On a scale of 1 to Rebecca Black how happy are you that it's Friday ,neutral,positive,REVISAR
"I've used Black Friday to pick up some Tim Duncan, James Harden and Giannis Antetokounmpo merch. Allegiances all over the shop. ",positive,neutral,REVISAR
"@user @user C'mon, feed Conor Mcgregor to @user Mcgregor talked his way into a title shot, Frankie earned it. ",neutral,positive,REVISAR
9th day of continuous shelling of Baba Amr #Syria ,neutral,negative,REVISAR
"""Cool #cdnpoli RT@angelpike: Call the hospital in Iqaluit & press 2 for English. Experience an aboriginal language as 1st choice\"""""""""" ",positive,neutral,REVISAR
#embracing #autonomous #self driving #cars #corporations that shall #revolution an #industry ,positive,neutral,REVISAR
@user katie... ha tomorrow is her last day ,positive,neutral,REVISAR
Planning on going to Wednesday's Sam Smith concert in Glendale? Well you'll have to wait a little longer. Show has been postponed to 9/30. ,neutral,positive,REVISAR
"@user ~stated flatly. Thor was still a sore point to bring up. """"You may think that brother. But simply stating that proves you are~"" ",neutral,negative,REVISAR
FUTURE FIRST': SELF-DRIVING CARS WILL SAVE LIVES ,positive,neutral,REVISAR
Well it's about damn time Nike  ,neutral,negative,REVISAR
I may have to pull out my Oldskool iPod and just blast some Tupac from my TV this morning #RIP ,neutral,positive,REVISAR
Retweet and tweet this 👇👇👇#MPN #OneDirection ,neutral,positive,REVISAR
"@user Another thing, (not taking into account his complete mare on Saturday) would you want Vermalen as the rock of your defence?"" ",neutral,negative,REVISAR
Had to allow myself one bit of online shopping today since they're only making one run of these Leonard Cohen homag… ,positive,negative,REVISAR
SingSnap | One Night With You by jclabb in the style of Elvis Presley ,neutral,positive,REVISAR
"""At least after work tomorrow I can look forward to 'Epic Win' , 'X Factor'  and the return of 'Doctor Who' .... Tho a Pint may be needed."" ",neutral,positive,REVISAR
"@user 2) Reportedly, Steve Bannon told Cuban that the team needed people around who speak their minds, not sycophants. ",neutral,negative,REVISAR
This mess is coming towards us tomorrow. SPC has a slight risk out for tomorrow\u002c and we\u2019ll know more about what it... ,negative,positive,REVISAR
OPINION: The Anti-#Trump #Riots Are a #SmokeScreen: ,neutral,negative,REVISAR
Go and check out Calibraska!! (Warning: may or may not burn down your house from how fire it is.) #CalibraskaEP ,positive,neutral,REVISAR
I was supposed to hand in my Deca money Monday... Can melleby still take it ,neutral,negative,REVISAR
In all seriousness I think we all stated how we felt about the baby and Briana way back in August there's no need  ,neutral,negative,REVISAR
Flashback Friday 5 years ago Nov 2011 Disneys Beauty and the Beast @user #FlashbackFriday #BeautyAndTheBeast ,neutral,positive,REVISAR
*Disclaimer. These thoughts are my own and do not reflect those held by the company I work for. I have worked in... ,neutral,negative,REVISAR
Obama hopeful his reset with Nigeria can boost fight against Boko Haram: President Obama on Monday praised new... ,neutral,negative,REVISAR
"""How did Dylan Quirk not make the Vic 19's. He kept to James Pattinson, Darren Pattinson and Peter Siddle in a 1st grade Grand Final at 15."" ",negative,neutral,REVISAR
Finally watched PLL Halloween episode. Will now watch Gossip girl then 90210. Homework day tomorrow!! ,neutral,positive,REVISAR
George Osborne recently parked his tanks on Labour's lawn. Now he's turned off the engines: ,neutral,negative,REVISAR
This goes right up there with Rolling Stone putting a terrorist on the cover. Pathetic.  ,negative,neutral,REVISAR
"""And tomorrow Nicki is going to be seen as """"a raging angry black women"""" for calling Miley out of something that she is GUILTY for"" ",negative,neutral,REVISAR
"""I have a 150 minute flight tomorrow morning. #fuck #sleeping #tonight. I'm going to sleep on the plane, and listen to Yoko Kanno."" ",negative,positive,REVISAR
Activists in Deir Ezzor captured this image of Musab Bin Umair Mosque after regime forces set it on fire Wednesday. ,negative,neutral,REVISAR
"""Eid was on Sat.&amp; #BajrangiBhaijaan is Salman Khan's Film with No-Action,Good WOM. Only Monday(if not low)&amp; Tuesday BOC can make things clear"" ",neutral,positive,REVISAR
Trump Wins Bad Hombres Award #spoofs ,neutral,negative,REVISAR
@user Everton are the 2nd highest users of the long ball this season. Wilshere has time and a selling club on his side. #feederclub ,neutral,positive,REVISAR
"Rick Perry &amp; Bobby Jindal, for all their trying, couldn't even make the 1st debate over Ben ""You can catch homosexuality in prison"" Carson. ",neutral,negative,REVISAR
"""#BB17 protip: Always DVR the hour show after Big Brother on Sundays, because sports. After Sept 1, up it to 2 hours, football is long."" ",neutral,negative,REVISAR
Opening de Ricky Martin 🎶💥@laliespos 💞 #LaliEnMexico ,positive,neutral,REVISAR
lol rt @user Jul 17 How Louis &amp; Briana met -- it's actually kind of embarrassing... ,negative,neutral,REVISAR
And tomorrow is the day that David Guetta will come to play at Fort Canning. ,neutral,positive,REVISAR
I want to attend Sam Smith's concert at MOA Arena on November. ,positive,neutral,REVISAR
"@user Now envisioning Tues night FTs where you read Carry On to Obama, because he's prez and has to know abt Simon &amp; Baz first... ",negative,neutral,REVISAR
Harper upset with fans   When @user runs out every routine grounder to 2nd then he can complain about the fans ,neutral,negative,REVISAR
Weird music mood today . Lots of Hank Williams and Johnny Cash running through the iphone. ,negative,positive,REVISAR
That's how you handle a beef lil ass nigg. - Nicki to Meek after she sat down from receiving the award. ,neutral,negative,REVISAR
Ego still bruised after poor day of racing @ Ironman Wales on Sunday. One more rest day then I think I should start doing something about it ,negative,neutral,REVISAR
"@user @user no, #Israel and #Egypt keeping #Hamas out doesn't exclude anyone from #Gaza from travel elsewhere. ",neutral,negative,REVISAR
Debating ignorance isn't worth the timeor usefulTRUMP won!Suck it up buttercup!NO GUN CONTROL FOR YOU!@Blogsbloke @user ,neutral,negative,REVISAR
@user 'Ruben the 2nd' or 'Percy Porker' for Moo's Minecraft pet house pig?  :-D ,positive,neutral,REVISAR
First day of journey heading to Hat Yai and going to Phuket this weekend! Fighting Jimmy! And tomorrow have ,neutral,positive,REVISAR
@user There are going to be plenty of ups & downs for Boro\u002cCardiff\u002cLeicester etc until May.I hope we are still in with a shout for promo ,neutral,positive,REVISAR
"""Tum Kya Samajhty Ho Choro Gay To Mar Jayen Gay hum,  .H!NA  1 Bat Kahun Tum Se Jee to wo b rahy he jin ko chora ta tere liye.  Sweet prince."" ",positive,neutral,REVISAR
@user @user Hate to see it. Dustin Johnson on the 1st. #headsgone ,neutral,negative,REVISAR
"""Meryl StreepThis past Sunday, Amy Schumer cemented her position at the top of ... ",neutral,positive,REVISAR
"Kerry now starts begging Iran to release American hostages, Iranians laughing all the way to the bomb. # Sunday Morning Futures @user ",negative,positive,REVISAR
Only a few things that i am not happy with .. one is this Black Friday stuff  (+ Valentines day + mothers n' father… ,negative,positive,REVISAR
Will YayaDub dance this Saturday?  Think she can do the Michael Jackson dance. #aldubjourneytoforever ,positive,neutral,REVISAR
The Saga continues October 14th!! Sucka Free Sundays now at The Pour House. #FKBS live. We're goin back to the basics. ,neutral,positive,REVISAR
"""Josh Hamilton is 2-for-3 tonight; Nick Tropeano leaves w/ 0 outs &amp; 2 on in 6th; 7 hits, 1 walk, 4 K, three earned (responsible for runners)"" ",neutral,positive,REVISAR
"Trump's State of TransitionDavid Petraeus and John Bolton would be strong, experienced diplomats.Editorial by... ",positive,negative,REVISAR
.@KremlinTrolls By stating @user perverts the intention of her tweets is @user admitting channeling ambiguity for all audiences? ,neutral,negative,REVISAR
Well\u002c monsoon coming in from the North and the Bomb Squad down in Midtown on the 15th. Time to go. ,neutral,positive,REVISAR
@user Maybe the Electoral College can fix it before his clock starts. What I hope anyway. Less hassle. ,neutral,negative,REVISAR
"@user i read Naruto fanfics like crazy around 9th grade lmao thanks, but German &amp; English are the only ones i'm fluent in lol"" ",neutral,positive,REVISAR
@user hey homeboy have you put any thought into boxing? Gyms are usually 90%+ minority. Not a lot of rightists there ,neutral,negative,REVISAR
So Carly Fiorina is going to crash and burn. @user  #WakeUpAmerica ....NEXT... ,negative,positive,REVISAR
@user im seeing you November 12 aka in the hood\u002c make me your ollg and I\u2019ll pay you in chicken nuggets ,neutral,positive,REVISAR
"The only things I took from the 1d concert tonight were that AC/DC is going to be in Detroit on September 8th, &amp; I am still a piece of trash ",neutral,positive,REVISAR
@user Drops leaked #Yemen files from @user -2015Should be interesting ,neutral,positive,REVISAR
Prediction: I will have a status saying that I'll be buying the new iPhone by tomorrow morning. I've done that... ,neutral,positive,REVISAR
"Am catching a cold, leaving to Disneyland on the 9th ",neutral,positive,REVISAR
"#Turkey #Yemen EU should not freeze accession talks with Turkey, Germany says ",negative,neutral,REVISAR
"#GilmoreGirlsTop4 Kirk, Sookie, Luke and Jess ",positive,neutral,REVISAR
I may be considering wearing my polka dot #48 shorts with the Knaus tee shirt in an attempt to stay cool today. #Lowes48 ,positive,neutral,REVISAR
I want to go for Dance on Friday but it seems like I can't because it's Nurses Day on that and we can't skip it! NUUU. HAIS. ,negative,positive,REVISAR
"""Fantasy-wise, all I need is 4 TD's from Romo and 4 from Holmes tonight"" ",neutral,positive,REVISAR
ok inbox on iOS has a pretty animation for the sun but thew android version doesnt :( ,negative,positive,REVISAR
They figure they better get it all in tonight cause of Verlander tomorrow?  Is that it?  #Indians ,positive,negative,REVISAR
Ion think I'm going to ICC tomorrow. ,neutral,positive,REVISAR
just deleted 100 pictures from my phone\u002c realized I look hideous in most\u002c diet starts tomorrow. #goodnight ,neutral,positive,REVISAR
@user Pelosi needs to resign @user ,negative,neutral,REVISAR
( melania trump voice ) hello. ,neutral,negative,REVISAR
"@user @user Panik may be easiest one to trade, just b/c that gaping hole is most easily plugged with current FA (Z, Kendrick)"" ",neutral,negative,REVISAR
Who all fuckin with twilight tonight ?? ,negative,positive,REVISAR
"""Kamala, who defended Hulk Hogan following the racial tirade scandal that broke out on Friday, discussed the... ",negative,neutral,REVISAR
Spirit Friday!Fill the halls with School colors and enjoy a dress down day!  No PJ\u002c Yoga pants or Flip Flops/backless shoes. You Are Poland! ,positive,neutral,REVISAR
"""Or may be they're not convinced that Yakub was a traitor, rather helping the authorities. It's a perception game.  ",neutral,negative,REVISAR
"I find myself taking stock of the issues I care about most and hope to direct my efforts there. In that sense, I'm #StillWithHer ",neutral,negative,REVISAR
#DOX'ed: Cuban dissidents vow retaliation against enablers of #FidelCastro in Obama admin ,neutral,negative,REVISAR
"""Come on Andy. Kids are in bed. Dinner is out of the way. 2nd beer is open. 50\"""""""" HD TV is on. Play your game. #Wimbledon2012"" ",neutral,positive,REVISAR
Who's going to see me at gay pride tomorrow in AUSTINNNNN?!?! ,positive,neutral,REVISAR
"@user @user @user Abortion is evil.  Deal with it, take a Midol and go to bed sugartits. ",negative,neutral,REVISAR
watching Michael Moore in TrumpLand on @user ,neutral,positive,REVISAR
Tom Brady is gonna come back w/a vengeance like Bruce Willis in the 3rd Die Hard ,positive,neutral,REVISAR
My team is pretty straight on both leagues. On the 2nd league my first 5 are Nash\u002c Paul George\u002c Melo\u002c Randolph & Bynum. ,neutral,positive,REVISAR
Not everyone has the same image of sexy. There are plenty of men out there who may think I\u2019m built like ray Lewis wit a weave. Oh well... ,positive,negative,REVISAR
My piece on Chelsea Flower Show in the Sunday Times: ,neutral,positive,REVISAR
@user @user oh.......oh no you didn't ,neutral,negative,REVISAR
"@user Does anyone else find it odd #McCann jumped on April Jones bandwagon,but didnt say  word about Tia Sharp where FAMILY involved ?"" ",negative,neutral,REVISAR
Adrian Beltre gives David Price a 30th birthday present he didn't want: A two run bomb. Rangers up 2-0 in the 1st. ,neutral,positive,REVISAR
RT @user The safest place to be in Tottenham tonight is the Spurs trophy cabinet.There's no chance of looters visiting there. ,negative,neutral,REVISAR
Bryant exits game with apparent injury: Cubs third baseman Kris Bryant had to leave Sunday's game in the fifth... ,negative,neutral,REVISAR
"""Wait, who's that running into the debate? It's... It's Hulk Hogan as the 18th Candidate! And he just clobbered Jeb with a chair #GOPDebate"" ",neutral,negative,REVISAR
Free hugging day?tapos may Free Kissing Day? o.O  kailan na ang MalanDay? @user @user ,neutral,positive,REVISAR
"""The Great Wall of Sharknado, the 9th Wonder of the World. Oh, HELL NO! #Sharknado3"" ",negative,positive,REVISAR
keep thinking its Tuesday &amp; get excited because Styled To Rock will be on then I realise it's only Monday &amp; I have to wait till tomorrow:((( ,negative,positive,REVISAR
My uncle agreed to buying me Shawn merch at hot topic&amp;he wanted to see who he was 1st so he looked him up&amp;now he's making fun of him ,neutral,positive,REVISAR
Retweeted #StillWithHer (@deejay90192):Republicans Cannot Claim a Mandate When Hillary Clinton Has a... ,neutral,negative,REVISAR
I'm pretty sad that this is the first time I've heard Black Friday by Kendrick and J.cole ,neutral,positive,REVISAR
"""I want a fansign from Twee, June, Mikasa and Jen o3o"" ",positive,neutral,REVISAR
Why the Electoral College must choose Clinton. #faithlesselectors #hamiltonelectors #ElectoralCollege #StillWithHer ,positive,negative,REVISAR
"""Ice Cube is suppose to play """"Straight Outta Compton"""" on Friday, and i'd be sooo down to watch him perform """"I ain't the 1"""" #RiotFest"" ",positive,neutral,REVISAR
I'll tell you guys about Paper Towns tomorrow alright ,neutral,positive,REVISAR
"""Be back from the gym in the 10th minute I said, you won't miss much of the Atleti game I said..."" ",neutral,positive,REVISAR
@user Not in the Afghan halal meat shop but it may as well be with the amount of Afghans and halal meat in the house!! ,positive,negative,REVISAR
"This Sat BBCR4Extra ""raids the BBC archive to see how we reported the story of IT"" from @user ",neutral,positive,REVISAR
"So, if that were Grayson Allen on the floor he would've tripped someone lol! ",positive,neutral,REVISAR
"@user @user Two atoms at the bar. ""I've lost an electron. Really, are you sure ? Yeah, I'm positive"" ",neutral,negative,REVISAR
"""Had a slightly intoxicated conversation about Daredevil, Ant-Man, Civil War, &amp; the MCU. If that's not a successful Wednesday, then what is?"" ",neutral,negative,REVISAR
"""#IWishICouldForget about my """"Katy Perry"""" headgear I had in 9th Grade :((  I do love my teeth now tho;) ",neutral,positive,REVISAR
Undersecretary of Cement on the Mexican Border..BUILD THE WALL. ,negative,neutral,REVISAR
@user the surprise genderbent release to celebrate Twilight's 10th anniversary. The one that reinforced gender stereotypes... ,negative,positive,REVISAR
Activists demand release of Jharkhand tribal leader: New Delhi\u002c Nov 1 (IANS) Condemning the arrest of woman trib... ,negative,neutral,REVISAR
"""Hello there, I hear that the stinking working class,were rioting in London last night, do you see why I'm in Italy, bloody Rif Raf.Hear Hear"" ",negative,neutral,REVISAR
"""My birthday money lasted exactly 1 month, I may or may not have spent it on Kpop albums"" ",neutral,positive,REVISAR
From tomorrow 5 days Eid holidays in Muscat.  Plans afoot to see a little of the interior with friends.  Eid Mubarak! ,neutral,positive,REVISAR
"Looks here. A list of the most popular stories on BBC - Brenda's way down in 6th, today of all days! @user ",neutral,positive,REVISAR
"@user Doug Wead: Owners of the MSM are the \""""""""Prince of the Air\"""""""" Ouch! Feel the burn. Too clever. =) #RonPaul"" ",positive,negative,REVISAR
"For anyone who lives in the UK &amp;has ordered Shay's book from Amazon, it isn't available for release day delivery so it won't come on the 6th ",negative,positive,REVISAR
Anyone wanna go see Equalizer with me tomorrow.? ,positive,neutral,REVISAR
Murray on the verge of being Scottish again for the 2nd time in a week....... ,neutral,positive,REVISAR
Chris Evans Genre Radio Show 07.11.2015 Gothic music and other genres share if you like #goth #alternativemusic ,positive,neutral,REVISAR
@user why are you and Michael Easton so perfect? i mean what's that about? ,positive,negative,REVISAR
"@user I wouldnt care if you sat on Prince George's head infront of Kate &amp; Wills, you'd still be one of the fittest UK celebs around"" ",positive,neutral,REVISAR
"You're going Novak end of the year, and Federer arrives ",neutral,positive,REVISAR
"DUBLIN defeat Mayo 3-15 to 1-14, DUBLIN will play Kerry in the All Ireland Final on September 20th. #UpTheDubs ",positive,neutral,REVISAR
We get a 2nd Christmas in February with Kendrick and Coles collab album ,positive,neutral,REVISAR
I need to log off now bc school starts tomorrow and I'm still not done with my summer hw. Have a Shawn pic (not mine) ,neutral,negative,REVISAR
"@user @user no she doesn't, but Caitlyn Jenner still has more bollocks than you sat behind that account"" ",neutral,negative,REVISAR
 Feels weird watching an Apple event with so much suffering going on in Syria :-/ ,negative,neutral,REVISAR
@user ya but my dad is most likely taking it to San Fran tomorrow :/ ,neutral,positive,REVISAR
How time changes: Microsoft joined Linux Foundation as platinum member - long gone the Halloween documents! ,positive,neutral,REVISAR
"""Advertising is getting so aggressive, just saw a billboard asking """"""""will you get HIV today? will you get HIV tonight? How about tomorrow?"""""""""" ",negative,neutral,REVISAR
"""I'm taking my death tomorrow, Kpop fans make me mad"" ",negative,positive,REVISAR
"Pro-Hillary Clinton Correct the Record says Jeb Bush's 1st TV ad is ""built on a phony record,"" says econ claims built on housing bubble ",neutral,negative,REVISAR
"""Daily Prayer for December 27 - Praise be to the Lord, the God of Israel, because he has come to his people and ... ",neutral,negative,REVISAR
@user keeping Dez (1st) and Hill (9th). Green&amp;Calvin will prob be the best avail WR's. Nervous about both. Go with Murray or Gore? ,neutral,positive,REVISAR
A Democrat paid for by George Soros. ,neutral,negative,REVISAR
Fan hit flush on the head by Harris English wayward drive on 1st. Lots of blood #hadtohurt #shoutfore #players ,negative,neutral,REVISAR
Will failing to learn lessons from #Libya be played out in #Mosul stabilisation? ,negative,neutral,REVISAR
SIKE/APRIL FOOLS/ NEVER say Never but this is the exception ****Turns on Pretty Little Liars ,neutral,negative,REVISAR
hahahaha spanish people and Nadal\u2019s box all smiling after the break in the 5th set HAHAHAHAHAHA #rewatchingAOfinal ,positive,neutral,REVISAR
"""6am whilst at work may not have been best time to listen for the first time, but not completely feeling the new Iron Maiden just yet :-/"" ",negative,positive,REVISAR
who\u2019s coming to the Marijuana March in Cardiff tomorrow? Support the cause #legalizeweed! ,positive,neutral,REVISAR
Holy shit Murray &amp; Anderson have been battling for 4+ hours on Grandstand. Only the 4th set. #USOpen ,positive,neutral,REVISAR
Uh oh..just turned on Cardinals game...1st thing I see State Farm commercial with Kerry Wood..not a good sign for #Cardinals ,negative,positive,REVISAR
@user @user @user well popular vote for Trumpster is approx. 61 million. Hillary well over 63 million. Hope!! ,neutral,negative,REVISAR
"""Randy had the match wrapped up, so ... bad Sheamus! Randy Orton vs. Kevin Owens: Raw, July 27, 2015 via @user ",negative,neutral,REVISAR
"@user @user Also, listening to Here Comes the Sun help. IDK why, I just find George Harrison oddly comforting."" ",positive,neutral,REVISAR
Holy drunk! Wine\u002c Johnny walker and beer are not a great combo esp on a Thursday night to many emotions too much sadness\u002c calling it a night ,negative,positive,REVISAR
Tomorrow's national hot dog day ,neutral,positive,REVISAR
"@user loved the way the debate on Yakub's hanging was ended by you. """"We the people"""" today was thought provoking ",positive,negative,REVISAR
#France's Marine Le Pen says the result shows #Italians have rejected the #EU.....#TrumpEffect #Brexit #WakeUpWorld ,negative,neutral,REVISAR
Jason Wu with Brizo The inspiration behind the SS2013 runway show #Design #nyfw #MBFW #fashionweek #fashion ,neutral,positive,REVISAR
"""RamCharan, V.V.Vinayak's Nayak is d 1st Indian movie to be shot in the Slovenia (Europe) ",neutral,positive,REVISAR
Yakub may hv a case based on Raman's report but left liberals entry 2 save him has changed character of the case. Wd they do 4 Sadhvi Pragya ,neutral,negative,REVISAR
Watching PLL Halloween event for the 4th time and im still shaking lol ,neutral,positive,REVISAR
"@user May Allah bring an end to the suffering of Syrians , especially suffering of Muslims."" ",neutral,negative,REVISAR
So confused to why the DIGI line up for tomorrow says Reed Deming ,neutral,negative,REVISAR
Idk if this is or not but shoutout the lil bro Lani for scoring the first TD last Friday night (sing Katy Perry... ,positive,neutral,REVISAR
@user &amp; that guy is super strong (literally) he won 1st place in every strongman so only guy I can think of:Brock Lesnar! ,neutral,positive,REVISAR
President Thabo Mbeki urged Tony Blair not to invade Iraq but the British prime minister went ahead anyway. ,negative,neutral,REVISAR
@user @user @user @user Anything? ,neutral,negative,REVISAR
@user @user Can I please meet you to give my #BeautyAndTheBeast pencil lead carving... To… ,neutral,positive,REVISAR
Microsoft and The Linux Foundation - friends at last - as Satya continues to focus on the future.  ,positive,neutral,REVISAR
"Excited for the end of the 1st debate when Ryan Seacrest comes out and says, ""Bobby Jindal, your Idol journey ends here"" and he cries. ",neutral,positive,REVISAR
'what's the date?' normal people; October 13th? Swiftie's; SWIFTOBER 13TH AAAAAAH IT'S SWIFT DAY!!!! ,positive,neutral,REVISAR
Don't ask from that one..I need that one that's the point .. ivsucceed and earned social security.. So I got this one because I can't ,neutral,negative,REVISAR
RT @user Dexter like surgery theme please RT @user hey were shooting the video for #Radiosurgery this Thursday! MUAHAHAHAHA ... ,positive,neutral,REVISAR
Trump drops a bombshell about his plans for ben carson ,neutral,negative,REVISAR
same stage as Jay-Z but y'all don't wanna give props. Cool. Need I speak on @user 's achievements? The 1st emcee to represent GH @ the ,neutral,positive,REVISAR
"""Taylor is going to dominate when the nominations for the VMAs are released tomorrow, Blank Space and Bad Blood were very well made videos."" ",positive,neutral,REVISAR
#Best #Toy #Transformers Robots In Disguise One-Step Changers Autobot Drift #Figure #Toys… ,neutral,positive,REVISAR
"@user I think it's Hannibal and Clarice on the run together, which I loathed, but Bryan's talk of an ""inversion"" may make it work ",negative,neutral,REVISAR
So Moto G (3rd Gen) it is. Now the long wait for it to be delivered! ,neutral,positive,REVISAR
"""Litre a voddy on a Wednesday, start how you mean to go on during these holidays, IRA"" ",positive,neutral,REVISAR
"ANGELA MERKEL may be the most powerful politician in Europe, but she has rarely shown much inclination for bold... ",neutral,negative,REVISAR
"""\""""@FactsAboutMitt: @user falsely claimed he saw his father march with Martin Luther King Jr.  #Facts #Truth"" ",negative,neutral,REVISAR
"PHOTOS: From the Rio Olympics to the Cubs' win, take a look back at the big sports events of 2016. #yearinreview… ",positive,neutral,REVISAR
@user allows #National Council to fine channels for calls for #revolution ,negative,neutral,REVISAR
"Halcyon The Sun will be performing on Sept 12 at the Bentley's Back to School Bash.  Check out their album, Two... ",positive,neutral,REVISAR
@user @user the offensive tweets were from Jan 7th after Charlie Hebdo attack dumbass read the date on the tweet ,negative,neutral,REVISAR
"justin will be on ellen on the 15th of sept. he's not going to be on the premiere week, (according to ellens site) ",positive,neutral,REVISAR
"""I have tickets for Jason Aldean Friday, but do I want pit?"" ",positive,neutral,REVISAR
Who's coming to the Beatport festival July 20th to dance there asses off! [Shannon Leto On Twitter] ,positive,neutral,REVISAR
"""Go Set a Watchman (the sequel to """"To Kill a Mockingbird"""") hits the bookshelves tomorrow!!!!! #hype #turnt"" ",positive,neutral,REVISAR
@user the 2nd one makes me feel like I'm touring the home of a Jay-Z impersonator ,neutral,positive,REVISAR
@user Good Morning\u002c Hong Kong!  Meme pa ang kasama ko\u002c may headache :(  What\u2019s the jap resto again in LKF other than Ippudo? ,neutral,positive,REVISAR
If you know a Leo u know we doing it big!!!! Come party with the Leo\u2019s tomorrow night at the Jett Lounge!!! ,neutral,positive,REVISAR
"""We're going to see Ant-Man tomorrow. If you'd like to go, meet at the Warehouse at 11:30, so we can eat lunch in... ",neutral,positive,REVISAR
@user If you are the same age as Mick Jagger than may I say you ,neutral,negative,REVISAR
#Hamas welcomes Erdogan's readiness to intermediate prisoner exchange deal ,neutral,negative,REVISAR
The color Orange is 50/50 in my mind. 1st the good: Orangutans &amp; the Netflix show. Now the awful: Boehner's face &amp; Trump's hair. ,neutral,positive,REVISAR
"""Justin bieber, remember this when I show up to meet you, April 20th ",neutral,positive,REVISAR
@user My #GilmoreGirlsTop4  1. Luke2. Kirk3. Miss Patty4. Sookie ,neutral,positive,REVISAR
@user i\u2019ll be in london\u002c within zayn\u2019s birthday the 12th of january meet you there hahaaha DREAMS AND IMAGINATION OF MINE .. ,positive,neutral,REVISAR
I just vaulted Jeb Bush up to 5th place in my rankings. ,neutral,negative,REVISAR
In honor of National Hot Dog Day on July 23. I advise you to forget this article before you eat your half-dozen. ,neutral,positive,REVISAR
"@user @user 1. Agree, that dude is fast. 2. Wat. 3. Friday's. 4. Should've sold Kane when he was worth anything"" ",neutral,negative,REVISAR
I just want it to be tomorrow.. but till then ALL THE RAMEN AND NARUTO! #believeit ,positive,neutral,REVISAR
@user moderate NAT and freezing issue. I'm used to the sweats!! I may buy a PS4 before release based on playability ,positive,neutral,REVISAR
"@user I think they may want a guy with back problems. Here, have Ryan Braun!"" ",negative,neutral,REVISAR
@user Saudis have income from Haj and Umra also. That is 2nd main source &amp; comes from Muslims all over the world. @user ,neutral,positive,REVISAR
Hi guys\u002c girls working tonight :- Passion\u002c Alice\u002c Harley\u002c Sky\u002c Stacey\u002c Adriana\u002c May\u002c Paige and Willow. See you soon x ,neutral,positive,REVISAR
Don't forget to stop in tomorrow night for a chance to win 2 tickets to the Jason Aldean concert August 23rd. For... ,neutral,positive,REVISAR
"""Passionate about CNIS' work, be a rep at Ten Thousand Villages in your hometown on Mar 8 - Saint John 116 Princess Street"" ",positive,neutral,REVISAR
"@user Do you now realize that you, by virtue of your petition may be why dislodging Boko Haram will take a longer time to materialize?"" ",neutral,negative,REVISAR
Yes I support equality for ALL and love gay marriage LAW. No you won't overturn it because you are scared of the LG… ,neutral,negative,REVISAR
"""I first tweeted this in April or May, but John Kasich can win the GOP Primary."" ",positive,neutral,REVISAR
Humans No Longer Need to Tell Machines What to Look For vía @user #robots ,neutral,negative,REVISAR
The latest BETT'S WORLD! Via @user @user #yemencrisis #yemen ,positive,neutral,REVISAR
Poor Dustin Johnson! This is going to be special. C'mon Rose #PGAChampionship ,neutral,negative,REVISAR
@user @user I can't stop hope the iPad goes flat I gotta work tomorrow. GO TIGES GO TIGES GO TIGES GO TIGES GO TIGES.. ,neutral,positive,REVISAR
Study Proving Vaccines Cause Autism Banned From InternetA peer-reviewed scientific study… ,neutral,negative,REVISAR
"@user I just worry he could go either way 50/50,pretty much like Kane,hoping he has a most important 2nd season,need finished article"" ",neutral,positive,REVISAR
"@user Didn't know it was possible 2B turned on that early. 😄 btw, it comes up automatically when you use the hashtag #TheWalkingDead ",neutral,negative,REVISAR
@user @user sox have a Cy Young award winner & a few interesting young arms. Also can trade guys like Devers or Moncada for SP. ,positive,neutral,REVISAR
"Sarah Palin may want us to speak American, but if she is in President Trump's cabinet many of us will be speaking Canadian. Andy Borowitz ",neutral,negative,REVISAR
"My #GilmoreGirlsTop4 not including the GGs themselves, or any of their guys: 4) Kirk 3) Sookie2) Jackson1) Michel ",neutral,negative,REVISAR
@user ah I thought it was Sunday. Thanks. Sam Smith is Sunday I think and Black Keys tomorrow ,neutral,positive,REVISAR
Making plans with my friends is like Ice Cube trying to get another Friday done. ,neutral,positive,REVISAR
"@user the Sun did not win it for David Cameron.  Nicola Sturgeon is ""wot won it""! ",positive,negative,REVISAR
"""Emma Watson, Lena Dunham, Amy Schumer, Taylor Swift, etc may be feminist women I don't agree with - but it doesn't mean they arent feminists"" ",positive,negative,REVISAR
We will do Croke Park - Dana White's promise to Irish MMA fans is the 10th of its kind ,neutral,positive,REVISAR
Kris Bryant absolutely mashed a HR. The only thing that held that ball in was the video board. Left fielder never turned around..1-1 Bot 5th ,positive,negative,REVISAR
"Municipal Guard in al-Kuwaifiya (West of #Benghazi) dispose of 13,000 frozen chickens unfit for consumption. #Libya… ",negative,neutral,REVISAR
Bye bye Kyiv! See you in December :-* ,neutral,positive,REVISAR
Dad just said if Obama wins on Tuesday he is moving to Cuba #dontknowwhatyourtalkingbout #butok ,positive,neutral,REVISAR
@user Her best segment was the bit on immigration near the end. I thought she did fairly poorly throughout the first 24 minutes. ,negative,neutral,REVISAR
It is too hot. I was waking around campus w my big black umbrella just 2 shade myself from the sun. I think I'm Michael Jackson or something ,neutral,positive,REVISAR
Much respect for Fidel Castro - his desire to avoid a cult of personality and so no monuments&streets to his name. A true leader indeed. ,positive,negative,REVISAR
"Another good reason to control immigration.Racial segregation 'growing in UK', Dame Louise Casey warns - ",positive,negative,REVISAR
Dustin Johnson staggeringly bogeys 18th after 3 putts from off front of the green. He'll rue that round for years. A 75 to be -7. #TheOpen ,positive,neutral,REVISAR
"""Worth reading. Another troubling argument for why the publication of """"Watchman"""" may have been an act of elder abuse. ",neutral,negative,REVISAR
"""Lester goes 8 and 2/3 strong, gives up a run in 9th. Kris Bryant hits a walk off to win, Lester doesn't get the W. Heartbreaking for owners!"" ",neutral,positive,REVISAR
first date dream: take me to an anti-trump protest ,negative,neutral,REVISAR
Michael Moore would have corrected it the same way. ,neutral,negative,REVISAR
@user I debated it 1st\u002c but now i totally agree\u002c followed by Poetic Justice.. ,positive,neutral,REVISAR
when you hungry af but Dunkin is closed on Sunday's &amp; conn don't open until 10 ,negative,neutral,REVISAR
"@user they have esperienced talent and big time freshman.  grayson allen , Kennard jones and Jefferson with stud freshman ",positive,neutral,REVISAR
@user Hey Channing Tony Provias from Aberdeen Hope you get a sack on Murray this Sat!!! ,positive,neutral,REVISAR
We need a nationwide voter registration reset ... clean it up now ,negative,neutral,REVISAR
@user Impressive aspect of his work is that he DID NOT use any deep learning framework. Even though he knows many frameworks. ,positive,negative,REVISAR
@user Do we know who is gonna play bass for Daughtry on the tour with 3 doors down See you again on Dec 1st in Binghamton NY ,neutral,positive,REVISAR
Chuck Norris applauded that leg whip by the dirty Cali player on the Texas 1st baseman #LLWS ,positive,neutral,REVISAR
Also low-key wanting to look into veganism & vegetarianism? I'm feeling like trash & want to do something good for my diet and the earth. ,neutral,positive,REVISAR
@user so when people joined the IRA after Bloody Sunday &amp; Ballymurphy was it 3rd generation = wise up ,neutral,negative,REVISAR
@user ruined Sun night baseball again by replacing Hall of Fame pitcher with a woman because he spoke truth about Muslims. #curtschilling ,negative,neutral,REVISAR
"@user It starts Tomorrow? Eid was on the 17th July so from then today is the 12 of shawaal, Allahu A3lam"" ",neutral,positive,REVISAR
Let's see if I can wrap up season three of #Dexter tonight: only 1 more episode to go till the season finale. Roll on series four please! ,neutral,positive,REVISAR
"""So George Osborne, Therera May &amp; Yvette Cooper, all of whom want to be the next PM, are teaming up to stop Boris. He's the one they all fear"" ",neutral,negative,REVISAR
Brock Lesnar vs Undertaker Sunday Night. I'm about as hyped as one can be for a scripted (almost) sporting event ,neutral,positive,REVISAR
"Turkey you meddling fuck. I'm just kidding, you are a strong independent state actor who does what she pleases.… ",neutral,negative,REVISAR
Bad Blood is nominated for practically every VMA under the sun and I'm surprised it's not in the 'video with a social message' category ,neutral,negative,REVISAR
Undertaker vs Issac Yankem is the main event. Possibly the 1st Taker vs Kane singles match. #Raw96 #WWENetwork ,positive,neutral,REVISAR
"@user What's ur take on job Stoops is doing @ UK? 2-10 to 5-1, a missed call away from 6-0 and sole possession of 1st in the East"" ",neutral,negative,REVISAR
Welp\u002c I made it to #MLG Dallas... even the speed limits are bigger in Texas O.o Tomorrow\u002c Sat\u002c Sun... INTERVIEWS!!! keep an eye out :) ,positive,neutral,REVISAR
"""Just like the 2nd coming, am moving creepy - Hot Jam"" ",negative,positive,REVISAR
More details about the Galaxy Note 5 leak which indicate device may have a microSD card slot &amp; More ,positive,neutral,REVISAR
Ricketts Scores Cash For Cubs.. ,positive,neutral,REVISAR
"Messi and Ronaldo please, but it seems we will be stuck with the duds that let us all down on Friday.  ",negative,positive,REVISAR
Winter Classic 2013 won\u2019t be canceled Thursday: The NHL will not be canceling the 2013 Winter Classic on Thursda... ,neutral,negative,REVISAR
"@user @user 1st time GD oppa praised VIPs in public,1st time other countries VIP jealous with M'sia VIP..and many many more..."" ",positive,neutral,REVISAR
#Atl it\u2019s #Leo Season! This Sunday TurnUp @ Jett Lounge! Free Entry 4 EVERYBODY all night!!! RSVPfirstclass@ ,neutral,positive,REVISAR
@user @user Close early on Thanksgiving Eve. Decorate like the Dickens. Thanksgiving Day OFF! Boom. Store all Christmas for Friday. ,neutral,positive,REVISAR
"""Can you rip it 2 auditions tomorrow, MSA fair, BAA party, Cross the movie #weekend"" ",neutral,positive,REVISAR
"The education system of #KRG in a perilous, the question should be pass to #UNISEF #UnitedNations about that case. #UNAMI ",negative,neutral,REVISAR
"@user lol jk, Kane is too valuable. Teams would have to give up 1st liners for him. Dude was 2nd in scoring on the team."" ",positive,neutral,REVISAR
Apple Special Event March 7 2012 iPad 3 the new ipad Full Apple Keynote ...: via @user ,neutral,positive,REVISAR
"""Not sure if I want to go to Eng v Holland game on wed, only got tickets coz of Arsenal players, might not feature now :-("" ",negative,neutral,REVISAR
Fraud fears as IEBC turns to old poll kit: The electoral commission on Wednesday said it will take measures to e... ,negative,neutral,REVISAR
@user Oooh. Haha. Well unfortunately I really shouldn't watch another tonight. Although I might. But it'd be Blue which will make me ,negative,positive,REVISAR
Are you gonna buy Calibraska and have it on repeat while you cry tomorrow? ,neutral,positive,REVISAR
Gonna turn gay just for @user tomorrow ,positive,neutral,REVISAR
"""Katy Perry - """"You just gotta ignite the light, and let it shine! Just own the night, like the fourth of July! Cause baby you're a firework"""""" ",neutral,positive,REVISAR
Remembrance Sunday - Took part in the Remembrance Service at the Parish Church of All Saints' in North Hykeham. ,neutral,positive,REVISAR
John CENA and I will be unable to attend the critique tomorrow night at the same time as the first one of our album of my life ,neutral,positive,REVISAR
@user  Plz\u002cTransfer money in TOMORROW!!. Because we want to success before SM Town in BKK.we have a big project for minseok ^^ ,neutral,positive,REVISAR
It\u2019s going to be a sad day in Port Charles tomorrow! @user @user #JasonMorgan #StoneCold ,negative,neutral,REVISAR
#GetWellSoonAshton Ashton come out of that bed we need you to entertain us c'mon now ,positive,negative,REVISAR
Pl tell this #CONgress installed Vice President doing his 2nd term in t chair tat he is VP India not a spokesman 4 Muslims #HamidAnsari #BJP ,neutral,negative,REVISAR
"@user @user Probably not but ok man, and Trump didnt base his campaign on the popular vote, he based it on the electoral college ",neutral,negative,REVISAR
@user happened a few minutes ago.. I believe the bus route was 49... If he went into other Kane's he may have hit firefighters ,negative,neutral,REVISAR
"""All he said is that it was funny, and weren't you up Nicki's ass in July? ",neutral,negative,REVISAR
Lady Gaga and Taylor Kinney Look Like the Real-Life Cinderella and Prince Charming in NYC via @user ,neutral,positive,REVISAR
@user @user @user Larry Bird is ranked 4th all-time not including Lebron or Kobe just sayin... ,neutral,negative,REVISAR
"Federer advances into fourth round at US Open: In the blazing New York sun, Federer seems to be in his element... ",positive,neutral,REVISAR
"@user Um...sir, I'll concede that your daughter may be a rising star. Rahul Gandhi though? God save us all if he continues to rise"" ",neutral,negative,REVISAR
@user im just a 19 year old still on loan for the 3rd time at coventry 79 overall hopefully when i return bale will still be ther ,neutral,positive,REVISAR
"""Today, September 1, is the World Day of Prayer for the Care of Creation.  The diversity of Christians praying for... ",neutral,positive,REVISAR
"#FantasticBeasts, @user @user @user @user and many more #Winnipeg bestsellers!… ",positive,neutral,REVISAR
@user i swear!! You dont needa be that ratchet in 7th grade. I was just about to call Joseph Kony. ,negative,neutral,REVISAR
Taken 2 comes out Friday and the Afghans will have it Saturday guaranteed ,neutral,positive,REVISAR
"""My wife hates when I watch the sunset listening to U2. But I'm not the only one, staring at the sun."" ",negative,neutral,REVISAR
@user me too. Netflix night with wifey and kids. ,neutral,positive,REVISAR
"""As the world marks International Human Rights Day on Thursday, Iran is continuing its execution spree&amp;#160;with the announcement that a"" ",negative,neutral,REVISAR
"""Next Saturday, be sure to check out NERO and Adventure Club with Fareoh at HAMMERSTEIN BALLROOM at Manhattan... ",neutral,positive,REVISAR
Did you know today is National Hot Dog Day? ,neutral,positive,REVISAR
Dustin Johnson is playing like me on the 1st hole. That is not a good thing. #PGAChampionship ,neutral,negative,REVISAR
"""#UhuruReturns and takes back the presidency. His 2nd term for sure...as for Ruto, he has now served his 1st term as prezzo! Ikue hivo hivo."" ",positive,neutral,REVISAR
"Chris + 15-char username is a doubt, the 'International Day of fossil fuels I got some music-related puns. ",negative,neutral,REVISAR
@user I think that may be what Kesha's mother meant by she helped her ,neutral,negative,REVISAR
Can not get enough of #Awa right now! #yemenite #yemen #music such a cute song: ,positive,negative,REVISAR
"@user As I understand it,Scott Walker pleaded the 5th 85 or 90 times for medicare fraud.But ,you know,he's a republican, so its okay."" ",neutral,negative,REVISAR
the lovely @user is apparently coming to St David\u2019s Hall in January. SWOOOOOOOOOOOOONNNNN ,positive,neutral,REVISAR
We would totally accept that challenge…if it were at all humanly possible. #ThisIsUs ,positive,neutral,REVISAR
So this is Stephen Kinnock's actual proposal on how to tackle immigration concerns. wow. Majority of EU citizens su… ,neutral,negative,REVISAR
Tom Brady probably cheated his way to winning the 8th grade science fair smh ,negative,neutral,REVISAR
I just became the mayor of Sun Cellular - SM Sta. Mesa on @user ,neutral,positive,REVISAR
@user it may have been written it just probably wasn't completely finished or nobody knew about Calibraska yet ,neutral,negative,REVISAR
What the crap\u002c NBC? The Voice does NOT belong on Thursday nights. I need my 30 Rock\u002c Parks and Red\u002c and The Office. And I want #Community! ,negative,neutral,REVISAR
Bellarmine Prep drives all the way to the Curtis 6. Bendixen 23-yard FG way left and misses. 0-0 -= 4:27/1st. ,neutral,negative,REVISAR
@user @user David Cameron is like god &amp; guide to Syrian refugees.God may blees the people like David Cameron ,positive,negative,REVISAR
"I wanna hear carry-over purchases tomorrow, so pre-owned iPhone and iPad apps can carry over to the TV.  I would start developing ASAP. ",neutral,positive,REVISAR
For every Ebola fearing westerner who is concerned about the ever present threat ,neutral,negative,REVISAR
Wait it\u2019s Friday on the east coast why isn\u2019t little things on iTunes ,neutral,negative,REVISAR
"""Scott Walker support has also dropped significantly, down 33% from pre-debate. Now tied for 5th with Huckabee. #tcot #gop"" ",negative,neutral,REVISAR
"Needed only $7M to give Hillary a chance - only managed $4.7M. So sorry, thanks for playing.#Recount2016 #VoteRecount #StillWithHer #MAGA ",neutral,negative,REVISAR
i wanted my mom to drive me to school in the Bentley tomorrow but its only 2 seats ): and she has to drive my sisters too ,neutral,positive,REVISAR
"@user @user If it weren't for Blair there would have been no Good Friday Agreement, and the IRA would have won!"" ",neutral,negative,REVISAR
@user Have you heard this Kendrick Lamar and J.Cole Black Friday? Lol ,neutral,positive,REVISAR
"""Rick Perry May Not Have an Exit Strategy."" I encourage all Perry supporters to read this. Get the story out there.  ",negative,neutral,REVISAR
Obama Admin. Statement: 'We Stand Behind Our Election Results' ,neutral,negative,REVISAR
"Apple's new announcements come Wednesday: Also likely - a new version of Apple TV, with a redesigned set-top b... ",neutral,positive,REVISAR
Tomorrow is Monday.  Do...do...do...do....do....do...it's just...   Another Day by Paul McCartney via @user ,positive,neutral,REVISAR
Pretty soon I'll just do what the rest of the conservatives are doing and just not login anymore. ,neutral,negative,REVISAR
"""May your heart rest in the beautiful paradise of Allah, my prayer for the Gombe and Damaturu victims of Boko Haram #Nigeria @user PDP"" ",neutral,positive,REVISAR
so fidel castro has died. when will maduro ever ,neutral,negative,REVISAR
Chris Evans takes the steering wheel when Top Gear races back to BBC Two in May: ,positive,neutral,REVISAR
Sorta lucky Joe doesn\u2019t have twitter\u002c but seriously\u002c when he sees me on sunday morning he\u2019ll probably leave me alone ,positive,negative,REVISAR
Fire the turn Sylvia c'mon #kingturnezbet ,neutral,negative,REVISAR
Former White House lawyer doesn't think Trump can legally become President #NotMyPresident #StillWithHer ,neutral,negative,REVISAR
"""[WP] """"May I present to you the 364th episode of Vahalla's Weekly Wars with our special main event: John Cena v... ",neutral,positive,REVISAR
I support voluntary personal retirement accounts for Social Security. I... #SharronAngle #quote ,positive,neutral,REVISAR
@user Similarity between #Mohandas Gandhi &amp; #Narendra Modi: Have you seen Dandi March video clips? Both r working through @user pace. ,positive,neutral,REVISAR
Putin doesnt order anything that could be bad for Trump ,neutral,negative,REVISAR
Chuck Norris saves lives by not going to 3rd world countries. ,neutral,negative,REVISAR
@user Is it a gaffe? Rick Perry may be on military time. ,neutral,negative,REVISAR
Still waiting for the day I wake up to Zayn still being in the band and realising everything after March 25th was just a dream ,neutral,positive,REVISAR
@user it's ok you can do it Friday so it can be fresh for Milan party ,neutral,positive,REVISAR
@user Now you know how I feel when I was at Riot Fest. Wait until you feel your knees and ankles tomorrow. XP ,negative,positive,REVISAR
"@user @user @user calls the alt rightists ""dangerously bright"" incl spencer ",neutral,negative,REVISAR
"I don't know much about algebaaaa,but I know today it's the 4th and it happens to be Jay-Z's wife's BDay. ",neutral,negative,REVISAR
Serbian President to Visit Pope Francis on Friday: Serbian President Tomislav Nikolic will meet with Pope Fran... ,positive,neutral,REVISAR
Here in the stench beneath the African sun vultures attack a buffalo carcass. I see Geurnica Flanders Fields and Boko Haram.  #micropoetry ,neutral,negative,REVISAR
"@user yest, the state feared Yakub may get more supporters through protests. Today, they have what they want. Nothing to lose"" ",neutral,negative,REVISAR
"For all that we trade for Goff, what the hell do we trade for Tony Romo? 🤔..hmmm Hey Jerry how about head coach + OC ",negative,neutral,REVISAR
"'Isaac Newton was only 23 when he discovered gravity'  Man, Messi was 22 when he won his 1st Balon d'Or.. ",positive,neutral,REVISAR
"I watched Federer calmly destroy a dude at the US Open on Thursday, and it was amazing. I still thought ""you're not sick of this dude yet?"" ",positive,negative,REVISAR
"We can make the 27th iPhone, interactive robots, and grow brains but yet MCDONALDS CAN NEVER KEEP THEIR ICE CREAM MACHINE WORKING. ",negative,positive,REVISAR
When Beppe Grillo and Marine Le Pen are happy ,neutral,positive,REVISAR
@user that's not the point .The govt cannot ignore the lawAlso 51 million did not vote for Brexit ,neutral,negative,REVISAR
literally everyone on my tl is talking about naruto im screaming this my wordt night mar e before christmas this should be ilega ,neutral,positive,REVISAR
White Sox take game one of the series in their throwback uniforms 4-2. Blog to come tomorrow! #GoMariners ,positive,neutral,REVISAR
Here are the few bold Hulk Hogan apologists: Hulk Hogan drew nearly universal scorn in the aftermath of Friday... ,negative,neutral,REVISAR
"""I may not speak too highly of Kanye West the person, but I am a fan of his music. It is possible to separate actions and work."" ",neutral,negative,REVISAR
13 days until the boys. 25 until ed. i miss shawn. tomorrow is the first day of school. i'm sobbing. ,neutral,positive,REVISAR
Islam is on the march on the whole world and good people are keeping quite.. #RadioBiafra  ,negative,positive,REVISAR
If President Elect Trump does not want our Rudy Than He Should Chose The Smart Dr.Ben  Carson As His SOS. He is scandal Free and good man ,positive,negative,REVISAR
"""If you're going to Saturday's Ben Sollee show, make sure to stop by and see Abby at the KFTC table, and if you... ",neutral,positive,REVISAR
FasTracKids Back to School Reading Club - You may have started getting your child back into the routine of an... ,neutral,positive,REVISAR
#PicOfTheDay No place anymore on cemeteries in Aleppo. ,neutral,negative,REVISAR
Reasons to Celebrate:  Forcing the turnovers: The game Sunday between the New York Giants and ... #nfl #nyg #giants ,positive,neutral,REVISAR
It's been a week and no one has created a meme of @user @user #NBAwards acceptance speech?  I… ,negative,neutral,REVISAR
Still looking for one more person to take to Justin Bieber with me on July 12th please text me if you wanna come ,neutral,positive,REVISAR
Going for England 3-0 tonight!  Kane 1st goal. ( if starts) #Eng ,neutral,positive,REVISAR
"Messi slips on sod laid over turf. Grass pitches all over US, this is stupid &amp; dangerous. Glad Kun has sat the first half. #MCFC ",neutral,negative,REVISAR
got one floor ticket for Kenny Chesney and Jason Aldean tomorrow night for 100$ who's coming with me? ,neutral,positive,REVISAR
"Voted for Trump because he tells it like it is; speaks his mind.*Millions protest because of things he said.*Folks, he didn't MEAN it! ",positive,negative,REVISAR
In Sha Allah the one who fund war on Islam will be destroyed Militarily and Economically .http://t.co/nkUbFM7QBa ,negative,neutral,REVISAR
If she did the US may be at war with Iran right now. ,neutral,negative,REVISAR
Scott Walker said Sunday he is open to building a wall on the U.S. border with Canada. (Idiot) #tcot ,negative,neutral,REVISAR
Not gonna lie journey to the mysterious island may be a kid movie but I think its pretty fuckin funny ,positive,negative,REVISAR
an example of my shitty luck is that I was in magic kingdom on monday and chris evans is there tonight like wtf universe help me out ,negative,positive,REVISAR
Flight with Denzel Washington comes out tomorrow >>>> ,neutral,positive,REVISAR
"""Still yet unanswered, are the SATs still on for Saturday?"" ",negative,neutral,REVISAR
Buckle Up For An Extended Midseason Finale Of #TheWalkingDead Season 7 - #TWD ,neutral,positive,REVISAR
I met a kid like that a day ago and hearing his opinion on gay marriage made me cringe also the fact that he lost his v card in 6th grade ,neutral,negative,REVISAR
I'd play that Iron Maiden video game but it looks like it may contain some offensive damsel in distress tropes ,negative,neutral,REVISAR
Lmao I ain even know Chelsea in the 3rd grade ,positive,neutral,REVISAR
HARRY REID UNLOADS: Trump put 'a champion of white supremacists a step away from the Oval O… ,neutral,negative,REVISAR
"@user When it comes to gay rights, progressives pretty much stop at the border/1st world (Russia, Italy lip service)."" ",neutral,negative,REVISAR
@user can you please make Big Brother available at its normal time next Thursday (online or on another channel)?  Thank you. ,neutral,positive,REVISAR
@user nobody wants to see you panting in the shadows over Magic Mike XXL at 2pm on a Monday. ,neutral,positive,REVISAR
errr.. ricky martin? (with Feby) [pic] — ,positive,neutral,REVISAR
girl just sat next to me on the train and she was listening to tegan and Sara was she hitting on me?? ,neutral,negative,REVISAR
We should start Ox on Saturday imo\u002c he will terrorise Evra just like he did last season. ,negative,neutral,REVISAR
Been invited to Milan for a weekend at the end of Sept...Won't mind if I do. ,positive,neutral,REVISAR
"@user Code Buster for Apple Watch, the 1st game out of our Creative Coding Centre.   ",neutral,positive,REVISAR
For the 2nd weekend in a row Norwich City get a lucky break. Still wouldn\u2019t be surprised if Villa win but Norwich got to get something now ,positive,negative,REVISAR
"""Stylistically this is a horrible match up for Rousey, look at the stats. I won't be surprised if Rousey takes the L in January #UFC195"" ",negative,neutral,REVISAR
"Pope Francis: “If I speak of Islamic violence, I must speak of… ",neutral,negative,REVISAR
"@user Not blaming Muslims or migrants for every problem under the sun doesn't mean not liking white ppl, does it?"" ",neutral,negative,REVISAR
"""If you like rap and don't like Kendrick's """"Black Friday"""", news flash: you don't really like rap"" ",neutral,negative,REVISAR
@user I don't know what is going on with your phone but what's going on tomorrow for Hype park? ,negative,neutral,REVISAR
School tomorrow just killed the awesome vibe I was just in ,negative,positive,REVISAR
"""TEXT POLL: Since it's National Hot Dog Day: Ketchup or Mustard on a  hot dog? Text """"live + ur answer to 32961! (Message/data rates may apply"" ",neutral,positive,REVISAR
The #SFGiants take a 6-4 lead over the #STLCards in the 6th on an RBI single by Buster Posey. #NLCSGame4 ,positive,neutral,REVISAR
"""Y'all can't keep comparing jcole &amp; Kendrick , that's like the moon &amp; the sun ..."" ",neutral,positive,REVISAR
My feeling about fears is\u002c if you voice your fears\u002c they may come true. I\u2019m superstitious enough to believe that. - Meryl Streep ,positive,negative,REVISAR
It's of hilarious that one of the biggest ovations from Thursday was when John Kasich said he wouldn't disown his hypothetical gay son. ,positive,negative,REVISAR
Federer will be 2nd seed at @user if he wins this. Djokovic aiming to become 1st player to win all 9 Masters 1000 tournaments #CincyTennis ,neutral,positive,REVISAR
Proper buzzing to watch The Vow with @user tomorrow;) ,positive,neutral,REVISAR
"""Friday the 13th afgekeken, nu My Super Psycho Sweet 16 kijken met @user ",neutral,positive,REVISAR
@user I know I'm stupid but it seems SCOTUS has established marriage as a right via 14th. Kim was denying people who legally qualified. ,neutral,negative,REVISAR
If Paul Dunne wins tomorrow I'm going to feel stupid for not betting a dollar on him #1500-1ods ,neutral,negative,REVISAR
@user @user The idea that the Mets would have walked Harper if it was 1st/2nd no outs in lunacy. ,neutral,negative,REVISAR
"""So my Moto G is now scheduled for next Thursday. Lame. Originally today, now a week later. How long does it take to get to NJ from Shenzhen?"" ",neutral,positive,REVISAR
If Jeb Bush wins by some far chance the flood gate will be really opened and our 1st language will be spanish ,negative,neutral,REVISAR
As we patiently awaitRT @user Back in Studio putting final touches to the #Album...should be out nxt week Friday. ,positive,neutral,REVISAR
"""Was searching for Cyberpunk style movies I may not have seen and found one called NIRVANA w/Christopher Lambert. It's weird, I like it."" ",positive,neutral,REVISAR
but all seriousness I never played Monster hunter should I get it the 4th one? ,neutral,negative,REVISAR
Sheikh Othman #Aden police arrested a cell of 6 suspected terrorists allegedly plotting the assassination of a lawyer in Mansoura. #Yemen ,neutral,negative,REVISAR
"If not for voter suppression and machine finagling, Hillary would be transitioning. 2.5 million votes says so. Pelo… ",neutral,negative,REVISAR
"@user #WeezerJKT #ROCKSTARMARYLIVE Beverly Hills, that's where I want to be! But not on Jan 8th because I want to be in Lap. D!"" ",positive,negative,REVISAR
Anybody get feeling that @user is being paid by someone to file for recount ... George Soros? #Recount2016 ,neutral,negative,REVISAR
@user The bloodiest sweet 16 ever happens on March 13th. Check out the trailer for My Super Psycho Sweet 16: Part 3 here: ,neutral,positive,REVISAR
"niggas aint post ""tony romo's favorite dessert? apple turnovers"" memes in 3 years they dont know what to do with th… ",negative,neutral,REVISAR
"getting the song done tomorrow hit a pain thing again and weights and cardio too, feeling lonely like chris brown but in time, not in prime ",neutral,negative,REVISAR
David Price vs. Luis Severino should be pitching matchup for #BlueJays #Yankees series opener Thursday. You might want to watch. ,positive,neutral,REVISAR
it's 12:58AM and I'm drunk watching David Blaine's magic special. ,neutral,positive,REVISAR
It's tough going when you start watching a show on Netflix w/ 5+ seasons when it's only the 3rd week of classes &amp; can't afford to get behind ,neutral,positive,REVISAR
"Never shame to say I get a curve , rasss , girls out there was being randy Johnson on me . Damn CY Young award pitchers. ",neutral,negative,REVISAR
Leonard Cohen passed away #TheScreamingStarted ,negative,neutral,REVISAR
"Conor McGregor - UFC 194  Packages to Las Vegas this December  Any day, Any duration Now Available!  Call our... ",neutral,positive,REVISAR
"@user @user If Israel withdrew from West Bank tomorrow it would be taken over by Hamas, ISIS or Iran in a week."" ",neutral,negative,REVISAR
#ghana #news @user Donald Trump denies transition disarray after sackings Donald … ,neutral,negative,REVISAR
"""How to Play the Okeechobee Music Festival in March With Mumford &amp; Sons, Kendrick Lamar, and More via @user ",neutral,positive,REVISAR
@user Two completely different days.  World Book Day is for kids March 1 2012.  This day is World Book Night - for adults... ,neutral,positive,REVISAR
Friday night and I'm just Chillen eating dunkin with jay waiting to see mars ,neutral,positive,REVISAR
kanye west may be the only soul i value more than my own ,positive,negative,REVISAR
"@user Verlander is possibly ahead of CC, more SOs better ERA, but CC will bounce back after last night's outing like he always does"" ",positive,negative,REVISAR
Tony Romo better be on point tonight! don't have time to deal with his foolishness! ,negative,neutral,REVISAR
Saw @user 's name on new wikileaks documens about #Yemen. Intresting! ,positive,neutral,REVISAR
"""Bersani, supports stability agreement to secure government: (AGI) Rome, October 24 - Tomorrow the agreement on t... ",positive,neutral,REVISAR
Keep an eye out for The Lochgoilhead Centre and 3rd Carluke Scout Group appearing on the BBC tomorrow night on... ,neutral,positive,REVISAR
"@user @user ""but we can now."" One 4 u <3 #StillWithHer #ThePeoplesPresident My President. Not quitting yet. ",positive,negative,REVISAR
@user @user he should watch lil guy round Rousey weight class may be a knew billie king in the making ,positive,neutral,REVISAR
@user Lotta problems with this list... only one I'll mention here is that GKMC is Kendrick's 2nd album ,negative,positive,REVISAR
"""I posted 9 photos on Facebook in the album """"The glamorous 2nd Night of the EID, We All Together in snooker Cl"""" ",positive,neutral,REVISAR
Families take in refugees as Pope calls on Europe's churches to open their doors - 1st X I disagree with his Holiness ,positive,neutral,REVISAR
Was just talking about Frank Gifford Sat &amp; sadly he dies on Sun. Maybe I'll be talking about @user today. #gopclowncar ,negative,neutral,REVISAR
@user say hello tomorrow from your high status line up and I shall hail to the VIPs ,positive,neutral,REVISAR
Frank Gifford was the man on monday night football rip ,neutral,positive,REVISAR
WOW STI is off today since it's Singapore's Independence Day ,neutral,positive,REVISAR
@user I think the keyboard on the Surface Pro may be a weak point. Will be interesting to see what Apple does for hardware input ,neutral,positive,REVISAR
"@user 3 grown adult males watching Kung Fu Panda 2. On 2nd thought it would be awkward anywhere but HK, land of \""""Murses\"""""" ",negative,positive,REVISAR
If You Can\u2019t Beat \u2019Em\u002c Recruit \u2019Em ( #YHOO\u002c AOL\u002c GOOG\u002c TWX\u002c AAPL: Inc. (NASDAQ: YHOO) may have the biggest weapo... ,positive,negative,REVISAR
@user @user Golden Sun helped build the handheld franchise of Nintendo. Isaac deserves his spot. ,positive,neutral,REVISAR
Saudi Arabia to buy 30 An-178 planes for its air force That's a nice chunk of change for #Ukraine They can use it. ,neutral,negative,REVISAR
 i agree with ice cube ,positive,neutral,REVISAR
"""Ice Cube sits at laptop, typing.  CUBE: You got knocked the fuck out, haha!  CUBE'S WIFE: How is Friday coming along?"" ",neutral,positive,REVISAR
Someone come see Ant-Man with me tomorrow. ,neutral,positive,REVISAR
@user @user but Steve Bannon is ok?!! ,neutral,negative,REVISAR
Photo: we-are-lucifers: Hi..NOTICE !! 4th of Seprember will be realesed the new album band IRON MAIDEN... ,neutral,positive,REVISAR
Crappity-crap! I'm always away when he comes to town! Paul McCartney to play ACC on Oct. 17 ,negative,neutral,REVISAR
@user nooooo I am possibly going to be in dayton tomorrow night!!! :( ,negative,positive,REVISAR
"""DBJ Tech Watch for Monday 8/8: News of Facebook, Google, Microsoft, CenturyLink and more: Welcome to the Denver... ",neutral,positive,REVISAR
The only reason I keep going is that I get to see Amy schumer in June ,neutral,positive,REVISAR
"""Well, it may be the devil or it may be the Lord. But you’re gonna have to serve somebody"" - Bob Dylan ",neutral,negative,REVISAR
Tune in today between 6am-7pm for the Jason Aldean Double Play Thursday for a chance to win tickets to the show... ,neutral,positive,REVISAR
It's the FINAL day to get your #tickets for our Annual Gala on Sat.! Join us &amp; follow along online with #RethinkingHunger #nyc... ,neutral,positive,REVISAR
World Bank  approves US$50 million for  improving compliance with industrial wastewater treatment regulations in Vietnam - Oct 25th ,positive,neutral,REVISAR
WE trust Sarah-need her in Trump cabinet->Sarah Palin Defends Breitbart Against 'the Wrath of the Whiners' ,neutral,negative,REVISAR
For the sake of being at work during th Miss USA finals I am deleting my Facebook app until tomorrow so I can... ,neutral,positive,REVISAR
lol my moms making a second thanksgiving dinner bc she doesn't like that we didn't cook this year ,neutral,positive,REVISAR
"""This is from January during the Charlie Hebdo memorial, not tonight. People are staying indoors right now. ",neutral,negative,REVISAR
Jackie Bradley Jr. becomes the 8th player since 1914 to have 5 extra-base hits in a game. First since Josh Hamilton on 5/8/2012. ,positive,neutral,REVISAR
Bird on the Wire is one of the 1st songs I learned as a child. And now daddy and I go see Leonard Cohen! ,neutral,positive,REVISAR
@user oo nga eh :( may picture sana ako with PREPIX!!!! ,negative,neutral,REVISAR
"""#sportsnation just ranked Auburn as the 4th best team in #SEC with Arkansas at 5. If AU wins 3 league games, a surprise. @user #awful"" ",neutral,positive,REVISAR
@user Amy Schumer is the stereotypical 1st world Laci Green feminazi. Plus she's unfunny ,negative,positive,REVISAR
@user ..as the 1st November election nears Erdogan may dither &amp; push US to do this difficult task &amp; take the blame ,negative,neutral,REVISAR
So I've decided to make Oreo #cupcakes tomorrow with my sis @user ,neutral,positive,REVISAR
"""We may call Liam dad but let's be real, Niall is dad. Always havin a chat with people, checkin up on the wife and fam."" ",positive,neutral,REVISAR
"@user hey at least Robert Downey Jr, Chris Evans, and Krysten Ritter all on Kimmel tonight, Civil War trailer may drop. #AgentsofSHIELD"" ",neutral,positive,REVISAR
Kerri will be helping out the families in Long Beach tomorrow.  If anyone has water\u002c clothes\u002c non perishables\u002c... ,positive,neutral,REVISAR
Totally buying the new Batman movie on Blu-Ray December 4th! ,positive,neutral,REVISAR
@user I FOUND YOU!!!!!! I'm the one that sat right in front of you with my aunt :)))) is there any chance you took a vid of Niall ,positive,neutral,REVISAR
"""Sat here and tried to listen to Kendrick Lamar because as much i do slander, i still try to see the appeal. He still wack to me"" ",negative,positive,REVISAR
Ah yes\u002c sexy Saturday in the Turner house.... ,positive,neutral,REVISAR
"""Our YouTube channel is going to start getting busy, so keep checking it for content. Starting Sunday with Ed Sheeran enjoying a new song"" ",neutral,positive,REVISAR
Rousey fight changed to Nov. No big deal. They could fight tomorrow and it would be the same result. ,neutral,negative,REVISAR
dont get paid till saturday but im going traffod centre tonight\u002c cba ,negative,neutral,REVISAR
"Iowa Press: Interview with Bernie Sanders (Audio) Sep 4, 2015 IowaPublicTelevision #iacaucus #FeelTheBern #Bernie2016 ",positive,neutral,REVISAR
Still on the 16th spot #MTVStars The Vamps ,neutral,positive,REVISAR
Although it may not be Minecraft related I am doing some stuff over at I even put some old videos back up l...Cringey ,neutral,negative,REVISAR
"""Lol. You can still watch, Nicki asked Miley what's good and called her a bitch (most interesting part of the show) ",neutral,positive,REVISAR
Tomorrow is the day when rumours about the new iPhone Day after is the day when rumours about the next IPhone will start. Waiting for that ,neutral,positive,REVISAR
@user @user See I dont see that really...yeah Murray lost 5 fumbles the 1st 5gms... Didnt have another the next 11 ,neutral,negative,REVISAR
".@bullimusmaximus @user I asked if conservatives had market cornered on patriotism. You said no. Hank said ""Yeah, we pretty much do."" ",neutral,negative,REVISAR
@user You going to AC/DC tomorrow night? #RockOrBustWorldTour ,neutral,positive,REVISAR
Chris Evans is worse for wear as he parties with wife at London's Chiltern Firehouse following festive TFI Fri... ,negative,neutral,REVISAR
Christian is back with his #TheWalkingDead discussion on #TheCell! #twd #TWDFamily #letstalk ,neutral,positive,REVISAR
5H and the multiple delays of their 1st album drove me to kpop..... I hope they're happy ,neutral,positive,REVISAR
RT @user We're off to the X Factor launch this afternoon! Let us know your questions for the judges ,neutral,positive,REVISAR
"@user I may need Merlin's help - secretly, of course, but I do not know that I have the power to complete the spell myself."" ",neutral,negative,REVISAR
Today's the 9th&amp;I forgot that Apple thing now I feel like those fans that wait for something from a band but it's just apple&amp;I won't get it ,negative,positive,REVISAR
It's October 3rd. Ten years since Mean Girls. Aaron Samuels can still get it. ,positive,neutral,REVISAR
"""All I see over my Twitter feed is """"Paper Towns is out tomorrow"""" i realised this 50 tweets ago, thank you."" ",neutral,positive,REVISAR
@user @user @user Putin's getting an outstanding Christmas present this year! ,positive,negative,REVISAR
"""And just like that, North West is a big sister! Kim Kardashian gave birth to her second child with Kanye West Saturday morning, which"" ",positive,negative,REVISAR
Shows on the Great White Way were cancelled Sunday and Monday and Radio City Music Hall al ,neutral,positive,REVISAR
"""Will be opening TFI Friday tonight (live @user on 4). on a tandem bike with Chris evans, making motorbike noises on trombone."" ",neutral,positive,REVISAR
"""We got any Ole Miss and Mississippi State fans in the house?? If you dont, then your team just may suck."" ",negative,positive,REVISAR
Photo: thesejulez: This is what 4th of July is really about. When Gaga and Beyonce posioned all those... ,neutral,positive,REVISAR
Mama G said we could go see Paper Towns tomorrow and I SWEAR if she cancels on me ,neutral,positive,REVISAR
Not hating on Serena and she is 1 of the all time greats but @user called her the greatest and she's not ,neutral,negative,REVISAR
Tea Party United? RETWEET #Conservatives #TeaParty #America ,neutral,negative,REVISAR
For once I want Rousey to destroy. #UFC195 #tategotscrewed ,neutral,negative,REVISAR
"@user #auspol I agree, but 18c has NOT been removed. We alt/Right Conservatives need to keep fighting or we'll be like China! ",neutral,negative,REVISAR
Doom Robeen. @user Have you seen these wonderful Katy Perry images? You may want to check: ,positive,neutral,REVISAR
"""COME MEET ALL THE KIDS TODAY at St. Patrick's Day Parade in Downtown Cinci.  If you want to walk with us, please... ",neutral,positive,REVISAR
"""There's a little less than a month left of baseball, I see no reason why the Red Sox can't get the 2nd wildcard"" ",positive,negative,REVISAR
@user One accurately prescribed #homeopathic remedy 4 #heartburn 10 years ago worked 4 me. #Homeopathy rocks! ,positive,neutral,REVISAR
@user and... I voted for Gore!  We need to bring back the popular vote! ,positive,neutral,REVISAR
Request for ppl in media : Dont take the opinions of organisations (however religious they may be) as the voice of Muslims. They DO NOT. ,neutral,negative,REVISAR
"[TV] Reluctant Persuaders (BBC Radio 4) Tue, Sep 15, 6:30 PM Comedy by Edward Rowett set in Hardacres, the worst advertising agency in Lon.. ",neutral,negative,REVISAR
Ed Sheeran concert tomorrow! Too bad I'm going to be super cranky lol ,neutral,positive,REVISAR
Years of research cuts: China is ahead of the US in #machinelearning  #deeplearning #ArtificialIntelligence via @user ,positive,neutral,REVISAR
Apparently #hot #Christmas gifts are #Pokemon #StarWar & #Hatchimals. Star Wars YES! What the heck is a... ,neutral,positive,REVISAR
I want to talk shit poetically like Muhammad Ali did. That shit is lit. ,neutral,negative,REVISAR
I'm really bored guys idk if you can tell I'm gonna have a Netflix marathon tomorrow suggest things I could watch ,positive,neutral,REVISAR
"@user Falkirk sounds class my man! Fri or sat? Edinburgh derby on Sunday, fancy it? Might have a spare ticket #SingleLAD"" ",positive,neutral,REVISAR
Where did you get the money? George Soros? ,neutral,negative,REVISAR
#WallStreet’s Youngest Workers Aren’t Worried #Robots Will Replace Them #fintech #AI ,neutral,negative,REVISAR
Obvious Celine Dion should be the #BeautyAndTheBeast movie sound track ..come on bitches is her song 😒 ,negative,positive,REVISAR
Arch-Zoggie Tony Blair's fudged apology that he may have been responsible for the rise of IS is a carefully calculated manouver on his part ,neutral,negative,REVISAR
fuck me up. he's drop dead gorgeous. #ScreamQueens ,neutral,negative,REVISAR
1st. Starve her of food for at least 5 hours minimum. Then let her take a shower while you watch an episode of The Big Bang Theory. ,neutral,positive,REVISAR
Frank Ocean album supposed to drop tomorrow.... Let's hope it's true ,positive,neutral,REVISAR
AI and deep learning systems can develop synthetic procedures better than humans can. I shall soon be obsolete. Any new job suggestions? ,neutral,positive,REVISAR
Please. Rousey will make Cyborg her bitch. Too bad Cyborg loves the juice. ,neutral,negative,REVISAR
"@user now, if Drake is a ghostwritten pawn, as insinuated, it may have come after he was dope a la Snoop Dogg. This may be overblown. ",neutral,positive,REVISAR
"""Tomorrow on @user Ohio Gov John Kasich, one of the 16 Republicans running for president. On Point airs weekdays, 10am-noon on WYSO."" ",positive,neutral,REVISAR
@user @user @user Real Madrid commuter the same offences as Barcelona and most likely receive a year ban in Jan ,neutral,negative,REVISAR
Cristiano Ronaldo Vs Zlatan Ibrahimovic ● Battle For Best Goals 2015 ||HD||: Best goals… ,neutral,positive,REVISAR
@user wall to wall people on the platform at South Norwalk waiting for the 8:08. Thanks for the Sat. Sched. Great sense ,negative,positive,REVISAR
Jacob #Israel on how you are really not here right now. #Bibi #Yelev #Jerusalem #Blackfriday ,neutral,negative,REVISAR
"Every time I use a paperclip I think of Clippy from @user Word. He may have (finally) left my screen, but he will never leave my brain! ",positive,negative,REVISAR
I'm so bored in 2nd I just bought some stuff on Amazon ,neutral,positive,REVISAR
"""Some people may confuse what im saying for """"gay"""".. Well happiness yeah... Pride..well yeah like the lion. Not the other gay..feel me?"" ",neutral,negative,REVISAR
SASA will be having the first ever Bhangra Bootcamp on November 7th - 10pm at CIF! Only $5 to learn from our very own NACS 2012 Champions! ,neutral,positive,REVISAR
And we're very lucky that Trump not be able to go because he's doing his transition so we won't be embarrassed ,neutral,negative,REVISAR
"""But with poverty defenders, midfielders from Galatasaray and Olympiakos and a captain that works as cancer in your team, you may expect to"" ",negative,neutral,REVISAR
I dont even think briana is sure when she got pregnant ,neutral,negative,REVISAR
"Beyonce ain't been doing shit, but she's been rising ever since Sat ",neutral,negative,REVISAR
@user it shows you what people really think about immigration ,neutral,negative,REVISAR
"""Admit it. You may hate John Cena, but you know you miss his U.S. open challenges!"" ",positive,neutral,REVISAR
Sunday and a lovely #RaggedTalk on Skiing in Scotland by the freewheelin' Patrick D Whelan. 12:45OutoftheBlue&DrillHall #skiing #newnickname ,positive,neutral,REVISAR
"""got a free ticket to the San Diego County Fair for Indepence Day in Del Mar, CA for anyone who wants it."" ",positive,neutral,REVISAR
I wasnt on today bc its my last day of summer &amp; I was with friends but I have school tomorrow which sucks BUT SHAWN IS SO CUTE THE VINES OMG ,neutral,positive,REVISAR
"""Swachh Bharat: C'mon, it's time to come clean - writes @user ",positive,neutral,REVISAR
@user @user fuck just take her to the Compton swamp meet and may get lucky and run into Kendrick ,neutral,negative,REVISAR
@user @user Please let go of the hatred and anger and quit bullying our president elect.   America needs to help him help us. ,neutral,negative,REVISAR
"""Undertaker-style, @user just tapped out to the """"Brock Lesnar of soups"""". Dude didn't even get 1/3rd in smh. ",neutral,negative,REVISAR
I think I may have a slight (um maybe a severe) addiction to the vanilla fudge quality streets. THEY'RE IRRESISTABLE ,positive,neutral,REVISAR
@user Today is not the death day of APJ Abdul Kalam's. He passed away on 27th. today is his janaja. its only Yakub's death day today. ,neutral,negative,REVISAR
Alli Simpson. They may just be two normal words to you. But they mean the world to me. @user ,positive,negative,REVISAR
damn i still get upset when i think about the bracelet my bf in 6th grade gave me for valentines day and a heart filled with m&ms ,neutral,positive,REVISAR
"@user Have you heard of Bobby Jindal? 1st Indian American Governor of Louisiana, USA. Doesn't identify as 'Indian'. ",neutral,negative,REVISAR
"While Game of Thrones is set in fantasy world, it looks like we may have a real-life co... ",neutral,positive,REVISAR
Omg\u002c Bullet For My Valentine are coming to the Netherlands march 21th. I might attend that one too :P ,neutral,positive,REVISAR
"@user Walrus, die word bereden door Michelle Obama in de opkomende zon met tekst ""I wish i was that walrus, cuz the sun is pretty"" ",neutral,positive,REVISAR
"I know it's old, but The Beatles, Jay-Z, Danger Mouse -- c'mon... Classic mix --... ",positive,neutral,REVISAR
"argue with conservatives about unions by day, argue with liberals about cuba by night ",neutral,negative,REVISAR
Those like Carly Fiorina or Elizabeth May who complain about debate criteria or formats should arrange their own. It's a free market. ,neutral,negative,REVISAR
Loving Ashley Graham from last night's taping of VH1 #VH1Divas Holiday Unsilent Night! ,positive,neutral,REVISAR
@user Which Sunday is Women's Day?? and you get your shirt yet ,neutral,positive,REVISAR
Half naked & covered in baby spew! 3points for the Dons tomorrow though! #WeAreAllCammySmith #WeAreAllCammySmithRedArmyBanner ,negative,neutral,REVISAR
"SOMEONE SEND ME STATS ON ACCIDENT RATES OF SELF DRIVING CARS BC IM LOSING IT OVER HERE. SOS HELP PLEASE, ELON MUSK HAS FORSAKEN ME. ",negative,neutral,REVISAR
Miss you - Aaliyah on repeat. too many lost ones pop in my mind. Tribute to them may be on the way from me...look out ,negative,positive,REVISAR
@user @user @user Monsanto may be evil as it controls the seeds and pesticides. But that doesn't mean GMO is bad ,neutral,negative,REVISAR
The Beckham kids may get everything they want but they won't know the feeling of playing snake on the old nokia phones ,positive,negative,REVISAR
Janet Jackson is coming on September 18th I will give someone $50 to shoot her in the fucking face ,negative,positive,REVISAR
THEY ARE HEREEE! I\u2019m so envy those who just met them at the KLIA especially who took pictures w Nick J :( tomorrow is my turn! ,positive,negative,REVISAR
[chris Evans is the presenter of TFI Friday and they're being sarcastic in case you don't get British humour] ,neutral,negative,REVISAR
@user #NationalFastFoodDay was YESTERDAY ,neutral,positive,REVISAR
"""Based on the 3rd tee shot, my hope of Dustin Johnson winning has gone. Pulls and hooks are always an issue with his wrist position?"" ",neutral,negative,REVISAR
#Neon Splash Dance on Thursday @user with sounds by @user Neon attire highly encouraged. Bring your bikini! #SplashDance ,neutral,positive,REVISAR
I think I may have spent too much on Carmelo Anthony. I only hope that his thick-framed black glasses will console me in the post-season. ,negative,positive,REVISAR
"""Oh for God's sake, don't tell me I'm going to have to start liking Justin Bieber... ",neutral,negative,REVISAR
"@user sorry about that, I didn't see it! I'm going to peep the article, are you gonna buy """"Watchman"""" tomorrow? And yes by the way."" ",neutral,negative,REVISAR
IT'S FROOOOOZEN. #3YearsofMidnightMemories #StoryOfMyLife #SOML #onedirection ,neutral,positive,REVISAR
of course yes to Death Penalty 😡 criminals must die in more grievous cause of death. ,neutral,negative,REVISAR
Ight yall i'll have my PS4 on the 15th ,positive,neutral,REVISAR
Smells Like Teen Spirit playing between the top and bottom of the 10th. Probably not what Kurt Cobain had in mind. ,negative,neutral,REVISAR
@user I've been sat on the floor for 4 hours trying to download songs onto my phone and iPad ... It will take years to delete U2 ,negative,positive,REVISAR
Homeopathy and chiropractor is out for the dentists office. ,negative,neutral,REVISAR
@user @user Don't pay #cash. They will use it for #uber or #Prada ,neutral,negative,REVISAR
ITS THURSDAY!  And that means we're starting MYSTS OF ALBION. Campaign packs at the ready guys and if you... ,neutral,positive,REVISAR
.@Independent digi front page | Senior Brexit campaigner denies offering six-figure 'bribe' to MPs (@SiobhanFenton)… ,negative,neutral,REVISAR
Redskins see a Titan opportunity this weekend: The Redskins know Sunday's game against the 2-4 Tennessee Titan... ,positive,neutral,REVISAR
Sat watching school days #TOTPS with my dad & The Runaways came on! I jumped up in excitement & he was like who are they?! Is he kidding me? ,positive,negative,REVISAR
"I didn't plagiarize that speech, it was just a little Melania-ed.#UsefulNewVerbs#FridayFondue@efoxband @user @user ",neutral,negative,REVISAR
@user Also gun control which leads to property confiscation & extemporaneousness execution & FEMA camps& extermination #Agenda21 ,negative,neutral,REVISAR
Murray must must must win this game on Anderson serve to turn the tide and give him something for the 3rd to build on #USOpen ,neutral,positive,REVISAR
Gold edges down ahead of US jobs data: SINGAPORE (Reuters) - Gold edged lower on Friday\u002c with investors waiting for... ,negative,neutral,REVISAR
The United Nations Building from the Hudson.#un #unitednations #nyc #esterbauerhoneymoon @user ,positive,neutral,REVISAR
There may be lovers who hold out their hands but He'll never love you like I can can can #MTVHottest Sam Smith ,neutral,positive,REVISAR
"@user Bentley, you are right. My sensitive skin can't take too much sun. Thank you. ",neutral,positive,REVISAR
"""Top 5 Pgs Rondo, Rose , Deron, Paul, ???....don't kno the 5th"" ",negative,neutral,REVISAR
@user Do you know how i can meet Ed Sheeran tomorrow? ,positive,neutral,REVISAR
Don't hide under your desk! It's just a salsa bomb that we'll be dropping on the Metroplex tomorrow. Fresh salsa delivery imminent! #yum ,positive,neutral,REVISAR
I'm emotional calibraska is tomorrow and I can't get it ughhhh h8 life ,negative,positive,REVISAR
I want a PS4 but there are no video games I want to play on it.  Is that weird?  Is Persona 5 out yet? ,neutral,negative,REVISAR
"@user I\u2019m going to be at your Santos Party House this Saturday for the \""""""""Weird by Weird Standards\"""""""" party. Stop by and we\u2019ll rage!!"" ",positive,neutral,REVISAR
My interaction with @user Secretary General Ban Ki-moon at New York University! #un #UnitedNations #nyu #NewYork ,positive,neutral,REVISAR
BBC's Eggheads CJ de Mooi thinks he may have killed a mugger while living homeless as teen ,neutral,negative,REVISAR
@user the sun is already shining for me. Tom Brady can play football and that evil Kim Davis is rotting in jail #gooddays ,positive,negative,REVISAR
This is what the Democratic Party openly endorses.#Islam #Palestinians #Hamas ,neutral,negative,REVISAR
1D in Chicago Sunday was awesome! So sad about the 1 year break but they totally deserve it! Niall owned the show! ,positive,negative,REVISAR
Chelsea and I might be going gym Friday?? ,positive,neutral,REVISAR
Palin eyes Energy secretary job in Trump Cabinet - Former Alaska Gov. Sarah Palin said Sunday she could see hersel... ,neutral,negative,REVISAR
@user You can thank fracking for this marvel. lol ,neutral,positive,REVISAR
"""from Milano, Roberto & Eva Cavalli, Sharon Stone, the head of MAC, just Cavalli backstage, show, new store next Sunday ",neutral,positive,REVISAR
"Don't fuck it up, get some good shots, this is my 1st BBC...but not my last...and i'm going shopping after this.... ",neutral,negative,REVISAR
"@user Pakistan may be an Islamic country, but der are a lot true Muslims in India who love their country and can sacrifice all for it"" ",positive,negative,REVISAR
@user follow @user and meet her on NOVEMBER 26. she deserves to meet you\u002ccrew & justin. She\u2019ll be at the bell center at 4!. ,positive,neutral,REVISAR
"#Maduro, you must be the next one. #2017 do your work well ",neutral,negative,REVISAR
Going to see @user and the Under The Sun tour tonight. Hoping Mark doesn't bring a Sharknado with him ,neutral,positive,REVISAR
"#Canada : @user says #Hezbollah (and #Iran) “profess a bloody, distorted version of #Islam”  @user ",negative,neutral,REVISAR
Lady Gaga fears classmates: Los Angeles\u002c Nov 1 (IANS) Singer Lady Gaga is still in touch with some pe... @user ,negative,neutral,REVISAR
Me personally don\u2019t see Grammy playing AFL again still 28 but i think he\u2019ll turn to something else now. Best of luck with what may be next. ,positive,negative,REVISAR
"""David Wright gets loud welcome before 1st plate appearance at Citi Field since 4/14. Bats with 1 aboard. #Mets 0, #RedSox 0, bot 1, 2 outs"" ",positive,neutral,REVISAR
Why don't we have @user #uber? #SalemOR ,neutral,negative,REVISAR
"""First Friday Raleigh will be one of the last times to see Luke M Buchanan \""""""""We Go Back In Place\"""""""" at Rebus Works.... ",neutral,positive,REVISAR
Caitlyn Jenner's a new member of the T community -she is working for true self acceptance let's welcome her! ,positive,neutral,REVISAR
Highlight of last night had to be my brother and I talking about Cowboy Bebop and Persona 5 at Walmart ,neutral,positive,REVISAR
@user the people of #Britain already voted #Brexit should be under way already if #UK really is a 'democracy'...... ,neutral,negative,REVISAR
@user it's always against no doubt Kane will end his drought on Saturday ,neutral,negative,REVISAR
There were clues the administration had a connection to the Rolling Stone rape hoax. This is pretty definitive ,neutral,negative,REVISAR
"""It's very impressive that Frank Gifford, who died Sunday at 84, remains the leading touchdown scorer in the history of the New York @user ",positive,neutral,REVISAR
Turn's out Apple's snarky statement about Samsung isn't quite what the judge had in mind: ,negative,neutral,REVISAR
"""Steam: You may be interested in Dark Souls? Me: No. S: Dark Souls 2? M: No. S: Dark Souls 2: Scholar of the First Sin? M: Fuck it, why not."" ",neutral,negative,REVISAR
@user Hope they continue to give the Rangers trouble. David Price tomorrow!!!! ,neutral,positive,REVISAR
I believe we may have a major security scandal with prominent people involved in the unclassified Hillary server. Is there a cover up ? ,neutral,negative,REVISAR
Skyline Drive/ Shenandoah w the fambam tomorrow! Afghans at a park.. on a Sunday.. how unique lol ,positive,neutral,REVISAR
@user I\u2019ve paid a few quid for a Jim White record if I recall correctly but I\u2019m not in the biz so i may well be missing the point. ,neutral,negative,REVISAR
"""Friday is cenation day you have to wear a john cena tshirt, cargo shirts, an the wwe championship as your outfit"" ",neutral,positive,REVISAR
"@user shit, I just saw this, sorry man. I was at work all night and I gotta work all day tomorrow. You going to Kyle's tomorrow?"" ",neutral,positive,REVISAR
@user I'm sure you'd like it it's like an action packed anime they just remastered the 4th game on PS4 and she's playable c: ,positive,neutral,REVISAR
Dustin Johnson has a remarkable record in the opening two rounds of his last 6 majors...  ,positive,neutral,REVISAR
Good morning #Twitter! #Isis #Daeshbag #MosulOps #MosulOffensive ,neutral,positive,REVISAR
Thinking about going to Valley State or Ole Miss homecoming on Saturday ,neutral,positive,REVISAR
"@user you're an angry elf tonight!  Apples, Obamacare, relax its Friday..."" ",neutral,negative,REVISAR
@user I think that was in Luton. It was an EDL march. They're obsessed with Islam. ,neutral,negative,REVISAR
"""Yeah, I get text notifications if it's supposed to be cardigan weather tomorrow @ Island Paradise Apartments ",neutral,negative,REVISAR
And 9 of these states also expanded Medicaid under the ACA. ,neutral,negative,REVISAR
If I don't get an A or B on the bio final on Monday ima cry myself to a dark room and watch twilight ,negative,neutral,REVISAR
U2 - Bloody Sunday @user you will kill me for all these tweets;)  ,neutral,negative,REVISAR
"@user doesn't think Vice President Joe Biden will run, Biden recognizes that he won't win - retiring as a sitting VP may be a better idea ",neutral,negative,REVISAR
I don't know a lot of birthdays but one I have memorized is Naruto Uzumaki's. October 10th. I told my roomie and she just started laughing ,neutral,positive,REVISAR
Sat at work and I have the Will Ferrell boxset with me...Might put a film on or have a power nap OR sit here doing nothing; That sounds good ,positive,neutral,REVISAR
"For Dems to recover, Nancy Pelosi, her team should go@Milbank + rep Ryan are CLUELESS about Dem probs ",neutral,negative,REVISAR
"This story includes Oil,Mossad, Giuliani,Comey,donations, a controversial predidential pardon by Bill Clinton & more ",neutral,negative,REVISAR
"""Hahaha 2nd place in Miss USA was Miss Texas from @user , wonder if the organization just placed her there just for being Mexican"" ",negative,positive,REVISAR
Tight race in the Fans Choice Player of the Week w/ Wesleyan and Brookwood players. Last chance to vote: ,neutral,positive,REVISAR
"""Carly Fiorina is in danger of missing the top 10 debate AGAIN: CNN criteria: 12th place, 1.9%. Post first-debate polls: 7th place, 5.0%."" ",negative,neutral,REVISAR
"""When I say EXO is""""GAY""""New EXO stans are like,""""NOOOO!"""" Haha.The term may not be accepted by some new fans,but an old fan knows it very well!"" ",neutral,negative,REVISAR
"""All prep for the future. Bookin up for the UK 70.3 Ironman in June, then plannin on doin the Ironman Wales. Dependingon race commitments ofc"" ",positive,neutral,REVISAR
@user U proved to be a better scriptwriter than Shazia Ilmi. #Ramdev will end fast or move to Ramlila where he has permission till 30 Aug ,positive,neutral,REVISAR
@user will be the subject of a Country Music Hall of Fame cameo exhibition. 'Eric Church: Inside the Outsider' opens Sept. 18. ,neutral,positive,REVISAR
Alright going to bed\u002c gotta long weekend. Work Friday and Saturday then @user and @user Sunday night in Greensboro ,neutral,positive,REVISAR
Brilliant Steve Bell cartoon on David Cameron and the refugee crisis ,positive,neutral,REVISAR
my #GilmoreGirlsTop4 is clearly 4. Kirk (both Cat and Human) 3. Jess Mariano 2. Town Troubadour 1. Dave Rygalski ,neutral,positive,REVISAR
Dustin Johnson off to a flyer yet again! All he needs to do is stay off the coke on Saturday night. ,negative,neutral,REVISAR
I ON SUNDAY: Ahead of Inbetweeners film 10 other sitcoms which went on holiday to big screen + Watercooler + hero of the week Michael Winner ,neutral,positive,REVISAR
This is not being shared with you by the mainstream press - it is coming to you from March Against Monsanto... ,neutral,negative,REVISAR
Psssst... Frank Ocean it's August 24th... you already know what point I'm getting at so just drop the album!!! ,positive,neutral,REVISAR
"Bob Dylan sings his 5th biggest hit, Knockin' On Heaven's Door live on MTV's Unplugged in 1995 - ",neutral,positive,REVISAR
So i found my vans beanie might take it tomorrow :p ,neutral,positive,REVISAR
Tell consumers homeopathy doesnt work: US government orders producers ,negative,neutral,REVISAR
Last day in Krabi. Will be heading for Hat Yai for 2nd round shopping and sleep over in Aloq Staq. ETA 2100. ,neutral,positive,REVISAR
Boise State's jerseys for the game Saturday are sick.  You won't be dissapointed. ,positive,negative,REVISAR
#MUSIC #ArianaGrande@karinrino PM16:00Ariana Grande - Baby I ,neutral,positive,REVISAR
"""Since my bro broke his arm he has choice of Sunday film so now we're watching Sharknado, sounds class"" ",neutral,negative,REVISAR
And the spoiler I just read for episode 7 of #TheWalkingDead ,neutral,positive,REVISAR
Niggas be on the LAKERS DICK...we still gon finish damn near first seed...while yo team be struggling for the 8th spot ,negative,neutral,REVISAR
"""May God be with the survivals of the terrors of Boko Haram, and may the souls of those dead from their venomous strikes rest in peace. Amen."" ",neutral,positive,REVISAR
"""REELZ is going to broadcast Miss USA tomorrow, finally someone is brave enough to step up. NBC's liberal ways has got to go!!!"" ",neutral,positive,REVISAR
"""I like how kpop fans hate on EXO but the 2nd ppl start shitting on Kpop they show them Baekhyun, Chen, and Kyungsoo singing. #EXO"" ",neutral,negative,REVISAR
"@user don't know the order, but top 3 albums are from Kendrick, The Weeknd &amp; Bieber (Taylor Swift 4th)"" ",positive,neutral,REVISAR
@user Else you just end up in some horrible censorship whirlpool. Then you may as well be Saudi Arabia. ,neutral,negative,REVISAR
Nike socks on like he tryna dunk on his 5th grade teacher after a pop quiz ,positive,neutral,REVISAR
If anyone is stopping at Dunkin and would be so kind to get me a coffee I'll pay you back tomorrow so hit me up! Thanks!!! ,neutral,positive,REVISAR
"Nike has been talking about going ""sweatshop free"" since the 90's and it still hasn't happened. C'mon now. ",neutral,negative,REVISAR
"""If you're not at Tabletop in #OhioCity for Sunday Fun-Day, you may as well be getting punched in the face by John Cena."" ",neutral,positive,REVISAR
AFC's top running backs to meet on Monday night football - Arian Foster and Le'Veon Bell are the AFC's top two rus... ,positive,neutral,REVISAR
@user no thank god it died down Tuesday morning\u002c I woke up and it was gone! We just need to recover from it! Plus nj might have a ,positive,negative,REVISAR
@user if I may make another suggestion. D.R.U.G.S. mixtape by Flatbush Zombies. I know it sounds weird af but trust me. #dopeness ,positive,negative,REVISAR
"""#Jays starter David Price suffers 1st ever loss at Toronto- had been 8-0 (1 W as a Jay) with 3.54 ERA, 60 K, 16 BB in 73.2 IP over 11 starts"" ",negative,neutral,REVISAR
"@user @user Myself and Owain are available tomorrow if you're short, though as a duo if poss as he owes me a lift. #student"" ",positive,negative,REVISAR
Looool @user Plix leave Ebuka alone\u002c my own birthday is May 14\u002c and before then is Christmas\u002c Valentine\u2019s day ,neutral,positive,REVISAR
@user He just brought his 2nd album out and it\u2019s at 1 in Amazon download chart um ,neutral,positive,REVISAR
Kendrick Lamar....Black Friday...raw he went in @user ,positive,neutral,REVISAR
Google to kill single most annoying thing about browsing the Web August 28 - CNNMoney ,positive,negative,REVISAR
"""Dustin Johnson makes an eagle on 16 to move to -13. He may not have a major, but boy is he wonderful to watch when on song. #USPGA"" ",positive,neutral,REVISAR
If the world ends in December\u002c I\u2019mma find Justin Beiber and castrate him before I die. ,negative,neutral,REVISAR
"@user Stay right here, buddy. There are lots of nasty women and bad hombres that are staying too. ",neutral,negative,REVISAR
@user Sorry!! Still hope to see you in Los Angeles in February!! #NFTYConvention ,negative,positive,REVISAR
It won't and you Dems look smart not going with Ryan and  moth balling Pelosi. Ryan is the ticket to win 2020. Mode… ,positive,negative,REVISAR
@user Well... The Electoral College hasn't voted yet. (starts holding breath) ,neutral,negative,REVISAR
do i buy a ps4 or wait until persona 5 come out ,positive,neutral,REVISAR
Kendrick Lamar better be giving some shit away tomorrow at the Compton Christmas parade at least a Tams gift card ,negative,positive,REVISAR
I wish Stevie TV was on i\u2019d be laughing right now\u002c well\u002cPandora it is ! ,positive,negative,REVISAR
#TRUMP2016 #Hillary #BlackLivesMatter #Trump is #NOTMYPRESIDENT DECAL  #tpp #tpp #sgp #nra #rnc ,neutral,negative,REVISAR
una de mis favoritas. #NowPlaying The (Shipped) Gold Standard de Fall Out Boy ♫ ,positive,neutral,REVISAR
Listen in Hour 2 for an expansive interview with poet Frank X. Walker who present his works at Murray State on November 1.  #soundsgood ,positive,neutral,REVISAR
"""Our coverage of the Tennessee and Ole Miss game starts at 3:30 tomorrow afternoon with the Tennessee Tailgate Show, featuring @user ",neutral,positive,REVISAR
Joe Biden's wife may share his misgivings about another race - The Times of India ,neutral,negative,REVISAR
The Rousey Era is over. ROUSEY VS. HOLM January 2nd. @user is just that much better. #UFC ,neutral,positive,REVISAR
True? Are you #Halal ?  @user @user @user #cdnpoli#Christianity#Sharia #Hamas ,neutral,negative,REVISAR
"@user @user thing is that if we do separate time on Sat, it can make Rushers get on dif times so its not all together"" ",neutral,negative,REVISAR
"""\""""Hey\u002c you\u2019re missing Beauty and the Beast\u002c Vampire Diaries & Grey\u2019s Anatomy right now on TV. Saturday is Merlin\"""" - @user #sisterlife"" ",negative,neutral,REVISAR
@user Hi there. Counting down the days until Im back in UK and going to see LFC - NUFC on Sunday from my Season Ticket seat in The Kop! ,neutral,positive,REVISAR
"@user @user @user I so agree! You did awesome, Curtis :) I may hate Metatron, but I don't hate you. YOU ROCK!"" ",positive,negative,REVISAR
Mamedyarov beats Nakamura in the 7th round of the London Grand Prix. What a game! ,positive,neutral,REVISAR
"@user Your also a WWE Pro Wrestling Fan? I hope we the """"Feud"""" between The Undertaker vs Brock Lesnar is over after Sun """"Summerslam""""?"" ",positive,neutral,REVISAR
Nostradamus WARNED: Pope Francis Will Abdicate the Papacy via @user ,negative,neutral,REVISAR
Clinton Foundation out Klein Foundation in. ,neutral,negative,REVISAR
@user Your Xbox controller broke? What\u2019s wrong with it? Tell us more...we may be able to be of assistance! ^LB ,neutral,negative,REVISAR
@user @user @user What have I missed? We're going to Ohio next week? Just have me back on Sunday for Zac Brown Band. ,neutral,positive,REVISAR
"""Never mind TFI Friday, I wish he  would bloody end his Chris Evans &amp; His Celebrity Chums Chat Show on Radio 2."" ",negative,neutral,REVISAR
Blimey! We have a STAR guest on the Radio Horton \u2019Knowing Your Businesses\u2019 show tomorrow at 10am. Marleeeene! ,neutral,positive,REVISAR
"@user appreciate it!  One more for you if I may; need to SIT 1: Garcon, Alfy, Asiata, Stacy"" ",positive,neutral,REVISAR
Its going down in #DeathValley this Saturday! Geaux Tigers @user @user @user ,positive,neutral,REVISAR
"""Former Minister & SLFP member Najeeb A Majeed may appoint as CM of the Eastern Province. But, can't confirm the news still"" ",neutral,negative,REVISAR
"Judge argues that since TN, per SCOTUS, can't determine what a marriage is, then it can't rule in contested divorces. ",neutral,negative,REVISAR
I just did a shit load of typing. My group better call me Queen tomorrow. ,neutral,negative,REVISAR
Do yourself a favor and watch  Congressman Lewis at the #NBAwards ,neutral,positive,REVISAR
"""Monday Night Football was never just a game.. It's an event because of Cosell, Dandy Don and Frank Gifford. Sadly all 3 are now gone @user ",neutral,negative,REVISAR
"@user All over, often in silly ways. For easier reading, I’ve collected my tweets about #GoogleEarthVR here: ",neutral,positive,REVISAR
CTV Report Harper's troubled campaign may result in the dumping of his campaign manager Jenni Byrne #cdnpoli #elxn42 ,negative,neutral,REVISAR
Looking forward to @user tt in tuscany with our trip may 10-17 and press conference in milan for route announcement oct 5 ,neutral,positive,REVISAR
"""1992 The Sports Page, Cowboys, The Kingfish &amp;the Oaks everywhere to get to you,Taurus May 4th Fontenot love ",neutral,positive,REVISAR
Shoutout to all the boyfriends that treat they girl like everyday is Valentine day instead just on Feb 14.. if so I salute chaa.. ,neutral,negative,REVISAR
Obama's 94-year-old grandmother will be honoured for her work with Kenya's orphans at the 10th South African Traditional Music Awards ,positive,neutral,REVISAR
Inmarsat\u2019s SwiftBroadband Soars to New Heights: Inmarsat (LSE:ISAT.L)\u002c the leading provider of global mobile sat... ,positive,neutral,REVISAR
"@user I have my PS4 coming as well, black ops 3 comp is going to be on PS4 so I may switch. Just depends."" ",neutral,positive,REVISAR
"Friday roast - Google spins Google+, gives masterclass in bad blogging - I had some fun with this one :#goners :) ",neutral,positive,REVISAR
Guy at Dunkin: Don't you have school or something? Me: Yeah but I don't really go to 1st period... Guy: *laughs hysterically*  Me: .... ,neutral,negative,REVISAR
Wish I was with the full Eastern Crew on a Saturday especially St Pattys damn would of been priceless ya feel me #enoughsaid #realtalk ,positive,negative,REVISAR
@user my only concern with the financial abortion is the reality that fathers can change and seek to recognise the child. I.e in ,neutral,negative,REVISAR
David Beckham: David Beckham: My Side: My Side - The Autobiography: He may live in Madrid but he continues to make fr ,neutral,positive,REVISAR
Hey Steve. Texas may have signed Beltre and Toronto signed David Price. But that left Cespedes for the rest of us!! Happy Festaviss New york ,positive,neutral,REVISAR
@user no live NBA game tomorrow? only postgames of Knicks/Heat and Clippers/Grizzlies? pls air the game of Knicks against Heat LIVE. ,negative,neutral,REVISAR
Shout out to the person that's going to quit a job tomorrow morning because of that Kanye West speech. ,neutral,negative,REVISAR
Tipp Girls Basketball vs Fairmont at Trent Arena tonight. Devils coming off 2 Reg Final in the past 2 yrs w/ record… ,neutral,positive,REVISAR
STOP ANIMAL TESTING AT OXFORD ,negative,neutral,REVISAR
Thursday night's #GOPDebate was the highest-rated primary debate in TV history. Must be because of that John Kasich sex appeal. ,positive,negative,REVISAR
Match my grind 😏 ,neutral,positive,REVISAR
Even #BillClinton agrees w/#Trump that #Obamacare needs to be reformed. People should have AFFORDABLE healthcare.  ,neutral,negative,REVISAR
Mind fucked!#BreakingBad #TheWalkingDead#BB #TWD ,neutral,negative,REVISAR
We are no way losing it! C'mon you little monsters ! #MTVStars Lady Gaga ,positive,negative,REVISAR
@user U off your rocker?  We are not supremacists but how can we trust someone like Romney who backed U among other things ,neutral,negative,REVISAR
@user Okay thanks Shawn and I figured it may be a stretch to do it all but never heard mention of it so thought i'd ask you. ,neutral,positive,REVISAR
"Also, rumor has it Maui Economic Chamber of Commerce was smooshing with Monsanto lunch in Friday. Hawaiian Politician in be with Monsanto. ",negative,neutral,REVISAR
The Professional Development Series is off this week for Labor Day.  We will return next Tuesday with another #webinar. ,neutral,positive,REVISAR
"@user @user @user ""...Medicaid patients’ access to care is not significantly worse than comparable private coverage..."" ",neutral,negative,REVISAR
#what are all the different sex positions ashley graham sex fuck sexy mom ,neutral,negative,REVISAR
Never understood ppl who have been divorced more than once having a problem with gay marriage.   ,neutral,negative,REVISAR
"""Curtis, what was that false alarm in late July??? Or the gook   Something is being prepared.."" ",neutral,negative,REVISAR
"2016: YEAR OF DEATHIt continues..Jimmy Perry  (86)Leonard Cohen  (82)And now.. Fidel Castro  (99)Dear God, when will it end.. ",negative,neutral,REVISAR
Rahul Gandhi wished advance new year since will have no time on Eurotrip to wish ppl or may b he isn't going Europe at all  #PappuonChutti ,neutral,negative,REVISAR
Just Dance by Lady Gaga brings the 8th grader in me back to life ,positive,neutral,REVISAR
Me: ma? Ma: yes\u002c love bug. Me: wyd? Ma: grilling with shanney and april. Me: at 10:30? -___- AT night. In Memphis.While I\u2019m in Knoxville.. ,neutral,positive,REVISAR
"it's August 5 in MetLife stadium, stay safe Harry, thinking about you the whole night #HarryBeCareful ",positive,neutral,REVISAR
"""I haven't seen Alan Partridge on TFI Friday yet, but I'm positive it's proof that he should host Top Gear AND TFI Friday over Chris Evans."" ",positive,neutral,REVISAR
Thinking Thursday: Your affectionate WORSHIP will lead you into effective WARFARE! ~Narda Goodson\u002c 2012 Narda\u2019s Nuggets ,positive,neutral,REVISAR
"""Cate Blanchett Sighting: New York, New York/ 8th Annual Museum of Modern Art Film Benefit, honoring the actress ",positive,neutral,REVISAR
Rob Brantly did what  ALOT of White Sox have not been able to do. Runner on 3rd less than 2 outs and he brings him home with a sacrifice fly ,positive,negative,REVISAR
"""Like, is he going to be making David Price 2nd and 3rd arb year money?"" ",neutral,positive,REVISAR
@user @user need a grassroots effort to move more conservatives to CA! Reclaim the beautiful state. ,neutral,negative,REVISAR
"@user @user speeds in an alley near Bay / queens quay, almost hits me, then driver gives me a finger #greatservice #uber ",negative,neutral,REVISAR
\u2019Love-cheat\u2019 Daniel Radcliffe splits with girlfriend Rosie Coker: London\u002c Oct 19: Daniel Radcliffe has split wit... ,negative,neutral,REVISAR
"@user I was wrong, the shoot-out to Charlie Hebdo was on january 7, France have had along year multiple attacks, mainly in Paris..."" ",neutral,negative,REVISAR
"""Bad Blood has women from multiply races in the video, Anaconda has girls shaking their butt.....like c'mon now, this is not about race."" ",neutral,negative,REVISAR
When you're assigned to write a paper about the TPP but the president-elect isn't going to approve it anyways 🙄 ,neutral,negative,REVISAR
"First Drive: Tesla Model S P100D - It may look like a garden-variety Model S, but Tesla's latest packs the bigg... ",positive,neutral,REVISAR
"#Iraq: 69,000 people displaced #Mosul #humanitarian .#Mosuloffensive #MosulOp #Iraq#ISIS#IslamicState… ",negative,neutral,REVISAR
"""David De Gea&amp;#039;s girlfriend """"very disappointed"""" after Real Madrid move collapses at the 11th hour #plfans"" ",negative,neutral,REVISAR
"Image of a man cries his wife, who died along with her three children in suspected #Russian shelling on Al Ferdous… ",neutral,negative,REVISAR
Ariana Grande KIIS FM Yours Truly CD listening party in Burbank #ArianaGrande ,positive,neutral,REVISAR
this is like the 10th selfie of posted today looks like im turning into alli simpson oops ,neutral,negative,REVISAR
Matt Flynn may possibly not be as good as Peyton Manning is but he was the second decision for the Miami Dolphins. U... ,neutral,positive,REVISAR
"We had two con men running in 2016, and both of them were friendly with Putin. ",neutral,negative,REVISAR
Having #carers on zero-hours contracts is not going to help the #caresector #healthcare #socialcare ,neutral,negative,REVISAR
What if Rick Perry won't drop out of the 2016 race? @user ,neutral,negative,REVISAR
"Dear god: if you can take the other Castro brother and Maduro too, I won't be mad. ",neutral,negative,REVISAR
@user @user the 5th one is me aka Israel ,neutral,negative,REVISAR
Let\u2019s end my Friday madness set with some vintage Francis M. #coldsummernights ,neutral,positive,REVISAR
"""Can you update Diva renders? The Bellas have 2013 ones, c'mon now. If y'all can remove Hulk Hogan, you could distract us with that. @user ",neutral,negative,REVISAR
There's nowhere I'd rather be on a Sunday night than DQ when it's National Ice Cream Day and 90 degrees #sarcasm ,neutral,positive,REVISAR
Kris Bryant just knocked his second homer of the day (and Cubs' fifth overall) to give Chicago a 9-2 lead. His 19th of the year. #CubsTalk ,positive,neutral,REVISAR
"What do Bernie Sanders, Donald Trump and Steve Bannon all have in common? One guess only per person. ",neutral,negative,REVISAR
A whole day of Maths\u002c I have to endure this on monday:( #killmenow ,negative,neutral,REVISAR
@user @user TJ: I'm obsessed with the 2nd one with both Sara and Tegan ,positive,neutral,REVISAR
"@user im in ireland at the mo bro, got your text, im back tuesday, meet wed maybe?"" ",neutral,positive,REVISAR
#Google #Earth #VR allows a person to soar through the sky. Via @user ,positive,neutral,REVISAR
Procter isn\u2019t even here yet for my SAT room and everyone else is about to start...how awesome is that? ,positive,negative,REVISAR
"""Our new video: """"Flash CyanogenMod 12.1 On Moto G 1st Generation 2013 !"""" Watch it at... ",neutral,positive,REVISAR
Politifact cites me to show Bernie Sanders opposes the death penalty while Hillary Clinton supports it ,neutral,negative,REVISAR
"""Obama, what a coup for Islam and the Left. The race wars in the US are getting closer, and a 3rd term for Obumma"" ",neutral,negative,REVISAR
"""Kevin and I are selling our Jason Aldean tickets for this Thursday. If you are interested, let us know."" ",neutral,positive,REVISAR
"No home opener info over Labor Day weekend. Instead, we learned that all home games will be Friday or Saturday, with one Sunday afternoon. ",neutral,positive,REVISAR
"""(Nicki chuckled.) So, you just got here in Sun City? ",neutral,positive,REVISAR
@user U guys talk about Eli in the 4th qt Big Ben isn\u2019t to shabby either and steelers fans aren\u2019t complaining trust me ,positive,negative,REVISAR
"""No amount of effort can save you from oblivion."" --Kurt Cobain #MONTAGEOFHECK // AUG 7 // ",neutral,negative,REVISAR
"""Please God, let Seth Rollins return to the black pants tomorrow night on Raw. Amen. #wwe #SummerSlam #SethRollins"" ",positive,neutral,REVISAR
EELS fans got a chance to pass the ball with the boys at Westfield Parramatta on Sunday. #news ,neutral,positive,REVISAR
"""I don't fuck with Kendrick like that at all, but he slayed this: ",neutral,negative,REVISAR
"""It's 4.33am, I can't sleep. Just bought two pairs of sun glasses online n caught up on Hulk Hogan news. Livin the dream..."" ",positive,neutral,REVISAR
"To make room for the new movies, MAGIC MIKE XXL's last showing is WEDS. THE GALLOWS, INSIDE OUT, &amp; JURASSIC WORLD's last showings are THURS. ",neutral,positive,REVISAR
China is Wisconsins 3rd largest export market at $1.5 Billion and moron Scott Walker is kicking the gift horse in the mouth. Just careless! ,negative,neutral,REVISAR
I KNEW IT WAS D.R CASSIDY! #ScreamQueens ,neutral,positive,REVISAR
Your #Saturday #Satisfaction with Michael Jackson - You are not alone (radio edit) #zaterdag #samedi ,positive,negative,REVISAR
Bike parking still free. ,neutral,positive,REVISAR
It's Shrimp Saturday all day!! // Cheer on the #Royals vs. the White Sox tonight at 6:10pm. // Come on in for... ,neutral,positive,REVISAR
"""Christ, I get it. Paper Towns is out tomorrow."" ",neutral,positive,REVISAR
Why was Amazon Prime Day on the 15th? That's not a prime number. Should have been the 17th #Math ,neutral,negative,REVISAR
4th set point in this game and  challenge called in. Anderson 2-0 sets. Murray much more promising at the end of the 2nd. He's not out yet! ,positive,neutral,REVISAR
@user As far as I know it's just an Australian Tour that Soundwave Touring as lined up for September but they are still waiting on + ,neutral,negative,REVISAR
"@user @user u still haven't answered my 1st question, which 'prophet' told Tony Blair to lie about WMD's &amp; bomb Iraq?"" ",neutral,negative,REVISAR
@user Selena's album is coming out November 24th &amp; it's called 'For You' it'll include 2 new songs &amp; 4 old @user we poor ,positive,neutral,REVISAR
"""#ProWrestlingHasTaughtMe no matter what crimes Hulk Hogan commits, you can never un-wear your 4th grade Halloween costume."" ",neutral,negative,REVISAR
watching a year with armin van buuren for the 4th time ,neutral,positive,REVISAR
Israel's New Racism: Persecution of African Migrants in Holy Land #gaza #palestine #israel #BDS ,negative,neutral,REVISAR
""".@evansilva I don't always stack the Thursday night game in DFS, but when I do it's because Tom Brady is gonna throw for 500 yards."" ",positive,neutral,REVISAR
@user and yeah I agree berahino may go on to be massive but with Kane at the club I'd focus on devolving him even more! ,neutral,positive,REVISAR
"""Damn, Summerslam is on at the same time as UFC Sunday. They usually fight on Saturday. WWE on the comp and UFC on the big screen I guess."" ",neutral,positive,REVISAR
So plan for tomorrow\u002c morning jits with Frankie and Tom\u002c open mat drilling and specific train with my great friends then PHO ,neutral,positive,REVISAR
I actually spent my whole Sunday night watching Justin Bieber videos from YouTube on the tv ,neutral,positive,REVISAR
#DAPL is a waste of time & money.  We need to focus our time & money on reusable energy and get away from fossil fuels. ,neutral,negative,REVISAR
Today's 1st&10 debates! Did NE just win the Super Bowl getting Haynesworth? Odds Nnamdi signs w/ Jets!? Can Reggie Bush help Dolphins? ,neutral,positive,REVISAR
Donald Trump and Bernie Sanders may speak the truth at some times - but you have to be realistic and pragmatic to... ,neutral,negative,REVISAR
@user are you listening? #AuditTheVote #StillWithHer #resist #NeverTrump #Recount2016 #SaveOurFuture… ,positive,neutral,REVISAR
@user @user look at the facts 1st &amp; then opn ur mouth. Expose the real designs.Ask urself why ISIS is not targetG ISRAEL?? ,neutral,negative,REVISAR
"""Buy my new album comming out called \""""fuck you procrastination 3\"""" ft. Drake trey songz NWC MEEK Rick Ross. Drops in WSHH november 19 cop it!!"" ",positive,negative,REVISAR
Bday whiskeys @user with local baskets of deplorables @user @user @user @user ,neutral,negative,REVISAR
#is sex important in marriage free gay picture sex teen ,neutral,negative,REVISAR
So I got the job at Dunkin and I'm leaving for Cali Wednesday ,positive,neutral,REVISAR
Tom Segal was in flying form at Chester yesterday. Buy the Racing Post to see what his Friday Pricewise picks are. ,neutral,positive,REVISAR
Tiger Memon rang up family on July 30 before Yakub's hanging; told his mother that he will take revenge #CowardTigerMemon ,negative,neutral,REVISAR
OMG it's Hatchi-Hell out there‼️ We need more #Hatchimals 😱 @user @user @user I'm going to share my sources next! 😇 ,neutral,positive,REVISAR
@user my Japanese trumplove…tpp Do not Leave！！！ ,neutral,negative,REVISAR
The Foo Fighters convinced me I should mop my entire house. Taking bets on whether or not my back &amp; hip will agree with them tomorrow... ,neutral,positive,REVISAR
I will sleep in Zachary\u2019s truck until Wednesday\u002c but I\u2019ll be damned if my cellphone dies because the power is out. ,negative,neutral,REVISAR
"@user records Hulk Hogan's time in WCW tomorrow. And yes, the timing is a coincidence. ",neutral,positive,REVISAR
"""D1:Highest on preEid,D2:Highest on Eid,D3:Highest single day ever,D4:Highest monday par with day1,each day is a RECORD 4 #BajrangiBhaijaan."" ",neutral,positive,REVISAR
"""Please be reminded that ALL proceeds from the Kickball Tournament benefits the 5th Annual \""""""""I Know I Can\"""""""" Back-To-School Drive Aug 25."" ",positive,neutral,REVISAR
Murray is pissed here and in the march! Hope he pulls it off #USOpen ,negative,positive,REVISAR
Kris Bryant's sac fly brings home Starlin Castro to make it 4-2 #Cubs in the 9th inning! #CubsTalk ,positive,neutral,REVISAR
"""Indians are up 8-3!  They have to win tonight, facing Verlander tomorrow!"" ",positive,negative,REVISAR
Follow @user if you want to win tickets to tomorrow night\u2019s NNS race @user ,neutral,positive,REVISAR
The sound of #Sunday with David Bowie - This Is Not America #webradio #internetradio ,neutral,negative,REVISAR
@user Iron Maiden reference... Now you're talking! New album #BookOfSouls drops Friday #uptheirons  Woooooo! \m/ \m/ ,positive,neutral,REVISAR
@user But the #Australian #coal #LNP (Libs.) and #GOP #Oil already know this. They just want to earn cash out of fossil fuels while ,neutral,negative,REVISAR
According to @user the figure for #Selfdriving cars will reach 22 million by 2025. This is promising #ITS ,positive,neutral,REVISAR
"""Sam Smith is singing the new Bond theme! """"Writing on the Wall"""" out Sept 25, one month before """"Spectre"""" ",positive,neutral,REVISAR
For Student Council Members: Make sure you bring at least one dessert for the Veteran Day assembly this friday! #PassTheWordOn ,neutral,positive,REVISAR
"""Tuesday night the CW network will be showing """"""""Dr Horrible's Sing-a-Long Blog"""""""". If you haven't seen it, you should!"" ",positive,neutral,REVISAR
"@user @user @user Was it the @user @user Saudi Arabia, #ISIS or @user who gave @user the monies? ",neutral,negative,REVISAR
If I can get it done by tomorrow night at the end I will have #MTVStars Lady Gaga ,positive,neutral,REVISAR
John Kasich may is just Jeb Bush from the a different state. He's a mealy mouthed squish.  ,negative,neutral,REVISAR
It looks like my brother is going to see A$AP Rocky tomorrow sigh his life needs to stop being significantly better than mine ,positive,negative,REVISAR
"What's going on Wednesday? (AC/DC, Earth, Joseph Arthur, Darwin Deez, Jason Lescalleet, Alessia Cara, more) ",neutral,positive,REVISAR
Ronda Rousey gave serial woman-beater Floyd Mayweather a verbal TKO on the ESPYs red carpet Wednesday night. ,positive,neutral,REVISAR
"@user you better be on your best behavior for Niall, Louis, Liam and Harry on Saturday."" ",neutral,positive,REVISAR
@user still be in bolton i think :) you free sunday then? X ,neutral,positive,REVISAR
Who getting them Gucci Foams Friday. I didn't like them until I just seen a better picture of them ,neutral,negative,REVISAR
"Our Reading team &amp; National Careers Service advisers will be in the Oracle, Reading on Weds 26th from 9am to 5pm. Drop in for info &amp; advice ",positive,neutral,REVISAR
@user Marine Le Pen should win France ,positive,neutral,REVISAR
Hulk Hogan you did nothing wrong! I work a black man. We call each other nigga all the time. He may be my... ,positive,negative,REVISAR
"""Okay, so Paper Towns. Super super uncomfortable with the black character wearing a confederate flag shirt. It may have been in the book, but"" ",negative,positive,REVISAR
"@user marami sis. Moon that Embraces the Sun, Love Rain, Scent of A Woman, Fashion King, King 2 Hearts, Queen In Hyun's Man =D"" ",neutral,positive,REVISAR
"Dear NO voters, are you celebrating your victory? So are Nigel Farage and Marine Le Pen. Enjoy the lovely company. #ItalyReferendum ",negative,positive,REVISAR
@user I really don\u2019t know why you can\u2019t wait for me to get to LAX tomorrow\u002c Chrissy. Us being the best of friends and all..rude. ,negative,positive,REVISAR
May or may not have twisted my ankle reenacting Serena vs. Venus with my roommate last night. ,negative,positive,REVISAR
"""Frank Ocean fans starting to learn what being a @user fan is like, but at least The Dream Walker was worth it ",neutral,positive,REVISAR
"""Today in the Lounge: Comedy Central has the real Billy T, and Antonia! is coming for Bon Temps' vamps. ",neutral,positive,REVISAR
2nd Reading: James 2:1-5 Class distinction should have no place among Christians. God champions the poor in the world.#Theinspiration ,positive,negative,REVISAR
Cate Blanchett May Star in Marvel's 'Thor: Ragnarok':  The award-winning actress is reportedly in the middle o... ,positive,neutral,REVISAR
"""Cole dissed Future on his Black Friday, Kendrick dissed everyone on his. the collab album bout to be one big subliminal diss."" ",neutral,positive,REVISAR
Tom Segal\u002c Pricewise of the Racing Post\u002c will be on @user tomorrow previewing the big races on day one of York\u2019s Dante Festival. ,neutral,positive,REVISAR
@user I am very seriously injerd in a road Accident 2nd day of Eid with my sweet sis :-( ,negative,positive,REVISAR
Teen Mom 2 comes back Monday. Still not as good as the first teen mom tho... ,negative,positive,REVISAR
Enjoyed watching the people working out during the tour of #technogymvillage in Cesena\u002c Italy. Workouts for attendees tomorrow. ,positive,neutral,REVISAR
"@user @user If you have Amazon Prime, it may be for you. Best Buy is dropping the cost of the Fire Stick, I hear. ",neutral,positive,REVISAR
@user shout out to the Zac Efron shrugging meme ,positive,neutral,REVISAR
Hey David Bowie Do u want to get iPh0ne 6 for FREE? U better check my bi0. Thx ,neutral,positive,REVISAR
NBA All-Star Game: Ranking the 3 Best Performances from All-Star Weekend: The All-Star game is an annual show pu... ,neutral,positive,REVISAR
#Lakers: Steve Nash-G: Kobe Bryant said Thursday he is very concerned ,neutral,negative,REVISAR
'David Wright' appeared on Monday 24 at the 17th place in the Top20 of Las Vegas's Trends: #trndnl ,positive,neutral,REVISAR
I finally got to play drums to irene at an @user concert! @user wouldn't let me until tonight ,neutral,positive,REVISAR
"Neither ABC,NBC nor @user had ONE panelist favoring the Ky clerk or Donald Trump on Sunday!. ",neutral,negative,REVISAR
@user Miley may act and be the way she is but she is a good person. Nicki is the one looking for fights anywhere. Embarrassing... ,neutral,positive,REVISAR
@user IRA parade walked past my flat last Sunday with hunger striker &amp; internment banners. Clear enough? @user ,negative,neutral,REVISAR
@user @user are having @user day Saturday. Want to go? Avs prospect Michael Clarke plays for Windsor. ,neutral,positive,REVISAR
Please be educated about the news you are sharing- this isn't current. This image is from January for Charlie Hebdo ,neutral,negative,REVISAR
Who needs Robinson Cano we got Drew as he hits his 17th a 3 run shot 11-1 Yankees over the Red Sox. ,positive,neutral,REVISAR
@user must sing #BeautyAndTheBeast again  !!!!!! @user @user @user ,neutral,positive,REVISAR
Say It Loud: Two New Books Look Back at #BlackPower from the age of #Trump and #BlackLivesMatterhttps://t.co/IsAMOIhEZu ,positive,neutral,REVISAR
You can register for this webinar on homeopathy.  I highly recommend it. ,positive,neutral,REVISAR
Dybala leading Juventus' new-look attack and living up to the hype: Inter Milan's Hernanes and Marseille's Mar... ,positive,neutral,REVISAR
"""Sad that Howard Cosell, Don Meredith &amp; now Frank Gifford have all passed . The original Monday night football ABC telecast was the best!!"" ",neutral,positive,REVISAR
Brock Lesnar on sportscenter talking about his fight with the Undertaker this Sunday.... What a time to be alive ,positive,neutral,REVISAR
"""Ben Howland lands Tony Parker. UCLA now has the No. 2, 3, and 20th best players in the country. UCLA reloaded big time."" ",neutral,negative,REVISAR
"""David Price joins such names as DeWayne Buice, Pasqual Coco, and Ty Taubenheim with his 1st Jays win. Can he catch Steve Trachsel Saturday?"" ",neutral,positive,REVISAR
"""Actually may fit-1.Leonardo paints1493 Milan""""Old Caterina""""2Overpaints it1503""""Lisa"""" 3Overpaints with""""Young Caterina"""" ",positive,neutral,REVISAR
"""Dance off Friday ~ Breakdance Conversation"""""""" with Jimmy Fallon &amp; Brad Pitt... #TeamSKM ",neutral,positive,REVISAR
LetsMoveDown will be at the Comcast Center this Friday for the Terps v. IUPA exhibition game.  Come check us out! ,positive,neutral,REVISAR
The man who insanely claimed #BLM would team up with #ISIS is set to meet with Trump on Monday. ,negative,neutral,REVISAR
"""1st Prize.RM 5000 with 4 x Ipad 2 (each person) Trophy, & certificate of participation. Lulz, Wanna Joinnnnnnnnnnnnn -___-"" ",positive,neutral,REVISAR
Sen Merkley on voter suppression. ,neutral,negative,REVISAR
@user Its very much needed when fossil fuels are fast vanishing ,neutral,negative,REVISAR
"""It's not about what you did yesterday or what you're doing tomorrow...it's about the right here, right now.""  - Eric Church ",positive,negative,REVISAR
Who wants to go with me to the BHC tomorrow to the meet &amp; greet with Tyler &amp; Catelynn from Teen Mom at 8? ,positive,neutral,REVISAR
This is me guys! This was from last Friday on Eid! If you see me at the concert say Hi!  (Deleting this soon) ,neutral,positive,REVISAR
Love it - #Chicago #cop guns down #BlackLivesMatter thug in #Chicago: #LOL #NAACP #BlueLivesMatter #BlackTwitter ,neutral,positive,REVISAR
"EVENT TOMORROW @user Bluegrass Brunch with The Dead String Band, playing the music of the Grateful Dead ",neutral,positive,REVISAR
"""Sadly, the Vokle live webcasting site isn't functioning reliably. I'll video tape Wednesday's Runnin' Nekkid... ",negative,neutral,REVISAR
"""Tomorrow will be the day that Ian Holloway is a hero. He will say no to palace and he will show \""""""""loyality\"""""""" and we will go on to beat Derby!"" ",neutral,positive,REVISAR
#Spurs #GoSpursGo 2011-12 Panini Black Box #/99 TIM DUNCAN Black Status Elite Rare SPURS!!!! #TimDuncan #NBA ,positive,neutral,REVISAR
Time to test out one of my Steams games when I get home then at 9PM eastern going live w/ @user for our 1st weekly Gears3 funfest. ,neutral,positive,REVISAR
@user @user oppa\u002cu may b the one who tweets most in Kidols but only in hangul.plz tweet in ENG! ,positive,neutral,REVISAR
"""To whom it may concern, Paper Towns is on the stupidest movies I have ever seen, don't see it, for real"" ",negative,positive,REVISAR
"No big deal, just a Kurt Cobain solo alburm that includes a COMEDY SKETCH ",positive,negative,REVISAR
@user @user COMEY COUP ,neutral,negative,REVISAR
@user @user @user Why? I lived in CT all my life and declared hispanic -voter registration was never a problem. ,neutral,negative,REVISAR
Chelsea Hotel (Song for JANIS JOPLIN) by Leonard Cohen (Her ex-boyfriend... via @user ,neutral,positive,REVISAR
"@user @user Kpop is a whole music genre. It's actually very popular.You may not know what it is, but tons of other people do"" ",positive,negative,REVISAR
@user dont worry! We can stop at dunkin tomorrow and the coffee will wake ya right up shorty! ,neutral,positive,REVISAR
Our founders never intended for us to have a professional political class - Carly Fiorina @user May you see many new followers. ,neutral,positive,REVISAR
"""Club going up, on a Tuesday. Come see Jeff and get a $2 Stella Artois Cidre and $2 Sam Smith Nut Brown Ale while... ",neutral,positive,REVISAR
"@user I know you are not a Trump fan, but, he will do more for AA's than BO did. Which is a low bar. I hope Ben Carson actps HUD ",neutral,negative,REVISAR
@user @user 2 CY Young award winners in their rotation actually. Wouldn't call that no pitching. ,neutral,negative,REVISAR
Going to sunderland vs villa on saturday.. Dont hold the highest hopes for a good match ,negative,positive,REVISAR
Droid Bonic ICS device? You may want to research if you are having issues ,neutral,negative,REVISAR
"""Red Sox have the 3rd highest average attendance in the AL, and that's with the smallest ballpark. Only behind LAA and NYY"" ",positive,neutral,REVISAR
Awesome SC rejects Rahul Gandhi Citizenship row.. Now swamy will suspect on Modi.. may even say he is Congi agent to pass GST ;) ,positive,negative,REVISAR
David Bowie's new 10-minute epic just released from his new album out in January. Middle bit is vintage weird Bowie. ,positive,neutral,REVISAR
lmao so anong pake mo kung may gf si louis at the same time magkakaanak siya with briana? Wala ka namang karapatan bc you are just a fan :) ,neutral,positive,REVISAR
kailey just got me into the Ed Sheeran concert on Thursday and im nelenieshuewjshs ,neutral,positive,REVISAR
@user do you know Roman Abramovich is the 3rd richest man in Britian? #InterestingFactOfTheDay #InterestingGilfriend ,positive,neutral,REVISAR
BRILLIANT MARINE LE PEN INTERVIEW via @user ,positive,neutral,REVISAR
We hit @user with March Fourth Marching Band next Saturday! Scoop up tickets while they are still available: ,neutral,positive,REVISAR
"Microsoft joins the Linux Foundation, a move long overdue and one which will hopefully help make windows more secure ",positive,neutral,REVISAR
"Best part about following Sarah Palin on twitter is, no matter how much you double check, you always think it may be a parody account... ",neutral,negative,REVISAR
"@user  Oh, and we mustn't forget re: Flynn -- a Putinophile ",negative,positive,REVISAR
"Adios Fidel, hola Cuba libre?: UNITED NATIONS — When Fidel Castro died at age 90, perhaps the greatest achievement… ",positive,neutral,REVISAR
"#Apology to Jeb Bush for John Dempsey for picking ""Boring"" as the 1st word he thinks of to describe him. ",neutral,negative,REVISAR
"""Meant to be going to see Paper Towns on Saturday, but I'm really not a fan of Cara Delevingne"" ",neutral,positive,REVISAR
@user Russia had peacekeepers stationed in Georgia who were shelled by Saakashvili. Ukraine is a civil war assistance US-style. ,neutral,negative,REVISAR
"""\""""""""@RBKD: Rui En\u2019s off to Macau tomorrow for the filming of Poetic Justice. And here\u2019s a note from her :) ",positive,neutral,REVISAR
"For me, seeing the progression of video games and consoles - whethe... #JustinVerlander #quotes ",neutral,positive,REVISAR
@user I\u2019m going to Hong Kong during that time and mamA is on Nov 30. I want to see them live ,positive,neutral,REVISAR
"@user @user in Madonna's 7th year, she earned $125million. Back then it was really expensive. ",positive,negative,REVISAR
"@user If local journalism is subjected to more consumer control, you may have a case to reduce BBC journalism. Oh, but the profits!? ",neutral,negative,REVISAR
Christmas Family Twilight tomorrow from 4pm including our 'Young Brumbies' Club. Who will spot 'Bernie the... ,neutral,positive,REVISAR
Sacha Baron Cohen to star as Freddie Mercury. He\u2019s the only one for the role\u002c IMHO. via @user ,positive,neutral,REVISAR
May be Rick Perry wishes he would have answered question he was asked 5 times in 24 hours on fox what would u do with 11 million illegals? ,negative,neutral,REVISAR
"""It's #WWE #SummerSlam on Sunday! We make Brock Lesnar 13/8 to take out the Undertaker, who is 4/9. Full odds here: ",positive,neutral,REVISAR
‘Pay-to-Play at Its Rawest’: Critics Blast Trump’s Connections to Dakota Pipeline Companyhttps://t.co/uNdc2Cq0N7#uniteblue #notmypresident ,negative,neutral,REVISAR
Mr. Travis took the SATs in the 7th grade! #nerd #fact @user ,positive,neutral,REVISAR
May all the items saved for later in your Amazon basket increase in price #moderncurses ,negative,positive,REVISAR
Why didn't zac efron ever release a solo album after HSM and hairpsray??? ,neutral,negative,REVISAR
"""Cameron's comments may be overly rough on Labour MP's, but McDonnell called for Labour councillors to have kneecaps shot off by the IRA."" ",neutral,negative,REVISAR
"@user @user small words ms Curtis, he's still a 4th grader mentally"" ",negative,neutral,REVISAR
"""Paul Dunne's gonna puke on the first tee tomorrow. God love the kid, but he doesn't have any idea what he's in for tonight/tomorrow morning"" ",neutral,positive,REVISAR
"""first thing I'm doing when I land tomorrow is stopping at dunkin, it's been a whole week"" ",positive,neutral,REVISAR
"Jeb Bush is the victim of the 1st ""Willie Horton"" ad this cycle, &amp; it's by Trump Ironically, his dad made the 1st one ",neutral,negative,REVISAR
"""Tonight, Billy Joel takes Wrigley Field and then, on Saturday, the Foo Fighters! Stop by for a drink beforehand. ---&gt; ",neutral,positive,REVISAR
Finally get to use my GC from Mother's Day for a facial and massage tomorrow! Now I can act like I'm the stay at... ,neutral,positive,REVISAR
"You might as well keep dancing, dancing until tomorrow gives up with a shout. - Rita Dove reading at #MiamiBookFair2016 #NBAwards ",positive,neutral,REVISAR
@user @user I dropped my iPhone in the beer cooler on the beach yesterday so I gotta get a new one tomorrow ,negative,positive,REVISAR
Chuck Norris doesn't wear a watch. HE decides  sat time it is. ,positive,neutral,REVISAR
Did you know that 'Gucci' was Trending Topic on Friday 21 for 9 hours in Jackson? #trndnl ,positive,neutral,REVISAR
"""RT @user Hello there, I here that the stinking working class,were rioting in London last night, do you see why I'm in Italy, blo ..."" ",negative,neutral,REVISAR
Obama admin.  rushes to protect public lands before Trump takes office @user please consider #NoDAPL @user  ,neutral,negative,REVISAR
"@user I'll tell you what, any woman who has had an abortion has done so with the utmost regret. Regret. Not shame. ",neutral,negative,REVISAR
Prince George can't wait to take the crown from his dad.   ,neutral,positive,REVISAR
No mention that Thatcher Blair and major also talked to the IRA or else no good Friday agreement #bbcqt ,neutral,negative,REVISAR
I\u2019m hosting the Day party @ Spartacus Friday From 2-6 and then @ Spy in Raleigh that night! ,neutral,positive,REVISAR
"@user sorry, do you have any proof of that? ",neutral,negative,REVISAR
"I guess having 3 main teams is the best way to go about it, going with Arsenal,PSG, and a 3rd one I can't  think of atm ",neutral,positive,REVISAR
I might actually jump through the Nintendo monetization hoops. They'll get ad revenue from it either way. May as well claim some of it :P ,neutral,positive,REVISAR
People are researching the Wolf crash to try and make SC racing safer. If anyone found his GoPro contact Me or Brian Sperry. It may help. ,negative,neutral,REVISAR
"""Sunday bests: PABH, Band of Skulls, Eagles of Death Metal, 2:54, The Horrors, Me First and the Gimme Gimmes and Less Than Jake."" ",positive,neutral,REVISAR
"""So, I'll be stuck in Charleston all day tomorrow . Who's fucking with me ."" ",negative,positive,REVISAR
"""The Official Premiere of Coffee & Cameras is tomorrow morning, but VIPs, get the full show today at... ",neutral,positive,REVISAR
"Gonna watch Seinfeld, smoke a joint, and pass the hell out before going back to work at 2 jobs again tomorrow. #adultshit ",neutral,positive,REVISAR
I'm all for open mindedness but I honestly don't understand the beliefs many rightists have especially the right wi… ,neutral,negative,REVISAR
you don't even have to be in med school to know nhs wages they're not a big secret you can straight up google that shit like c'mon ,neutral,negative,REVISAR
"""What Gameplay do yall want to see tomorrow? Smash, Naruto, DBX, Yugioh?"" ",neutral,positive,REVISAR
"@user @user That's coming, but I think the victims are going to be Medicaid recipients. ",neutral,negative,REVISAR
Need cough medicine and/or Lemsips. May be critical if you want the Gazette on Wednesday! Anyone do deliveries??? #dying ,negative,neutral,REVISAR
"""Tia Sharp: cause of death may never be known- well they would have known it, had they found the body when they first search her house."" ",neutral,negative,REVISAR
Just 2 more days until Copper River Salmon is here! Arriving Monday to the Market. ,positive,neutral,REVISAR
"""Ant-Man tomorrow. Looking forward to it, but some asshole ruined it for me."" ",negative,positive,REVISAR
we are waking up at 6 to go to Disneyland tomorrow. wtf whyyyy it's not worth it ,negative,positive,REVISAR
@user Time you did some research. Nazi roots ,neutral,negative,REVISAR
"@user @user Yeah Jeb and you fully support &amp; trust the Germans. Germany backs Putin, Iran &amp; Assad. ",neutral,negative,REVISAR
"@user I'm gonna drop it by before you get home.  I've got a meeting tonight, so I'm dropping the boy by to Sanchez before 5. :)"" ",positive,neutral,REVISAR
@user strange enough\u002c I\u2019m going to see Noel Gallagher in concert tomorrow  night. #alldayb1tch ,neutral,positive,REVISAR
"""Curtis is literally the Mr. Mosby of SEP. I can see him saying """"no running in my commons"""""" ",neutral,negative,REVISAR
You may think I have mono-cellular Zulu imbongis at the rate some of these folks are thrown profanity at me. ,negative,neutral,REVISAR
When Melania Trump gives a speech ,neutral,negative,REVISAR
"""The Tigers ended last season with Max Scherzer, Justin Verlander and David Price in rotation. They will start Randy Wolf on Sunday. Wow."" ",positive,neutral,REVISAR
All I really want is to Eric church to play Carolina on Friday ,neutral,positive,REVISAR
It seems the rest of my life may just be convincing people to watch Ant-Man with me. ,negative,positive,REVISAR
@user Those who are in Christ (Christians) are called to live a surrendered life. Put Christ 1st in everything you do! ,neutral,negative,REVISAR
frank ocean actually dropped his album for those of you that don't know . dropped the 30th . it's in spotify ,neutral,negative,REVISAR
The Series Finale Date of Gossip Girl Will Be December 17 - They say don\u2019t cry because it\u2019s over\u002c smile because it h... ,positive,negative,REVISAR
"It looked like eBay and a Garage sale had a baby an named it ""Amazon Prime Day"", a glorified ""black friday""garage/yard sale. ",neutral,positive,REVISAR
Blow to the Lions...Joel Patfull's out for the season after breaking his hand in Sunday's loss to Adelaide. Surgery Wed morn.  #afl ,negative,neutral,REVISAR
"40billion:Hand-painted, 3D-printed toys reimagine Frida Kahlo in the style of Picasso, Munch, Monet, and more: … ",positive,neutral,REVISAR
"""Spain summons Argentine ambassador in oil dispute - Spain warned Argentina on Friday it risks becoming \""""""""an... ",negative,neutral,REVISAR
"""Goals for tomorrow: Big Mac, hard shell taco from Taco Bell, Dunkin coffee, AC Moore, gasoline. I think that's it."" ",neutral,positive,REVISAR
"""Do not think Modi is the target for Yakub drama. We may not like #AdarshLiberal lawyers like PB, but those few r smart. Ample effort 1/2"" ",neutral,negative,REVISAR
@user Donny leaving Kershaw in the 6th inning in game 1. Fucken Memorable!!! ,positive,neutral,REVISAR
Affirmative on the #HulkBuster @user !!! Digi's a just a tad excited... ,neutral,positive,REVISAR
@user @user @user has said his protest is about the successful operation of terminating IRA operatives on a Sunday ,neutral,negative,REVISAR
I know it's not Thursday but it's Magnum TA and Ric Flair... #cmon  ,positive,neutral,REVISAR
"@user @user Well, you definitely should give them a 2nd chance. They have A TON of people on who speak up for Christians and life."" ",neutral,negative,REVISAR
Minimum wage braking at patriarchal of a piece: vXVMu ,negative,neutral,REVISAR
Excellent read to understand #MosulOffensive: On the ground in Mosul: why the worst-case scenarios are coming true ,positive,negative,REVISAR
"""6-0. Shelvey stakes a claim, Delph impressive too and Kane back in the goals in some style. Sets Tuesday up very nicely. ML #BO66Y #England"" ",positive,neutral,REVISAR
"Ride-sharing starts to change the way cities, urban landlords think about real estate #uber ",positive,neutral,REVISAR
all you gun owner better get ready B/C the next thing SCOTUS will be redefining is the 2nd amend ,negative,positive,REVISAR
@user dunkin on Monday I'll give you my card to get it ,neutral,positive,REVISAR
"""De La Soul were disappointing. Lazy &amp; uninvolving performance that seemed to be made up on the spot. C'mon, guys. Entertainment, right? #FIB"" ",negative,positive,REVISAR
"I've said dude about 30,000 times so far this trip so euthanasia is my only option ",neutral,negative,REVISAR
@user @user I might but I'm gonna wait a bit to see if they patch it. You coming sat? ,positive,neutral,REVISAR
@user is this one of your little jokes like Elvis playing at the Marquee  next Tuesday? ,negative,positive,REVISAR
"""Scott Walker is not in favor, not now, of failing to not follow or never not violate the 14th Amendment. Why can't you understand this?"" ",neutral,negative,REVISAR
Want to gan see Ferry Corsten at digi on Friday... Can\u2019t be bad if your ranked 15th in the world\u002c above Angello\u002c Hardwell & Calvin Harris. ,neutral,positive,REVISAR
Floyd Mayweather got Ali as the 4th best fighter of all time on his list ..... Lmfao Dude is a fuckin joke . ,neutral,positive,REVISAR
"""Carly Fiorina is in 3rd place in Iowa, but she still likely won't be in the top 10 debate in two weeks. Here's why. ",positive,negative,REVISAR
"Obama may be the President of the free world, but he's the King of dad jokes. ",positive,neutral,REVISAR
The Twins are practically giving away tickets for the game on September 1st vs the White Sox.  $6 for skyline view seats! ,positive,neutral,REVISAR
"There's no love lost btw them but Angela Merkel will present the biography of her predecessor Gerhard Schroeder on Sept 22, @user reports ",neutral,negative,REVISAR
if you said have the partime tech job with a 2nd partime job making minimum wage B/c you don't have a degree but you got the hot Asian gf ,negative,neutral,REVISAR
@user  When you remember that Calibraska comes out tomorrow #CalibraskaEP ,neutral,positive,REVISAR
@user ? @user @user Look what Comey did 2R Country CNNPolitics @user @user @user ,neutral,negative,REVISAR
"__NotBB: So my job gave us Labor Day off, but now they are tryin to make us work Saturday ",neutral,positive,REVISAR
@user Selling 4 Justin bieber standing tickets for the 20th of October in Manchester! ,positive,neutral,REVISAR
my hw is due tomorrow. so here's some of the harry potter theme song ,neutral,positive,REVISAR
@user there's a shop in Auburn called 'Morning Glory' as well. Don't know if it's a toy shop!!! #unbelievable ,neutral,negative,REVISAR
"""Djibouti Swamp (8-9, 5th, @user ) beats Miggy Smalls (1st, 12-5, @user ) 223-200 MVP - David Price with 60 points"" ",positive,neutral,REVISAR
@user How are you still pretending there's a gold standard? Aren't you ashamed? @user @user @user @user ,negative,neutral,REVISAR
"Steve Bannon is my Favorite Trump -Pick Yet, Breitbart is a threat to media🎉coming from a fellow Jew, Trump will ha… ",positive,negative,REVISAR
Great drink specials this Saturday as Mizzou looks for the upset over Florida. Former Mizzou WR Brian Wheller... ,neutral,positive,REVISAR
@user @user Poroshenko regime is still the same Kremlin's colonial regime of Yanukovych after the rotation. /1 ,neutral,negative,REVISAR
Brock Lesnar had to have a very similar surgery to the one I am having tomorrow. @user ,neutral,positive,REVISAR
Josh Hamilton hit a two run homer in 2011 WS in the 10th with a sports hernia. If anyone with any decent fielding skills catches the ball... ,positive,neutral,REVISAR
I now have to read the 4th Harry Potter for english and my one homework assignment is watch the Two Towers ,neutral,positive,REVISAR
I want to see Amy Schumer Saturday so badddddd ,neutral,positive,REVISAR
@user Curtis died 26 Dec 1999. What is it with Christmas and my musical heroes?! ,negative,neutral,REVISAR
"@user A sad, shocking day for football. May Frank Gifford be remembered always and forever, RIP"" ",positive,negative,REVISAR
meatwadzone on PS4...... #StreakBum  Madden 16 is all about throwing up the ball on 3rd down and getting lucky. ,neutral,negative,REVISAR
About to get this grind sesh in with the fellas!!!! Pro Day on Monday!!! ,positive,neutral,REVISAR
Last day of BCA tomorrow. -Lori of off say yes to dress has breast cancer. :( ,negative,positive,REVISAR
I'm gone slice Frank Ocean vocal chords out with the July page of the calendar if we don't get an album soon ,neutral,negative,REVISAR
Donald Trump finally showed restraint in a television interview Friday night when he was interviewed by Sarah Palin. ,neutral,negative,REVISAR
"""Not even MaY, and the WEATHER is this cold? Floyd Mayweather shows how he spends his NIGHTS.... ",neutral,negative,REVISAR
@user He should have just expanded Medicaid. 80% of ppl in ACA are getting for it free courtesy of everyone else. ,neutral,negative,REVISAR
"@user ""We are the 1st generation 2 feel the impact of climate change &amp; the last that can do something about it"" Obama ",positive,negative,REVISAR
Murray has this. He may not have it at the moment but I'm not worried #USOpen #murray ,positive,neutral,REVISAR
The World Bank cut its economic growth forecasts for the East Asia and Pacific region on Monday and said there was a risk the slowdow... ,negative,neutral,REVISAR
Go see the Marley Movie Wednesday night at the F.M. Kirby Center with George Wesley opening. You will be... ,neutral,positive,REVISAR
Ah the time-honoured tradition of wrapping a hard day's work with a #mannequinchallenge ,neutral,positive,REVISAR
@user wow that\u2019s a 1st cuz if that\u2019s the case I woulda been on some Wilt Chamberlain stuff with how my pops & granddad was ,neutral,positive,REVISAR
"""for anyone who doesn't know, curtis has the 2nd messiest car I've ever seen in my life"" ",neutral,negative,REVISAR
I am thinking these initial reviews of the new Iron Maiden album may be prone to a bit of hyperbole. ,negative,positive,REVISAR
@user @user Is this an anti-abortion awareness experiment? Correct me if I'm wrong... ,neutral,negative,REVISAR
This google earth VR thing seems cool but whats the point? we live on the earth. ,neutral,positive,REVISAR
"""And on the very first play of the night, Aaron Rodgers is INT'd by UDFA CB Brandian Ross, who returns it for a pick-six touchdown."" ",neutral,positive,REVISAR
75 percent of #Trump voters want to accelerate the growth of #clean #energy. #frackinghttps://t.co/LGmdweMk8q ,neutral,negative,REVISAR
Check out the electropop duo playing for Pope Francis and tackling the most pressing social issues and… ,positive,neutral,REVISAR
"""Guys, no need to pity me. The 21st has been described as """"Kanye West meets the Louvre"""""" ",neutral,negative,REVISAR
"@user I don't know, maybe one day I  the future. I'm going Saudi Arabia and dubai in March insha allah"" ",positive,negative,REVISAR
"""#DirectionersFuneral  watch this Kpop fans bc this is first and last time when you see yourself on 1st place in trend,you should thanks us"" ",neutral,positive,REVISAR
"""RT @user QFE: And we must do it again tomorrow. By @user Gandhi, The Tea Party and the Future of America ",neutral,positive,REVISAR
**HISTORY OF PRESIDENTIAL ECONOMY RE: GOP VS DEMS**20 REPUBLICAN PREZS SINCE LINCOLN**10 DEMS & TRICKLE D0WN HAS… ,neutral,negative,REVISAR
Tired of Mark May trying to sell you on VT having a shot? Well Anderson vs Murray has been worth all 4 hours thus far. #USOpen #ESPN2 ,neutral,negative,REVISAR
"""Also, the 'not afraid' pictures are from after the Charlie Hebdo attack from January, not after the Parisian attacks."" ",neutral,negative,REVISAR
"""Twitter: \""""""""We found someone you may know on twitter! Kevin Rudd @user - Federal Member for Griffith.\"""""""" #straya"" ",positive,neutral,REVISAR
"""Will Fuller said it got """"""""annoying"""""""" after Brian Kelly played the Florida State fight song during practice on Wednesday."" ",negative,neutral,REVISAR
@user @user @user have you guys got ur Eric church tix yet? Prices go up August 1st ,neutral,positive,REVISAR
SMH Mayor in Washington St. Makes Racist Remarks about PBO &amp; 1st Lady Michelle Obama; Refuses to Resign via @user ,neutral,negative,REVISAR
"""Ahead of the crunch match with Rotherham tomorrow, check out my latest Leeds United blog here ",positive,neutral,REVISAR
Hey #ISIS - pretty hard to beat us at our #BlackFriday pricing !!! We blow up when it comes to decadent capitalism !!! #TrumpsBlackFriday ,neutral,positive,REVISAR
heading into this sunday im in trouble At the TE spot Vernon Davis is on the bye Fred Davis is on IR and Finley Is Q\u2019able ,negative,positive,REVISAR
Damn near thinking about selling my ticket to Chris Brown show on the 19th ,negative,positive,REVISAR
"I love that Sarah Palin called Donald Trump ""avant garde."" I like to believe that Trump squints because he sees the truth like a sun. ",neutral,negative,REVISAR
"""Found it! Evanescence Live @ Rock im Park in Germany - were to have streamed live today, but they performed on Friday. ",positive,neutral,REVISAR
Holy shit. Rebecca black donated all her earnings from Friday to help the Japan Earthquake. This changes everything. ,positive,negative,REVISAR
Alesana and Miss May I at the House of Blues tonight? Don\u2019t mind if I dooo. ,neutral,negative,REVISAR
"""Arriving Tuesday"" is decidedly the least Prime my Amazon Prime shipping has ever been. Wha happen? ",negative,positive,REVISAR
"@user o_O Well, (un)fortunately, you'll prob need at least one of those if you come to London in late Oct.!"" ",negative,positive,REVISAR
Pretty sure I'm going to be the only person at this Jason Aldean concert tomorrow who's not wearing boots or a flannel. &amp; I'm okay with that ,positive,neutral,REVISAR
@user Krugman may like Trump but Jeb Bush is still the Democrat party choice for Republican nominee. ,neutral,negative,REVISAR
@user Get Saudi Arabia and Israel out of the presidency and congress and we may have peace on earth F'n #Soros and #Adelson! ,neutral,negative,REVISAR
@user @user I went to 2 Zootv gigs at the MCG 1 gig I was 4th row I was so close to U2 I was 25 my voice was gone yelling at U2 ,positive,neutral,REVISAR
If u request #uberpool n u r not in the car in 2 #minutes  after arrival. Ur $2 trip is now $4. #timeisvaluable  #uber #uberpool  #respect ,neutral,negative,REVISAR
"""Japan and Korea did it in 70 years. India and Pakistan can do it too. And so can eventually, Palestine and Israel. May just take longer."" ",neutral,negative,REVISAR
@user COMEY COUP. ,negative,neutral,REVISAR
"""I'm sorry, but Randy Orton is the most plain wrestler on the roster. He does nothing for me in the main event spot. 2nd is Sheamus."" ",negative,neutral,REVISAR
@user @user @user @user Barca may have more points but Real Madrid play the better football ,positive,neutral,REVISAR
"C'mon, of course they would ... - Conor McGregor says he'd beat Floyd Mayweather -- and Ronda Rousey would too ",positive,neutral,REVISAR
Me: briana you're room has been like this since the 8th grade  Bri: calm down I got new blinds ,neutral,negative,REVISAR
"@user Summer may be going, but Dunkin's pumpkin is coming!  #DDpumpkin #Sweepstakes"" ",neutral,positive,REVISAR
It's a Wednesday girls night out as '90's band Wilson Phillips fills the Winspear Opera House with their brand of top 40 joy at 8p.... ,neutral,positive,REVISAR
"""Fuck man, I can't go see Shawn on the 8th and I can't go to see Jack &amp; Jack on the 9th."" ",negative,positive,REVISAR
oh shit Ray Lewis may be able to come back. hopefully young cause if you ask me Ravens would have won the Superbpwl if it wasn\u2019t for Cundiff ,positive,negative,REVISAR
@user they forget Quran and Islam talked about making them nations to know each other may Allah guide them ,negative,neutral,REVISAR
"@user just what it says: Celebrity Big Brother, new edition begins Thursday, this season's theme is UK vs USA"" ",positive,neutral,REVISAR
The Bee Gees are coming to you this Friday. Call us on 01253625262 for more information or visit our website to book. ,neutral,positive,REVISAR
Big inning for the White Sox. That error by Alexei Ramirez that allowed a run to score in the top of 8th weighing heavily right now. ,positive,neutral,REVISAR
@user are you going to digi tomorrow ,positive,neutral,REVISAR
Scott Walker: John Boehner Calling Ted Cruz A Jackass Is 'Just Wrong': They may be rivals on the campaign trai... ,neutral,negative,REVISAR
@user @user ..LeFraud can NOT carry his team in dah 4th qtr!! We\u2019ve seen it time an again! He looks for Miller and Chalmers...etc! ,negative,positive,REVISAR
We have achieved rapprochement w Cuba under Obama.What does the future hold for US-Cuba relations w Fidel dead & US… ,neutral,negative,REVISAR
▓ ♡ ▓ #Deutsch ▓ ♡ ▓ BUCH <3 TIPP ▓ ♡ ▓ #German ▓ ♡ ▓  SEASON OF DESIRE - @user Momente des... ,positive,neutral,REVISAR
May aswell wear my new Batman tshirt and watch Nolan's trilogy tonight ,neutral,positive,REVISAR
Let's see what shitty movie Netflix has recommended for me to watch tonight. ,negative,positive,REVISAR
This #Sales #job might be a great fit for you: Prince George Career Open House: August 26th at 6 PM - #cibc #Hiring ,neutral,positive,REVISAR
@user a few speculating that the 3 had heat/power issues & 4th gen resolves this. But I have heard nothing around these probs on iPad3 ,negative,neutral,REVISAR
@user vs. BYU tonight for 1st place in #WCC. It's on @user at 7pm #gotoreros @user @user ^RB ,neutral,positive,REVISAR
Phinsider Week 8 Picks: Thursday Night Football continues tonight with the Tampa Bay Buccaneers facing the Minne... ,neutral,positive,REVISAR
"@user I've read them all. I say ""read"", I mean ""watched the BBC version"". I say ""watched"", I mean ""sat in same room as wife watching"" ",positive,negative,REVISAR
Had to cut the Mohawk off gotta look grown for tomorrow night at Club Pulse ,neutral,positive,REVISAR
ha david blaine? more like david plain ,negative,neutral,REVISAR
#Documentaries: BBC Documentary North Korea and Kim Jong Un (2016) | ,neutral,negative,REVISAR
#FootballAsAKid Every day at school\u002c Saturday & Sunday morning for local teams\u002c saturday afternoon going to watch Chelsea ,neutral,positive,REVISAR
Why does this horse have the same look of fear in its eye when next to Marine Le Pen as Romney did when next to Tru… ,neutral,negative,REVISAR
"""#meet the press If its Sunday;""""Its Chuck gets screwed by Carly Fiorina"""""" ",neutral,positive,REVISAR
"""Watching Michael Ball's performance of Empty Chairs At Empty Tables in the 10th anniv, and hit with SUDDEN EXTREME FEELS OGOD PERFECTION"" ",positive,neutral,REVISAR
the 4th great ninja war in naruto is 11 hours long. later guys ,neutral,positive,REVISAR
Happy Thanksgiving to all the bad hombres and nasty women. ,negative,positive,REVISAR
I really don't care. Final is on Tuesday and I'm watching westworld oops ,positive,neutral,REVISAR
Just noticed that the music for Bittersweet Symphony is credited to Mick Jagger and Keith Richards. Find out why and you may dislike them. ,negative,neutral,REVISAR
I just bought: 'Danny Elfman &amp; Tim Burton 25th Anniversary Music Box' by Tim Burton via @user ,neutral,positive,REVISAR
"Asked if he reads the NYT,Trump said “I do read it.Unfortunately.I’d live abt 20 yrs longer if I didn’t.” “Got ur paper,sir!”said Mike Pence ",neutral,negative,REVISAR
I hope Paul Dunne blows up tomorrow only because UAB beats us in the tourney... #stillnotoverit ,negative,positive,REVISAR
"""Harris, or three others by others, lost in love; it became gradually her that brother's Wednesday, and cried Justin Bieber,"" ",neutral,positive,REVISAR
How it's already Wednesday when it was Labor Day like yesterday tf Bruh life needs to chill. ,neutral,positive,REVISAR
when Gucci 1st got out of jail after the poolstick incident I said lets do a tape. he declined due to the album he was working on. ,negative,neutral,REVISAR
"Jay-Z: Can I get a Fuck You? Jay-Z's Dad: I don't know, CAN you? Jay-Z: MAY I get a Fuck You? Jay-Z's Dad: No, it's supper time. Go wash up. ",neutral,negative,REVISAR
Steve Emerson interview on shameful US response to Islamist Riots on Sun TV :: IPT in the News :: The Investigat... via ,negative,neutral,REVISAR
Amazon Prime Day: Thirteen Days in September: The Dramatic Story of the Struggle for Peace:  ,neutral,positive,REVISAR
Beyonce is 33 and jay-z is 45. So i ain't even stressing anymore. Bae is probably chilling in the 5th grade playing freeze tag. ,neutral,positive,REVISAR
"""Up to 1000 soldiers sealed off the Andersonstown area, Belfast and searched for IRA suspects and weapons;4 Nov 1971 ",negative,neutral,REVISAR
I want to go to the SMB tomorrow but worried i will oversleep :/ been sleeping through my alarm ,negative,neutral,REVISAR
"""Kane to get injured on international duty this weekend, Adebayor to make a miraculous comeback to fire Spurs to 4th #LevyMasterplan"" ",neutral,positive,REVISAR
"During his interview w/ Sarah Palin, Jeb Bush said he received A MILLION e-mails as governor.   ",neutral,negative,REVISAR
"""Katy isd really sent out an email on Friday saying it was okay for kids and teachers to dress up for """"Star Wars day"""""" ",neutral,positive,REVISAR
"""POP Bottles make Luv (THUG Passion) RED Bottoms , Mon Clare (High Fashion)"" ",positive,neutral,REVISAR
@user   Yeah bro but it's warning shot. You can't go all in on the 1st track. Jay-z made that mistake and Nas FINISHED him. ,neutral,positive,REVISAR
Don\u2019t flirt with disaster! Get you tickets quick for MOLLY HATCHET at UNDERWORLD - 1 Dec ,neutral,negative,REVISAR
"""Will make 120pcs of cakepops and 100pcs of chocolate lollies tomorrow, Aja! :)"" ",positive,neutral,REVISAR
David Blaine's Best Color Change Revealed: via @user ,neutral,positive,REVISAR
Oomf today thought he can talk to me on some other shit wait til tomorrow lol ,neutral,negative,REVISAR
Bradley Wiggins with a ITT fitting a Maillot Jaune. British 1-2 for the stage. Also a Team Sky 1-2. Spartacus in 3rd. ,neutral,positive,REVISAR
Rooting the AT&amp;T and Verizon versions of the Galaxy Note 5 and S6 Edge+ may completely shut down your device. ,neutral,positive,REVISAR
"@user Risers will help for sure I think, just got a couple sets from Amazon Prime due tomorrow to see if I like them or go elsewhere ",positive,neutral,REVISAR
May God give us the strength to defeat Boko Haram collectively and soon. Amen! ,neutral,negative,REVISAR
Yesterday: #NationalFastFoodDayToday: #NationalTakeaHikeDayCoincidence? I think not.... ,neutral,negative,REVISAR
why is there an episode of phineas and ferb w hetero robots ,neutral,negative,REVISAR
"@user ur not wrong but think what would happen to Muslims in the west if turkey, Algeria etc invaded Europe tomorrow"" ",neutral,negative,REVISAR
"""Steve Bannon and Identity Politics""  #law+ policy #feedly ",neutral,negative,REVISAR
"@user Hi Jamie. The only Twilight date left is January 1st. If you wish to visit on another day, you will need to buy a day ticket."" ",neutral,positive,REVISAR
Happy Tuesday. Your batting average is no worse than that of Jose Iglesias. Hopefully that gets you through the day. ,positive,negative,REVISAR
@user @user @user Keep yr eyes open for Incursion. It may not be Spartacus\u002c but it\u2019s going to be out of this world :-) ,positive,negative,REVISAR
@user @user @user Please read the article about Steve Bannon and his adoration of sarah palin on the @user ,positive,negative,REVISAR
@user Author may just be answering sarcastically &amp; implying that Mikasa doesn't like the other femmes. So he just answered Armin. Maybe ,neutral,negative,REVISAR
What's tomorrow?that's right the day my boys Jack and Jack release Calibraska and we're all gonna die because we're not ready ,neutral,positive,REVISAR
"""BJP accuses Rahul Gandhi of double standards: Under attack over the issue of intolerance, BJP on Monday hit ba... ",negative,neutral,REVISAR
"""I may be in the minority, but I think Kenny Lofton may have been wronged by The Hardline. Decide for yourself. ",negative,neutral,REVISAR
@user Great! Now support an end to fracking. ,neutral,positive,REVISAR
Sitting at home on a Saturday night watching Magic Mike XXL in bed with my dog and a pizza box wondering why I'm still single. ,neutral,positive,REVISAR
"Yeah, and I for one am already fed up with Trump, and his cabinet! ",negative,neutral,REVISAR
this girl who literally bullied me since 7th grade bc i liked kpop is now into it too Man zfFuck u ,negative,positive,REVISAR
I'm sure they'll be happy to meet with you for being associated with #Hamas & #Hezbollah - Two U.S listed Islamic t… ,neutral,positive,REVISAR
@user @user Mow do u care about wins? Or Improving Tony Romo's stats even if it's 8-8 n a playoff lost. ,neutral,negative,REVISAR
@user @user @user @user That's confidential and privileged information sir. No matter how great the sex may or may not be. ,neutral,negative,REVISAR
It is scary that Kris Bryant is the 4th best hitter on the cubs.. ,negative,positive,REVISAR
RUSHERS! DO U WANT BTR on PCAs? OCTOBER 27 TWEET/RT #BTRonPCAs! Time: 3-6 PST/6-9 EST #Time4Change Let's get BTR nominated! BTR deserves it! ,positive,neutral,REVISAR
"""I really just tweet on Wednesday ,Thursday and Sunday because of Big Brother but other then that I don't tweet now."" ",positive,negative,REVISAR
"""Invited @user on a date with me tomorrow afternoon to watch Paper Towns (still haven't watched it). Jeff: uh, lemme think about it"" ",neutral,positive,REVISAR
@user @user Suspect all those blocking euthanasia debate in Parl. also. No representation of our lives by them. ,neutral,negative,REVISAR
listening to Springsteen's Nebraska album while driving through... well you can guess. @user wishes. playing Lincoln tonight! 6PM ,neutral,positive,REVISAR
Ice Cube can help with the Straight Outta Compton movie but can't even make the last Friday movie.... Bruhhh ,negative,neutral,REVISAR
#GilmoreGirlsTop4 4) Emily 3) Luke 2) Richard 1) Paul Anka ,positive,neutral,REVISAR
"@user @user """"I have just one question... Are you ready?""""  """"Ready for what?""""  """"FOR THIS SUNDAY NIGHT AS CHAMP JOHN CENA.."""""" ",positive,neutral,REVISAR
Nirvana was scheduled to headline Lollapalooza in 1994 but dropped out on April 7th. Kurt Cobain's dead body was found the next day. ,negative,neutral,REVISAR
"""Love, Joy, Feminism Women Over There Have It Worse!: As some of you may know, Bill Maher ... via @user ",neutral,positive,REVISAR
@user we want you to milan tomorrow !!! ,neutral,positive,REVISAR
@user @user lolHillary cost the dems the election ,neutral,negative,REVISAR
"""Well it's been 13 years since 9/11, the day all our 1st responders rushed into action and got all the Saudis out of the country Bill Maher"" ",neutral,negative,REVISAR
...off to Milan...c ya on the 19th of August in Novi Sad with Silicon Soul and Fakir!!! ,neutral,negative,REVISAR
"""Saving Face by Daniel Junge and Sharmeen Obaid-Chinoy:Oscar winner at the 84thBest Documentary (Short Subject):Wed, 26 Sept-Erasmus, 19:30"" ",neutral,positive,REVISAR
If the weeknd doesn't clear up the rumors about him disliking black women tomorrow I might have to pull a kayne on him then pull a Nicki ,negative,neutral,REVISAR
Shawn will be attending the VMAS tomorrow! #confirmed ,positive,neutral,REVISAR
2nd Day Eid with @user at Swati House Abbottabad great time with Khan Sb thank u so much Sir for your time. ,neutral,positive,REVISAR
bought tix for sat\u2019s nets game b4 prices jumpd and @user allowd seller to reneg w/o proof the tix arent available #POORCUSTOMERSERVICE ,negative,neutral,REVISAR
i just found a dennis rodman/kim jong un fanfic on my old phone. WHAT AM I ,neutral,negative,REVISAR
The two concepts 1. Clinton blew her election; 2. Comey cost Clinton the election are not contradictory at all. Why… ,neutral,negative,REVISAR
@user navy it is so! Kerry is Wed-Fri. I'll be sending an SOS have no fear ;@) ,positive,negative,REVISAR
Watching Sharknado with Kaden. This is the 2nd one I guess... surprising. ,positive,neutral,REVISAR
@user @user We must keep working to make it happen tho. If Twitter/FB existed during Kerry he may have won! MySpace failed. ,neutral,negative,REVISAR
@user have you heard Black Friday by Kendrick Lamar &amp; j.Cole ?? ,neutral,positive,REVISAR
Grandparents Day at Providence is tomorrow! Check out the hand-made doilies our Girl Scouts made: ,neutral,positive,REVISAR
I've always been slow at reading books. Currently trying to power through the rest of Paper Towns as I'm seeing the film tomorrow ,neutral,positive,REVISAR
Roosh is smarter & has more integrity & bigger balls than all of the Alt-Light and a lot of Alt-Rightists. ,positive,negative,REVISAR
Fierce fighting erupts between Chadian army and Boko Haram: Heavy fighting pitted the Chadian army on Monday a... ,negative,neutral,REVISAR
Red Band End Of Watch Trailer Arrives: Gyllenhaal and Pena vs. the world Back in early May\u002c the green band theat... ,neutral,positive,REVISAR
Beyond the headlines #mannequinchallenge was a must! #policystudy #policysteady #BTH ,positive,neutral,REVISAR
"""So when I'm in your neighborhood, you better duck. Cause Ice Cube is crazy as a family sitcom. #StraightOuttaCompton ",neutral,positive,REVISAR
"I will never refer to the 24th st park as Bob Marley ""one love"" park ",neutral,positive,REVISAR
This #blackfriday #CyberMonday everything 20% off! #TheWalkingDead #homealone & more #giftsforhim #giftsforgeeks… ,neutral,positive,REVISAR
Oh god\u002c I want Bioshock Infinite right now. February is far\u002c far too long to wait. ,positive,negative,REVISAR
So this was our Saturday : Fear the Walking Date. Couple of Dunkin's and a new zombie show. Party hard. ,positive,neutral,REVISAR
@user I\u2019m going down to the united game on Sat then staying down there\u002c so I ain\u2019t gonna be out man #immissinout #haveatrebelforme ,neutral,negative,REVISAR
"we may be poor...but cuddling with my kitten in bed w/ wine, chicken wings &amp; tacos to candle light and Netflix isn't the worst... #netflix ",positive,negative,REVISAR
@user Yeah that's what I heard. Big Call of Duty player and all of the new maps come out for PS4 first so may move across. ,neutral,positive,REVISAR
#maybehisfoundation can pay his legal fees🙄🙄 #AuditTheVote #StillWithHer Donald Trump and the Lawsuit Presidency ,neutral,negative,REVISAR
"The city of Spokane, Washington, may not be well known, but they are one of the first cities to file a lawsuit against Monsanto for ",neutral,negative,REVISAR
We should support this brave people of our nation in #Syria @user @user @user ,positive,negative,REVISAR
It's funny to watch the news stations try to figure Donald Trump out when he is putting his cabinet togetherSo funny ,neutral,negative,REVISAR
"Like legit though, if it was running OS X, it would be a sick product. But since it's running IOS you may as well get a retina 13"" ",positive,negative,REVISAR
More Dems voted @user than Repubs. It's courtesy of the Electoral College and state Repub voter suppression that we have💩 Trump. ,neutral,negative,REVISAR
"AUKEY Car Charger with Quick Charge 3.0 for LG G5, Samsung Galaxy S7/S6/Edge, Note 7/5/4 ",neutral,positive,REVISAR
This year just keeps getting more unreal every week!  #whatishappening #LinuxFoundation #microsoft ,neutral,positive,REVISAR
"My Iowa people, who is going to Eric Church on Friday at the Jones County Fair??? ",neutral,positive,REVISAR
@user @user @user @user I'm sure it's Coach K's fault 🤔 ,negative,neutral,REVISAR
@user Rousey over Floyd everyday of the week and twice on Sunday. #BestFight ,positive,neutral,REVISAR
i got 2 classes then im off going back to Greensboro. im heading to NY tomorrow ,neutral,positive,REVISAR
IEBC is ready for 4th march elections\u002c the electoral body should not be used as an excuse to delay polls says Chairman. ,negative,neutral,REVISAR
"@user Yeah, keeps my mind off of not having any Hedley dates to look forward to. Although my last day is December 11th at work."" ",neutral,positive,REVISAR
I wish my old phone still worked bc it has videos on it from my 1st Shawn concert &amp;all u can hear is me screaming &amp; crying in the background ,neutral,positive,REVISAR
@user  Saudi Arabia &amp; Many other Foreign countries may want to debate ya on that one! Lol ,neutral,negative,REVISAR
"""I gotta say, Rubio sounds about as """"presidential"""" as any of them. He's a close 2nd to Scott Walker in my book. ",neutral,negative,REVISAR
@user I've watched it twice & haven't spotted Bircham's blue hair spray 😱 3rd time for me now #MannequinChallenge ,neutral,positive,REVISAR
Do you fancy coming on a tour of the BBC at MediaCityUK? There's availability on 15 September - ,positive,neutral,REVISAR
Friday Night lights:   West Liberty 21 Mediapolis 56  Pulling for you Comets! ,positive,neutral,REVISAR
@user glad I read to the end to see Grayson Allen shit on ,negative,positive,REVISAR
Can\u2019t believe I may have seen the play of the year in the preseason! Jeremy Evans just put Turiaf in his place! #SlamDunkChampion #ScTopTen ,positive,negative,REVISAR
@user They'd look kinda cute together and atleast she's not a racist nazi so that's an upgrade ,positive,negative,REVISAR
"@user U may be right in the end, but it takes 4 wins to wrap up a 7-game series. If Cards can rough up Kershaw twice, Bum can be too."" ",neutral,positive,REVISAR
"""Thur's day? Doesn't sound like the God it was named for. Let's try, Thor's day."" ",negative,positive,REVISAR
The Not-So-Secret Secret Life Of Fidel Castro - ,neutral,negative,REVISAR
"Leaked iPhone 6s parts show stronger, thicker case (bid adieu to Bendgate), may be using the same aluminum alloy as Apple Watch. ",positive,neutral,REVISAR
@user Only you can answer before I try! There\u2019s on WP8 a way to call 3rd p. apps? Like Intents on Android. I wanna switch to WP! ,positive,neutral,REVISAR
That was David Wright's 3rd home run of the season! ,positive,neutral,REVISAR
Angela Merkel is a true leader . She has to tell a 14yr girl she cant have everyone stay in Germany ,positive,negative,REVISAR
"""Thinking about work tomorrow makes me wanna puke haha, but at least I work with briana"" ",neutral,positive,REVISAR
@user I just don't believe the Sun bc louis and Zayn said not to so I'm not believing anything until they confirm it ,neutral,negative,REVISAR
Arroyo: OK with Duterte if I oppose death penalty reimposition | News | GMA News Online via @user ,negative,neutral,REVISAR
@user that\u2019s true but until its all decided that\u2019s who @user is going with. Danny Care would be 2nd choice right now. ,neutral,negative,REVISAR
Jungle Island makes good on $2 million payment: Jungle Island made good Wednesday on its promise to the Miami Ci... ,neutral,positive,REVISAR
Retweeted TheMuslimLawyer (@faisalkutty):White nationalists see advocate in Steve Bannon who will hold Trump to... ,neutral,negative,REVISAR
Paul Dunne would Miss out on a $1.8 Million dollar payday if he wins tomorrow. He is an Amateur. ,neutral,positive,REVISAR
"""I'm just sat in my room listening to Big Brother downstairs. Not doing anything really, just listening to the telly. What is life."" ",neutral,negative,REVISAR
Ugh\u002c the Cotton Bowl last Sat was almost better than today. Almost. (@ Hewlett Packard (TXN04)) ,positive,negative,REVISAR
"""Thur. Kick: Tebow's new girlfriend, Mario Williams didn't want to leave HOU, more legal troubles for D. Bryant ",negative,neutral,REVISAR
#TrumpTrain Donald Trump #iPhone Case #TRUMPTRAIN #LOVE 4  #tpp #2a #optrump ,neutral,positive,REVISAR
"Everytime I watch the 4th Harry Potter, a part of me still thinks that maybe Cedric will return to the port-key... But he never does *cries* ",negative,neutral,REVISAR
Cat in the Hat Valentines Fabric -- Last Piece -- 40-70% off Listings throughout our  by altcollect #offer ,positive,neutral,REVISAR
BATMAN the KILLING JOKE 1st Print CGC 9.8 NM+ 1988 MOORE BOLLAND FIRST PRINT ,positive,neutral,REVISAR
Happy Friday: A health worker who may have had contact with Ebola is on a frigging cruise ship ,negative,positive,REVISAR
"""After Arsenal sell Song to Barcelona we may as well sell Vermalen,give Szczesny away on a free and make sure our complete spine has gone."" ",negative,positive,REVISAR
"The mobile game ""Snake"" may end up being the most lucrative part of Microsoft's Nokia purchase. ",positive,negative,REVISAR
Shawn probably rted Obama hoping if he showed his American love he wouldn't have to do school work tomorrow ,neutral,negative,REVISAR
"@user Hilarious. Give the doping convictions, the '99 Maillot Jaune devolves to the kid to who was 17th at the '99 Tour l'Avenir"" ",negative,neutral,REVISAR
ye I was standing on the same concrete as Lionel Messi and Cesc Fabregas on Saturday ye ye ye ,positive,neutral,REVISAR
The verse of Kendrick Lamar on Black Friday.. Listen to that shit with a notebook ,negative,positive,REVISAR
"""Real Madrid get better of De Gea saga, Barca goalies also under pressure: While transfer deadline day may have... ",neutral,positive,REVISAR
Benefit at the Rosedale firehouse for my trip to Texas is on Friday 4-7! $7 for hearty meal and dessert! There will be a silent auction also ,neutral,positive,REVISAR
"""If McGregor and Rousey are scheduled on December 5 in Dallas, I will be there even if it's just by myself."" ",positive,neutral,REVISAR
Cate Blanchett proved that you don't have to wear a gown to look elegant on the red carpet ,positive,neutral,REVISAR
By missing #NationalFastFoodDay yesterday I celebrated eating @user twice today #goals #noshame ,neutral,positive,REVISAR
It's our undergraduate open day tomorrow! Come and see everything DMU and the Faculty of Tech have to offer. More info: ,neutral,positive,REVISAR
Another day of ISS tomorrow. It won\u2019t even that bad. ,positive,negative,REVISAR
Who wants to see Maya Rudolph sing Prince with my Thursday night ,neutral,positive,REVISAR
"Hillary ClintonDedicated her life tochildren, families, women, USA!We owe her a debt of #gratitude #respect!… ",positive,negative,REVISAR
"""I guess with DJ it's a Sunday thing and not a final round thing, and Paul Dunne? Are you kidding me? #OpenChampionship"" ",negative,neutral,REVISAR
"@user Rahul Gandhi is doing a march to airport to welcome the new tolerant,friendly and peaceful face of Congress Mr. Khurshid."" ",positive,neutral,REVISAR
"""Amazing!! 10,000 people in attendance at the Religious Freedom Rally at the KY State Capitol! May we stand as Christians for America!!"" ",positive,neutral,REVISAR
I'll see all you band kids at dunkin tomorrow morning #yourlifesucks #mylifesucks #buymecoffeetoo ,negative,positive,REVISAR
Okay so my fam is going to Queen Mary tomorrow i'm really scared of hunted houses and this is a big o hunted... ,negative,positive,REVISAR
played Wednesday\u002c outclassed a premier league team tonight by the sounds of it! #SWFC #OperationPTL ,positive,neutral,REVISAR
@user I'm waiting for Monday. Even the John Cena match was flawed ,neutral,positive,REVISAR
It would have been cool if Ice Cube was staring out of the window at his neighbor when they showed him writing Friday. #HeyMissParker ,positive,negative,REVISAR
@user Curtis Good isn't good enough for the Scottish 2nd Division mate - another terrible buy to go with all of the rest. ,negative,positive,REVISAR
@user Picked up the new Moto G (2015 3rd Gen) at my local US Cellular store this weekend. ,neutral,positive,REVISAR
I won't be able to watch one direction at the apple music on the 22nd because of the sam smith concert and some things at school I'm sad ,negative,positive,REVISAR
"Is #Ukraine headed for another revolution? #Saakashvili who resigned the Kiev govt because of corruption, thinks yes ",neutral,negative,REVISAR
"@user @user her attack onTRUMP for""locker room""talk yet she takes sexy pictures she's a hypocrite What… ",negative,neutral,REVISAR
@user @user - David blaine and nathan fielder would be whining abt ralph nader lol ,negative,neutral,REVISAR
"Ya Allah,Please Help the muslims of #Iraq #Syria#Gaza#Yemen #Burma#KashmirPlease don't scroll down without sa… ",positive,negative,REVISAR
OMG ! \u2019Orphan\u2019 is going to be watched in Tv5 tomorrow after \u2019The Amazayn Race Philippines\u2019.. GET READY MONDAY\u002c IMMA COMING ^___^ ,neutral,positive,REVISAR
"@user How is it one can get video of Fidel Castro's funeral on but not video of ""Bucs Bonus?"" #PewterPartner ",neutral,negative,REVISAR
"Sarah Palin joining Donald Trump &amp; Ted Cruz at big rally in D.C. tomorrow, 1:00 PM at the Capitol, to protest Obama's insane Iran nuke deal! ",positive,negative,REVISAR
@user Over here regular cabs ask how much you want to pay them 😏 has to be #uber all the time 👌🙏 ,neutral,negative,REVISAR
Confusion clouds Saudi Arabia's anti-ISIL coalition: Some key members of the 34-nation anti-ISIL coalition ann... ,neutral,negative,REVISAR
@user  @user @user was not the case.  In fact 1st (&amp; greatest spread) of Islam had no forced conversions. ,neutral,negative,REVISAR
trying to think what I'm gonna do when I see Paul McCartney on Friday and so far it's either cry or faint or both ,positive,neutral,REVISAR
Don't run away when David Blaine does magic. He just wants to be your friend! ,positive,negative,REVISAR
"""Rousey calls the Jan. 2 fight """"my biggest challenge to date."""" She's not worried about losing, though: """"I can take... ",neutral,negative,REVISAR
Goodnight! I have an audition for Honors Band and PSSAs tomorrow. It's the Pennsylvania State Standard Assessment Test. AAHHH!!!! ,positive,neutral,REVISAR
"All plots to kill Hitler came from Rightists: von Stauffenberg, Rommel... ",neutral,negative,REVISAR
Football update    7pm Scrimmage game v JCM Tuesday night at USJ.   Rumor has it that Chuck Norris and Hulk Hogan will fight at halftime. ,positive,neutral,REVISAR
"As a fellow fatty, here's why I support Kim Jong-un banning all references to ""Kim Fatty the Third""… ",neutral,negative,REVISAR
"@user You can resort to the old Madonna hit ""Holiday!.....Calibrate!""if need be. That may have pre-dated you, however. ",positive,neutral,REVISAR
"""*singing in my Beyonce voice* I may be young, but I'm ready...to give you all my love"" ",neutral,positive,REVISAR
@user im not watching no more to watch meg and James be bullyed canceling feeds Friday I'm done with big brother ,negative,neutral,REVISAR
The latest Daily Insights on Ancestral Health from @user Thanks to @user #uniteblue ,neutral,positive,REVISAR
"Every male celeb under the sun: Please Stop doing underwear adverts! No one cares! You're just some random, not David Beckham! ",neutral,negative,REVISAR
Tomorrow Tom Brady takes the field... and this scandal has awakened a dormant giant. I think Tom was gonna take it easy on the league and.. ,neutral,positive,REVISAR
Let's see Palin in the Cabinet!-->Exclusive -- Sarah Palin on Her Political Future via @user ,positive,neutral,REVISAR
I want to play apples to apples at a Halloween party tomorrow. ,positive,neutral,REVISAR
Like this chavvy girl sat on the opposite end of the bus arguing on her Nokia ,positive,negative,REVISAR
"""The raw beauty of Ghosts of the Great Highway and April is so much better than """"Milk, a dozen eggs, cat food/ I saw Nirvana on TV in 1992"""""" ",neutral,positive,REVISAR
Sign of the times? BBC News - Encyclopaedia Britannica ends its famous print edition ,negative,neutral,REVISAR
@user  can you play wah wah or bware of darkeness by george harrison tomorrow please :) ,positive,neutral,REVISAR
"We may have just reached peak Sisi - ""Egyptian state TV uses the Game of Thrones song to show off the new Suez Canal"" ",neutral,positive,REVISAR
"Rick Perry may be able to pay his staffers again, but he's still propped up by super PAC billionaires. ",neutral,negative,REVISAR
"""Spending a rainy Saturday afternoon in the shops kitchen making a new Crumbly Vanilla Fudge, rain like in Tennis can effect play."" ",neutral,positive,REVISAR
Lol Justin verlander on the drums for lions halftime show ,positive,neutral,REVISAR
"Tomorrow's the $1.00 short pancake at IHOP and I gotta be there at 7am, kms ",neutral,positive,REVISAR
"""Which part? """"""""@LadyK_B: seriously? """"""""@Temzylicious: Glad to know my gala isnt on the 5th....but sucks to hear its going to be in denominations"" ",negative,positive,REVISAR
@user If Cundiff is still the kicker come Sunday I\u2019m starting a riot. ,negative,neutral,REVISAR
@user they can build a wall on the Mexican border but they can never build a wall around your heart. haha. ,neutral,negative,REVISAR
Our Yoga for Veterans Class tonight has been cancelled but we hope to resume next Tuesday night! Interested in... ,neutral,positive,REVISAR
"""Okay if Justin, Nicki, Demi, the weekend and zayn are performing I'ma have to have a 36 inch sew in tomorrow cuz my weave coming out 2night"" ",positive,neutral,REVISAR
The #REAL effect of #FAKEnews on the rabid right! #brexithttps://t.co/Lm0vjiKlrj ,negative,neutral,REVISAR
people inviting me to do stuff tomorrow... do they not realise it's STAR WARS DAY #StarWars #TheForceAwakens #Ilovethesehashtagemojis ,neutral,negative,REVISAR
@user Do you know ?they may not but we\u2019re so fond of all the countries . Uh\u002chappy Republic Day . ,positive,negative,REVISAR
"""Seth Rollins' 1st Superstar to hold both World+US Title, but will he be the 1st to retain both titles in the same night?? #NightOfChampions"" ",positive,neutral,REVISAR
@user why Iran pursuing nuclear? They sit on 4th largest oil reserve in world. Has all the power it needs. Unless its just about the bomb ,neutral,negative,REVISAR
The #Future of #Fashion Is 3D Printing Clothes at Home via @user ,positive,neutral,REVISAR
@user @user Just saw you do the Sun. ev news  Great job.  Sad to hear about Frank Gifford..Sure Kathy Lee is devastated. ,neutral,positive,REVISAR
I sure hope the skate center plays decent music tomorrow @user ,neutral,positive,REVISAR
May get fired for sneaking into Sam Smith's dressing room tonight to ask him if he'll sing at my funeral but it'll be worth it. Stay tuned. ,neutral,positive,REVISAR
When Kanye West told George Bush that Black Lives Matter...As much as I may not like him. It was the TRUTH!  ,neutral,negative,REVISAR
If anyone wants to buy Kendrick Lamar tickets for the 19th and 20th of December let me know!!!!!!!!! ,positive,neutral,REVISAR
"Massive voter suppression coming, I believe it! I hope GOP goes big and we can bring in the #TYT calvary! @user @user ",neutral,negative,REVISAR
"@user always loved you as a player.  As an analyst, not so much.  Watch Saturday to see if Ole Miss is winning with talent or emotion"" ",neutral,positive,REVISAR
"""I just sat here explaining to meme how hungry I was and then she looked at me and drove past Dunkin, smiling."" ",positive,neutral,REVISAR
@user Our Country with @user 's Presidency needs New Laws. One of them: Automatic Death Penalty for anyone Murdering our COPS! ,neutral,negative,REVISAR
@user @user -__- shid i may not be able 2 take screenshots of it but everybody @user me. Peyton Siva kik'd me this morn #NoLie ,negative,neutral,REVISAR
"@user agreed, but @user will be better prepared for that come Jan 2.    the real key to beating Rousey is to outpoint her"" ",neutral,positive,REVISAR
Thursday night spent feeling sad n listening to Sam smith lol the usual xox ,neutral,positive,REVISAR
@user @user ahhh girls if I was not going to Dubai on Wed I would take u ladies !! Hope u can come visit me in land of sand x ,neutral,negative,REVISAR
Local concert promoters C3 Presents may be sold. Could this be the last truly AUSTIN City Limits Festival? ,negative,positive,REVISAR
"Bankruptcy of wisdom promotes leftists media to ask opinion of Greece about economics,the country bailed out by Ger… ",neutral,negative,REVISAR
@user @user if our squad is more expensive that Juventus and Bayern and still placing 6th maybe the Committee needs to go now.. ,neutral,negative,REVISAR
@user he is one of the 1st names on Mancini\u2019s team sheet and he was one of the 1st names on capello\u2019s team sheet and that says it all ,positive,negative,REVISAR
"Propaganda #AQAP #INFOGRAPHIC 13 vehicles Destroyed 10 Land Cruisers,2 Armored,1Ford #aden #yemen ",neutral,negative,REVISAR
#bilet speech from Putin. ,neutral,negative,REVISAR
I may have just dropped two letter grades of intelligence after listening to that Kanye West rant... ,negative,neutral,REVISAR
"""You may argued that the two Milan clubs have lost their lustre especially Inter having a single Coppa Italia to their name, says a lot"" ",neutral,negative,REVISAR
@user haha well you can't get me lost. I gotta be back in Oklahoma before Monday morning. ,negative,positive,REVISAR
"""RT @user @user I'm going to the Arsenal ladies v Everton tonight, I'm nervous already. #FAWSL"" ",negative,neutral,REVISAR
"Rick Perry the 1st time he ran said if we were against $ for illegals we had no heart, he is a blowhard,don't forget ",neutral,negative,REVISAR
Only sanctions can change Israeli policy | Letters #gaza #palestine #israel #BDS ,neutral,negative,REVISAR
@user I saw the drummer from Frankie and the Heartstrings in town on Saturday. ,neutral,positive,REVISAR
Dublin go onto play Kerry in the All Ireland Football Final on Sept 20th ,neutral,positive,REVISAR
Check out our live coverage of the Apple event here. ,positive,neutral,REVISAR
This may come as a shock to you but ..  Georgia is actually John Cena #illuminaticonfirmed ,neutral,positive,REVISAR
Zombies Devour VMAs on MTV as 'Fear the Walking Dead' Returns Strong: Kanye West may have sucked all the air o... ,negative,neutral,REVISAR
Wrapping up our Tuesday we have a Robin lead....  Bee Gees with Saved By The Bell ,positive,neutral,REVISAR
Milan dropping points against sides in the relegation zone if we had those points we would be top 5 *cries in 8th place* ,negative,neutral,REVISAR
"@user I'm not saying they will, but they can; also: will of the ppl? HRC is winning popular vote by 2 mill, so ... 😉 ",neutral,negative,REVISAR
Tampa Teen Beaten by Israelis to Speak with UN #jerusalem #palestine #israel #BDS #gaza ,negative,neutral,REVISAR
@user Its 4th day of Eid here in KPK and all around the Muslim world. ,neutral,positive,REVISAR
Rated R > LOUD > Talk that talk and Good Girl gone bad > Music of the sun > A girl like me ,neutral,positive,REVISAR
I am Allah : The Filip Lenaerts may go to paradise nirvana and that it is the truth. here and now Semper Fidelis. ,neutral,positive,REVISAR
@user I\u2019m taking it easy since I\u2019ll fly to Cupertino on Sunday. ,positive,neutral,REVISAR
Want to win tix to see Ben Sollee for tomorrow night at the Peel? Email Sadie@981theriver.com for you shot at tix. ,neutral,positive,REVISAR
Watch Kim Kardashian Support Kanye West While He Auditions for 'American Idol': Kanye West may be one of the m... ,neutral,negative,REVISAR
@user Lol speak of the devil did you hear about RIM? They apparently bumped Nokia put of 5th place :o ,neutral,negative,REVISAR
Floyd Mayweather may be greatest boxer in the world right now but Ronda Rousey is the greatest fighter in the world ,positive,neutral,REVISAR
WISCONSIN: Remember to Vote Tomorrow! Consider it Practice for Recalling Walker. Practice Makes Perfect. #WIunion #wirecall #p2 ,neutral,positive,REVISAR
Everybody's talking about Adele... Guys! NEW DAVID BOWIE TOMORROW! ,positive,neutral,REVISAR
"Bentley volleyball falls in home opener to Convent-SF. Tomorrow is a new day, keep improving. #gophoenix #ontherise #bentleyvolleyballl ",neutral,positive,REVISAR
Sophia Grace and Rosie look back at highlights from their long singing career (it\u2019s their 1st anniversary on... ,neutral,positive,REVISAR
The 1975 may as well just call it a David Bowie cover ,positive,neutral,REVISAR
Japan Issues Booklet to Prepare Citizens for Nuclear War With North Korea ,neutral,negative,REVISAR
"Kate Upton & Justin Verlander: To Hell with Cy Young,  It’s Vatican Time! | TMZ TV ",negative,neutral,REVISAR
I met Em and Blaine through Hannibal. I may have my issues with the show but I'm modest enough to respect that. ,neutral,positive,REVISAR
"""James: """"Why can't Big Brother just throw us a coup d'etat?"""" Meg: """"Seriously!"""" James: """"...and on Thursday we'll have the last laugh."""" #BB17"" ",neutral,negative,REVISAR
"Pride Parade - join the @user festivities this Sunday happening in the West End, from 12-3pm! ",positive,neutral,REVISAR
"Hell yes #TWDFamily @user The Official Magazine followed me and liked a few of my Drawings, honored… ",neutral,positive,REVISAR
I could have sat on Nicki's ass tonight ,positive,negative,REVISAR
Gonna watch Sharknado 3 tomorrow on demand so I don't have to watch the fucking commercials ,neutral,negative,REVISAR
School tomorrow is gonna be fired up HA! you got something to say bad about Nicki? Prepare your argument you're bout to get shut down ,neutral,negative,REVISAR
"""New Topic: Heavy metal, Thor, Viking cosplay considered """"racist"""": This may be better suited for the political ... ",negative,positive,REVISAR
"A couple of bad hombres. #CousinLovin @ East Hampton, New York ",negative,neutral,REVISAR
Really hoping Kendrick's next album has at least 10 tracks where he snaps like he did on his black friday freestyle ,positive,neutral,REVISAR
"@user @user aaron, if you take my Netflix and chill girl we are fighting tomorrow ",negative,positive,REVISAR
to watch Big Brother is the only reason why i wake up on a sunday ,positive,negative,REVISAR
#Aztecas #Maya #Indigenous Peruanos. Love it. #DAPL Shows What Happens When Indigenous Communities Unite- ,neutral,positive,REVISAR
@user He sits with a clear and clean soul at the apple garden in Heaven learning about the future of deep Grace with angels.. ,neutral,positive,REVISAR
#Westworld: a hot bowl of meh. ,negative,positive,REVISAR
"""Nice to see the neighbours rocking a bit of Dark Souls, seriously though if you invade my game I will cut you. ",neutral,positive,REVISAR
@user catching up on Sharknado tonight. Ready for tomorrow ,neutral,positive,REVISAR
My fam traditions in the @user #brownandproud #bad-hombres #thanksgiving ,neutral,negative,REVISAR
"@user just hoping, tomorrow in Indonesia  , GAY people will be accepted #amen"" ",positive,neutral,REVISAR
@user is that Ricky Martin? ,neutral,negative,REVISAR
@user What's with all the day matches tomorrow on Ashe?? No Murray or Halep? Can I change my tix? #usopen ,negative,neutral,REVISAR
"""#worstroadtripever Only had one cassette in the car, U2's The Unforgettable Fire, which is great until you get a headache the 13th time thru"" ",neutral,positive,REVISAR
Sarah Palin may be batshit crazy but I'd love to have a threesome with her &amp; Nikki Haley. #milf #cougar_town #LegsDay ,negative,positive,REVISAR
Learn how to make soup with Danny Elfman's recipe: ,neutral,positive,REVISAR
Contact electoral college. Not so hard to tweet a bunch of them. don't do more than 10 at a time so ur not locked. ,neutral,negative,REVISAR
"""damn RIP to my great uncle George Clayton Johnson. 86 years. he wrote the 1st episode of Star Trek, twilight zone episodes and Logan's Run"" ",neutral,positive,REVISAR
"""My Sun, Jonathan Major just called me from the Georgia Dome, the Miles College Band will be performing there... ",neutral,positive,REVISAR
"""Carlo Ancelotti: """"""""Iker Casillas will play tomorrow because Keylor Navas only arrived back to the team yesterday afternoon."""""""" #HalaMadrid"" ",neutral,positive,REVISAR
"MMA: Conor McGregor recovers from a number of takedowns, stuns Chad Mendes with big left hand late 2nd round ",neutral,positive,REVISAR
Ponting may make history fir Australian cricket: <p>&nbsp;</p><p>Ricky Ponting could break Steve Waugh&nbsp;s re... ,positive,negative,REVISAR
Kendrick Lamar goes in on Black Friday!!! It has been on repeat since it came out gah damn ,neutral,positive,REVISAR
I'm sorry to any Christians I may have offended but I'm an atheist &amp; if you have an issue with that just unfollow now #ThingsJesusNeverSaid ,neutral,negative,REVISAR
@user Elimination Diet starts tomorrow don\u2019t you mean ;) #lean #vegvegveg! ,positive,negative,REVISAR
"My parents want Ben Carson as Secretary of Ed, and I'm gonna lose my mind 🤗 ",neutral,negative,REVISAR
Centre suffering from \u2019policy paralysis\u2019\u002c alleges Jayalalithaa: Jayalalithaa on Tuesday charged the UPA governme... ,negative,neutral,REVISAR
"@user @user lol, yea I'll take a republican president for the rest of my life!!! Dems will never win again, Islam = terror ",neutral,negative,REVISAR
A solar eclipse is a sign that Chuck Norris won a staring contest against the sun... again. ,positive,neutral,REVISAR
No mention of miasms. #homeopathy ,neutral,negative,REVISAR
@user still haven't received my e-tickets. I better either get my tickets to the @user game or my money back. ,negative,positive,REVISAR
Jon Moss ref for Saturday. That's every 50 50 going in Arsenal's favour then ,positive,neutral,REVISAR
@user we may go see Amy Schumer at the Troc earlier that night ,neutral,positive,REVISAR
"""Talked bulletproof design among other cool topics with the MTA yesterday. No, seriously, bulletproof design."" ",positive,negative,REVISAR
"""Dear Italian Harmonizers: you'll at least be able to see the girls in Milan the 25th. Better than nothing, i guess."" ",neutral,positive,REVISAR
Just got him tickets to the Knicks vs Celtics game on October 20 Lmfao how mad would he be ? ,positive,neutral,REVISAR
@user Yeah with Miss May I too. It\u2019s on the 1st at Backstage Live ,neutral,positive,REVISAR
"""Grammy winner Sam Smith performing in concert starting in Perth Sat 28 Nov, then right around the country finishing in Brisbane Sat 12 Dec"" ",positive,neutral,REVISAR
@user we getting them tomorrow so just give to Lexus ,neutral,positive,REVISAR
@user is it true pumpkin is back tomorrow at Dunkin?! ,neutral,positive,REVISAR
@user why does the Sunday host assume Latinos don't like/know Bernie Sanders?  We do know and like Bernie S. claro que si ,neutral,negative,REVISAR
@user AAs being regulated to Feb I agree with you. Malcolm X being taught in 2nd grade I can go either way on. ,neutral,positive,REVISAR
"""But Miley, what IS good? I think Nicki needs an answer on her desk by tomorrow morning if you wanna keep ya scalp."" ",negative,positive,REVISAR
"""some well known names \""""may\"""" have been on the plane according to the Toronto Star ,,, Pavol Demitra, Josef Vacicek"" ",neutral,negative,REVISAR
New Story: Norfolk woman dies in crash: A woman from northeast Nebraska died Saturday morning when the car she w... ,negative,neutral,REVISAR
"@user @user @user Islam is a guide to which we should try to emulate, we r human and not perfect. Hearts may be in the"" ",positive,neutral,REVISAR
i guess its good to keep Brock Lesnar for the 3rd hour #keeppeoplewatching #RAW #WWE ,neutral,positive,REVISAR
@user  @user I haven\u2019t screamed that loud at the tv since Sun when the Pats kicked it across the pond. ,neutral,negative,REVISAR
Kinda wanna go to the Jason Aldean concert tomorrow ,positive,neutral,REVISAR
George Soros has a knack for manipulating outcomes:https://t.co/2uXHDUNanj ,negative,neutral,REVISAR
Nick Foles attended the same high school as Drew Brees and broke all his records. This Monday Foles will continue his dominance over Drew ,neutral,negative,REVISAR
Brock Lesnar and the Undertaker are both confirmed to be at RAW next Monday I am screaming ,positive,neutral,REVISAR
@user oh my ,neutral,positive,REVISAR
haven\u2019t watched TTOA with Eng Sub yet. gotta sleep now. gonna watch it tomorrow. (~O~)zZ Gud nite tlist. ,neutral,negative,REVISAR
My son got his 1st broken heart today. He found out the girl he had a crush on is supporting Bernie Sanders. Next! #truestory ,neutral,positive,REVISAR
#DescribeYourPhobia running into Caitlyn Jenner in the dark... or the light... or in the midday sun... or at all. I'm scared of ghouls ,negative,neutral,REVISAR
I want chris evans arms to kill me ,neutral,negative,REVISAR
"@user @user @user @user POC, women, people on Medicare or close to it like myself ",neutral,negative,REVISAR
Sorry I can't make it in to work tomorrow got caught in a SHARKNADO ,negative,positive,REVISAR
@user I\u2019m still shaking my head at that decision and that the Heat & Knick are actually playing tomorrow at MSG. ,negative,neutral,REVISAR
; A; impulsively bought a docking station for my laptop 'cause I needed one and amazon said it would arrive tomorrow if I ordered now ,positive,negative,REVISAR
"""Friday Night Lights are on the agenda, and pigskin of the pro kind, as well, as the Gazette's Jeff Linder... ",neutral,positive,REVISAR
"""Alright the Dark Souls stream is happening right now, 1st playthrough, tons of salt/anger ",neutral,positive,REVISAR
Thats like the 5th time the Texans hit the ball so Flacco can\u2019t throw it ,neutral,negative,REVISAR
Hanging of Yakub proves that @user may be a hero in reel life but in real life he is best to be ignored #YakubVerdict ,neutral,negative,REVISAR
some times on Friday I'm still compelled to song a little Rebecca Black. just 'cause. ,neutral,positive,REVISAR
@user will provide federal funds to have an agency like Blackwater be contracted to hire public school teachrs ,positive,neutral,REVISAR
@user Here's your story from today: Supporting the Lions continues to be super depressing for Detroiters. ,negative,positive,REVISAR
"""Kanye West,did you say this was your """"I want people to LIKE me"""" speech? You may need to work on that. Let's start with definition of """"like""""."" ",neutral,negative,REVISAR
"@user pagans named each day of the week after one of their gods, e.g.: Thor's day = Thursday. @user ",neutral,positive,REVISAR
"""Also, remember to have dinner at Maverik Center Monday with the grand openings of Little Italy and El Pasado Cantina in the arena."" ",neutral,positive,REVISAR
Kane wanted to let you all know that Friday is finally here! ,neutral,positive,REVISAR
Waiting for Newcastle to smash the Mackems with @user #DerbyDay in the sun! ,neutral,positive,REVISAR
I miss [Spoiler]. 😭 #thewalkingdead ,negative,positive,REVISAR
@user IT'S TIME FOR ME TO SELL MY ROBOTS ,neutral,positive,REVISAR
@user @user @user I want Zac Efron to play me. ,positive,neutral,REVISAR
"""you know when in Hat Yai, when there's no access security, there may be people knocking your door late at night offering 'services' $_$"" ",negative,neutral,REVISAR
Amazon's refusal to integrate nicely with the Android ecosystem may have been its undoing in the Fire phone market.  ,negative,neutral,REVISAR
@user @user @user @user More Guns Less Crime: Understanding Crime & Gun Control Laws ,neutral,negative,REVISAR
".@APHClarkson More realistic version: TRUMP: Putin is a great guy. POROSHENKO: I totally agree! TRUMP: That was a joke, dumb boy. ",positive,negative,REVISAR
"@user Hmmm,, I still wait for the news of Fairy Tail vol 34,, and for Naruto vol 70, it will release on September 2.. :/"" ",neutral,positive,REVISAR
Our history is so tentative about what really happened. Caren Stelson sets the stage for her book SACHIKO… ,neutral,positive,REVISAR
"""http://t.co/hxwH1eenRr Trump at it again, this time the target fellow candidate Carly Fiorina"" ",negative,positive,REVISAR
The little baby on the beach should be on the front page of every paper tomorrow but it won't be will it? Be some shite about Big Brother ,neutral,negative,REVISAR
"@user @user @user @user @user 🚨Romney is a Trump competitor, not Trumpworthy! ",neutral,negative,REVISAR
for the next video im gonna need some help from you guys.so...please tweet me some questions regarding animal rights and vegetarianism! ,positive,neutral,REVISAR
Got plans tonight?  Join us at AJ\u2019s on Poyntz for Thursday Night Live!  Jessica Furney will be playing 7-9 pm ,neutral,positive,REVISAR
"""On Monday my next blog post """"Smells like team spirit"""" will go live. Will it reach Nirvana? :)"" ",positive,neutral,REVISAR
World should appreciate incredible restraint Israel is showing in the face of repeated attacks against its citizens! ,neutral,negative,REVISAR
"Still looking for their first win, Arsenal face Portsmouth twice in a week, this evening at Highbury with the return fixture next Wednesday ",neutral,positive,REVISAR
Rest day for me. Lazy sunday. Looking at the weather here in Melaka\u002c I should just stay indoors. Hehehe :) ,positive,neutral,REVISAR
I'm a PDF convert. I shall seek the almighty Oracle for guidance. @user  ,positive,neutral,REVISAR
Nigga you can't make it with this TT! RT @user #NigeriaNewspaperHeadlines Terry G releases the 1st rock song in nigeria ---Apako ,negative,positive,REVISAR
"Did Justin ever just sat there and thought: ""oh...I'm really talented"" ",positive,negative,REVISAR
I have played through Mass Effect 3 16times and just started my 17th run only diffrence thia time is default femshep xD ,neutral,negative,REVISAR
"@user @user  As Carly Fiorina is gaining in recent polls, she should have a spot in 2nd GOP debate.  ",positive,neutral,REVISAR
Breaking nose: Amazon prime day is rescheduled to the 50th of winter solstice to return on black friday. #goodnews #amazonprimeday ,neutral,negative,REVISAR
#Entertainment #Buzz ZAC EFRON HANDSOME BEEFCAKE HUNK IN UNDERWEAR ON SET REAR CANDID PHOTOGRAPH… ,positive,neutral,REVISAR
my siblings went to the Chris Brown concert tonight I'm already mad I didn't go plus August Alsina showed up.. they lost a sister tonight ,neutral,positive,REVISAR
#Israel the most humane soldiers in the #world laugh as a #Palestine man is crushed at a  #segregation gate. ,neutral,negative,REVISAR
"""I'm about to start barging The Pier every monday, imma just need to stock up on Moebius stickers"" ",negative,neutral,REVISAR
"""We've got some stories about that. Coach Stoops has a history of being #TooTurnt Swindle told him Sat. """"""""You got too much juice."""""""""" ",neutral,negative,REVISAR
"In 2 days Barcelona will play the 1st UCL group stage game of the season, at home vs APOEL. It will be Messi's 31st opponent in Europe ",neutral,positive,REVISAR
LOLOL! Aunt: so what happen with you and Mike? You guys aren\u2019t together? Me: WTH! Who told you? Aunt: c\u2019mon Evelyn\u002c FACEBOOK! ,neutral,negative,REVISAR
This settler election is too much. Tribal elections look easy in comparison. A #recount just makes sense with the Electoral College in place ,negative,neutral,REVISAR
@user @user no. But then neither of them were believed by everybody under the sun to be the head of the IRA as well ,neutral,negative,REVISAR
"@user ah I have a few! Persona 5, South Park, Horizon, Detroit and RDR2! Far too many haha. ",neutral,positive,REVISAR
When you don't know what you're wearing to DIGI &amp; it's tomorrow ,positive,neutral,REVISAR
"""Muslim-Sikh unity is evident in the very core of Sikhism. The 6th Guru of the Sikhs built a mosque for Muslims, now known as Guru Ki Maseed."" ",neutral,negative,REVISAR
"""jason aldean just said to have a great weekend on tuesday night. what the fuck, not cool dawg."" ",negative,positive,REVISAR
#Driverlesscars and #VR are two of the world’s big #tech trends; now one is being used against the other: ,neutral,negative,REVISAR
@user I don't have the figures but I find hyderabadi Muslims much more educated in comparison to other parts. May not be due to mim ,neutral,negative,REVISAR
"@user even WWII veteran gramps didn't give a damn about gay marriage, if it didn't affect him, it was fine ",neutral,negative,REVISAR
@user @user @user Stein received a grant from the International Clinton Foundation ,positive,neutral,REVISAR
"history is like your social Security number. long, useless, but needed. ",neutral,negative,REVISAR
LOL omg can we make Drew Brees the 6th 1D member? ,neutral,positive,REVISAR
@user yeah lebron doesnt look happy in the cubs jersey ,negative,positive,REVISAR
"A good few Arsenal fans still pulling for Giroud. Guess it's 3rd/4th in the league, Round of 16 in CL and maybe an FA Cup again. ",neutral,positive,REVISAR
looking at the temp outside....hpw did it get hotter as the sun goes down???? Feel like i'm in Vegas just adding humidity ,negative,positive,REVISAR
Come on Dana white. Can't even have Holm defend the belt once between now and July. ,neutral,negative,REVISAR
@user so like you wanna come to IHOP with me tomorrow I have no friends ,neutral,positive,REVISAR
frank ocean's new album is set to be released on september 4th. you're welcome ,positive,neutral,REVISAR
Okay I'm rewatching that new kurt cobain documentary and I haven't been this far up nirvana's ass since the 8th grade ,neutral,negative,REVISAR
Just saw the Today show with 98 Degrees from Friday...Jeff Timmons got so hot...BRING BACK ALL THE BOY BANDS. #nsyncforlife ,neutral,positive,REVISAR
I have two wishes: 1) that it was Tuesday already; 2) that I had ten eyes so I could read Go Set a Watchman faster. ,positive,neutral,REVISAR
Chuck Norris can tell the exact time of day to the second just by glancing at the sun. ,positive,neutral,REVISAR
loveiseunhaehyuk: Oct 28\u002c 2012 EunHae @ ICN to Nanjing ~geez were they glued at the hip the whole time (-_-?) ,positive,neutral,REVISAR
If they did can I take a guess and say Grayson Allen? ,neutral,negative,REVISAR
@user watching Cannavaro on the 2nd even more embarrassing. ,negative,positive,REVISAR
Here\u2019s the FULL info for Friday\u2019s Pats Game!!:)   Breast Cancer Awareness Night Friday Post-Game Skate on the... ,positive,neutral,REVISAR
[Tom Tango] Cy Young voting point system is 7-4-3-2-1: can we do better? ,negative,positive,REVISAR
"""New Haven CT! Come to the Teen Center and party with us August 31st and help us end \""""""""The Coming Alive Tour\"""""""" with a bang! ;)"" ",positive,neutral,REVISAR
"""I was finally warming up to a 3rd fight with Tate, and then the UFC goes and throws a Holm-run ball to Rousey. I don't get it....."" ",negative,neutral,REVISAR
"""Simultaneously exhilarated and humbled prepping to teach Christians, Muslims and Jews in the Middle Ages for the 1st time; 1/2"" ",positive,negative,REVISAR
There is an emoji app with Kanye West emoji's called Yemoji i may or may not have downloaded it ,positive,neutral,REVISAR
I think the weirdest thing about the new David Blaine special is that these groups of celebrities hang out. ,neutral,negative,REVISAR
Trump needs 2 file 4 recount in Cali & other states he lost.  2 can play the game @user @user @user @user #MAGA ,neutral,negative,REVISAR
Debate on the repeal of Obamacare will make it obvious to American people that this system was created in their fav… ,neutral,negative,REVISAR
would like to get to milan for the world tour appearance of  maestro Zubin Mehta in may ,neutral,positive,REVISAR
Girls Volleyball practice has changed locations. Monday from 5pm-6pm they will practice at the Salem Commons instead of Bentley ,positive,neutral,REVISAR
"""A fall celebration at the Park Place Market this Saturday! Vendors include Scentsy, Avon, Younique, Thirtyone,... ",positive,neutral,REVISAR
New mobile number coming Wednesday. DM me for the number or get me on Google+ at ,positive,neutral,REVISAR
IS Gay Marriage Wrong? – #CoffeeWithBux Ep. twenty ,neutral,negative,REVISAR
"""Head coach of the Super Eagles, Sunday Oliseh, has insisted he is happy with one point, after they ... #badotweet"" ",positive,neutral,REVISAR
$150 for George Strait in March at the Houston Rodeo?! looks like i need to start saving! :) ,positive,neutral,REVISAR
If you missed the big news yesterday: Floyd Mayweather v Andre Berto is live on @user Sept 12! ,positive,neutral,REVISAR
Fidel Castro's Legacy and the Hypocrisy of His Detractors #Castro  ,neutral,negative,REVISAR
@user MUHAMMAD BABAR ALI Howdy I invite you to this particular porn cam free sign up Click on my profile. ,neutral,positive,REVISAR
Just watched some of the video i took from the Public Enemy's 25th Anniversay Australian Tour last night at the... ,neutral,positive,REVISAR
Gonna talk to the pretty girl tomorrow and see what's gucci ,positive,neutral,REVISAR
I watched Act of Valor last night and let me just say that a man that can shoot a gun may or may not score extra attractive points... ,neutral,negative,REVISAR
"""Tough loss, needed to get the series tied before Bumgarner tomorrow. Oh well, we beat Kershaw twice and we weren't supposed to do that..."" ",negative,neutral,REVISAR
4th politics isn't about hypocrisy its about strengthening Muslims with strategy according to Islam and working for people welfare ,neutral,negative,REVISAR
I wish Chelsea went to Lakeland. Picture day is tomorrow. She'd have more time to prepare. ,neutral,positive,REVISAR
@user Millions of Venezuelans await for Maduro to be a good communist and follow Fidel's example. ,neutral,positive,REVISAR
just bought my ticket for knott's friday and I'm not entirely sure if I did things correctly hopefully I can print my ticket tomorrow ,neutral,positive,REVISAR
“Facebook is what propelled Breitbart to a massive audience. We know its power.” - Steve Bannon. (Scary article.) ,neutral,negative,REVISAR
Hope you\u2019re getting up to meet me at our Women\u2019s Health Symposium! 9-3 at the Kentucky Center for African-Am Heritage on 18th & Muhammad Ali ,neutral,positive,REVISAR
One of pop music's ugliest feuds kicked off at the MTV Video Music Awards in Los Angeles on Sunday when Nicki... ,negative,neutral,REVISAR
An account of a woman who bravely stood up for her Uber cab driver #uber #savethebees ,positive,neutral,REVISAR
She may have failed the drug test for metenolone but no trace of Rohypnol or GHB were found in her sample ,neutral,negative,REVISAR
Tyler is gonna be so swagged out tomorrow\u002c im gonna have to take an instagram pic with him ,positive,negative,REVISAR
@user @user @user Maybe because Muslims say Denmark will be 1st European Muslim country. They want the world. ,neutral,negative,REVISAR
"""He is the God of Abraham, Isaac n Jacob - Israel! He's alive... then who is Israel? u may ask?"" ",positive,negative,REVISAR
George #Soros is behind @user 's #recount2016 ,neutral,negative,REVISAR
#Trayvon My daily tweet (10/05) in memory of Trayvon Martin - killed 223 days ago. ~May you Rest in Peace~ (Thoughts of love to family) ,negative,neutral,REVISAR
This has to be the 30th time grown ups has been on FX in the past 3 weeks ,neutral,negative,REVISAR
@user Might see you on Saturday as Sunday will be hectic. I've got a flight today then from London to Milan tomorrow! ,neutral,positive,REVISAR
#NowPlaying Leonard Cohen - Joan Of Arc (live) ,positive,neutral,REVISAR
Someone must not be too happy with the hired help in Sewickley: Sidney Crosby's image removed from #pens mobile app cover on Thursday. #nhl ,negative,neutral,REVISAR
Why am I seeing people with the #fifa16demo only on PS4 already when its out tomorrow? Its an Xbox sponsored game I thought?! @user ,neutral,negative,REVISAR
i mentioned animal testing in my class's group chat and suddenly it turned into a debate can we just calm down ,neutral,negative,REVISAR
Have an extra ticket to the Riot Fest in Dallas this Saturday. Hit me up if anyone is interested ,positive,neutral,REVISAR
Justin Bieber's birthday is in March and so is mine. We're basically the same person. ,neutral,positive,REVISAR
All I want is to be at oracle on a Wednesday night with someone special . ,neutral,positive,REVISAR
GoPo: we broke the Google. Will give you new instructions tomorrow in class ,neutral,positive,REVISAR
"""Prince George turns 2: His best style moments - He may be just two, but just like mom Kate Middleton, royal toddle... ",positive,neutral,REVISAR
Gonna start the 80's Show with Pride by U2 - just for All Ireland Sunday !  Starting at 1 pm on RTE Gold Digital Radio ! ,neutral,positive,REVISAR
UK Govt reject criticism on Libya saying its involvement saved lives-... wishing UK to enjoy post Gadafi Libya fate. #UK #libya ,neutral,negative,REVISAR
@user Do you mean you come here or me go to you? I can only afford to go out 1 night cause i\u2019m going to Amsterdam on Monday x ,negative,neutral,REVISAR
Jason Aldean isn't going to play Texas Was You Thursday night and I can honestly say I'm upset about it ,neutral,negative,REVISAR
@user @user @user @user save the taxpayer millions and print only dimes! ,neutral,negative,REVISAR
"""Your Sunday morning song: David Bowie singing to his new born: """"We bought you a lot of things to keep you warm... ",neutral,positive,REVISAR
"NICE! It's all about the #innercity. | ""...to making our inner cities great for everyone...""- @user #Riots ",neutral,positive,REVISAR
"Microsoft, I may not prefer your gaming branch of business. But, you do make a damn fine operating system. #Windows10 @user ",positive,negative,REVISAR
Tests show it is easy to insert Galaxy Note 5's S Pen backwards; doing so may damage device's stylus detection mec... ,neutral,positive,REVISAR
T-4 hours. If you don't want to be inundated with Apple tweets... I'd unfollow me until tomorrow morning... ,neutral,negative,REVISAR
World Peace has no talent. I have no reason why we let go of Lamar Odom in the first place. Best 6th man we\u2019ve had in a while. ,negative,positive,REVISAR
Long overdue celebration of African lit on Fri & Sat with former UN Sec Gen Kofi Annan @user @user &more  @user ,positive,neutral,REVISAR
"""Kapan sih lo ngebuktiin,jan ngomong doang Susah Susah.usaha Aja blm udh nyerah,inget.if you never try you'll never know.cowok kok gentle bgt"" ",negative,neutral,REVISAR
"""Kendrick Lamar - Black Friday Kendrick, why are you a monster? Why do you murder tracks? ",negative,neutral,REVISAR
We\u2019ve come all the way from canadia... on Caltrain to #stanford! #quatchi #s  @ 22nd Street Caltrain Station ,neutral,positive,REVISAR
I may never tweet about anything other than Kanye West ever again ,positive,negative,REVISAR
"@user Change happens at the margins. Australians aren't all like Dutton, Hanson, alt rightists ",neutral,negative,REVISAR
@user getting more people who never would have touched a Dark SOuls in the 1st place ,neutral,negative,REVISAR
told my mom I'd go to practice tomorrow but I think I might walk to dunkin once she leaves ,positive,neutral,REVISAR
"@user Front row shot of David Wright on Wednesday night in St.Lucie. Keep up the excellent work, sir! ",neutral,positive,REVISAR
"""People may not like him, but you have to respect John Cena wrestling against Seth Rollins last night despite breaking his nose in the match."" ",positive,neutral,REVISAR
"""Why would it be so bad if ARod played in the All-Star Game, but nobody cares that Ryan Braun will be playing tomorrow night #MLBAllStarGame"" ",neutral,negative,REVISAR
"""My wife said, after seeing this: """"I think my 15 year love affair with Tom Brady may be coming to an end"""" ",negative,positive,REVISAR
"""Casillas: """"""""When Ancelotti told me that I will play the """"""""Cups"""""""", I thought it may be a very good year or a very bad year and it went well."""""""""" ",positive,negative,REVISAR
Cate Blanchett and Rooney Mara star in #Carol from 27 November. Save the date! ,positive,neutral,REVISAR
If Barcelona beat Eibar tomorrow and Messi plays it will be Messi's 300th win in a Barca shirt. ,neutral,positive,REVISAR
Stoops got the record 10th win against saxet! ,neutral,positive,REVISAR
"""Our actions suggest we are seeking a lower standard of paradise, not the same paradise that the 1st generation of Muslims sought"" ",neutral,negative,REVISAR
"""did u ever read that essay about the kids in asia??? "" ... euthanasia ",neutral,negative,REVISAR
"@user the thing though is if pogba ever does leave juve it will be to barca, also my team isn't in 13th place right now. ",neutral,negative,REVISAR
Im in the mood to watch Next Friday but Netflix don't have it. Let me check on Amazon Prime ,neutral,positive,REVISAR
Arnab Goswami why so angry with Rahul Gandhi ..its his programme..probably Gandhi did impress the students. That may be the reason. ,neutral,negative,REVISAR
"""Monday at the US Open: Murray, Federer &amp; Konta are all in action at Flushing Meadows today ",neutral,positive,REVISAR
"@user The ones that come to mind are ROV and TPP. Especially TPP, regardless of its quality. ",neutral,negative,REVISAR
"""Well, I get to hang out at the Smith Center for 14 hours tomorrow. Good night, Tweeter. #fucklife"" ",negative,positive,REVISAR
Done my balls in Barca but still treated myself to a five euro 1st class upgrade on the fast train to Madrid. #BudgetBaller ,positive,neutral,REVISAR
Making an effort to use my PS Vita a bit more. Only use it for FIFA  at the moment! Gonna give a few demos a try. 1st Silent Hill BOM :-) ,neutral,positive,REVISAR
"So Mike Pence believes in ""fixing"" non-straight people's sexuality.... ",neutral,negative,REVISAR
"""\""""Big Brother may be watching you right now\u002c and you may never know. #Surveillance is the new normal\"""" ",negative,neutral,REVISAR
"@user @user Brad miss 5th pen, Vermalen to draw and go sudden death! But he misses and Bradford are thru! #CapitalOneCup #Bantams"" ",neutral,negative,REVISAR
Hopefully Shaqiri is too knackered from tonight to give Arsenal many problems on Saturday ,neutral,positive,REVISAR
"Arsenal defender, Mathieu Debuchy has been linked with a January move away from the club. #AFC #Arsenal ",negative,neutral,REVISAR
"@user I don't even know where it came from, aside from Metro randomly saying ""Nintendo are doing iOS so may be there"" ",neutral,negative,REVISAR
That's right it is Thursday night. Come to Boots &amp; Slurs and let David Price and Hollie King make you favorite... ,neutral,positive,REVISAR
"""http://t.co/Ib9XfShL almost ready for the #Huntsville Building Home & Garden Show, few tweeks on Friday & away we go"" ",neutral,positive,REVISAR
"""https://t.co/XAvWjhIzhW is friday, turn up and get what you deserve of life! Friday - Ice Cube // Friday OST"" ",positive,neutral,REVISAR
Bristol City haven't been in this match since Eagles scored in the 31st minute. THIS is my Bolton Wanderers. #bwfc ,negative,positive,REVISAR
#ThankGod he's back! The 2nd one starring Ice Cube sucked big time: ,positive,neutral,REVISAR
Gold and Diamond are never at the periphery\u002c we really need to dig deeper into Christianity....Phil. 3:10-18\u002cRom. 12:1-3..... Happy Sunday. ,neutral,positive,REVISAR
Soooo apparently we are tent camping after the Foo Fighters concert tomorrow night..... Instead of bar hopping and sleeping in a hotel.... ,neutral,positive,REVISAR
Free PSN game on PSN Game is ZEN PINBALL 2. Free Game on Playstation Network. As of Oct 1 2012. Get it now while its free. USA PSN ,positive,neutral,REVISAR
"""RIP Frank Gifford, the original voice of Monday Night Football with Cosell and Meredith"" ",positive,neutral,REVISAR
Well at least my Steelers didn't play tonight ,negative,positive,REVISAR
Who wants to go see Chris Brown with me on Wednesday??? It's only 40 doll hairs ,neutral,positive,REVISAR
Monday Twilight Schools Football Last night was the final evening for Twilight Football. It was a very close... ,neutral,positive,REVISAR
"""An gay man though may not be cr!minal, 0ne or m0re less had m0re than an n0rmal l!fe epxerience in the pasta."" ",neutral,negative,REVISAR
"@user What's funny is that her profile pic is of Muhammad Ali, whom she would've called a Pinko Commie liberal 50 yrs. ago. ",positive,negative,REVISAR
@user Virtue signalling. Common practice. Everyone make nice until the next disagreement. Watch donations to Clinton Foundation +/-. ,neutral,positive,REVISAR
"@user I dont remember the name but it's a big award and SNSD was performed Gee or Gennie,u may search google for that incident"" ",positive,neutral,REVISAR
Daylight Saving Time ends this weekend.  Set your clocks back 1 hour before you go to bed on Saturday night to get an extra hour of sleep! ,positive,neutral,REVISAR
Lawyer files appeal to transfer hunger-striking Palestinian prisoners to #Ramallah hospital #Palestine #Israel… ,neutral,negative,REVISAR
Check out this contest to win 1 of 5 $130 Party Packages from @user &amp; @user for the July 14th event at The KEE! ,neutral,positive,REVISAR
Are we going to have fireworks #ThisIsUs ,positive,neutral,REVISAR
"@user @user @user And that's why SCOTUS has the last word on what laws states may enact and enforce. Hence ""Supreme Court."" ",positive,negative,REVISAR
"""Well, now that Big Brother is On Demand from when it didn't record all of it on Sunday... Time to catch up. #BB17"" ",positive,negative,REVISAR
I've said all along that Scott Walker's low-key style doesn't set the barn on fire but will win the day.  ,positive,neutral,REVISAR
@user it's why I love tennis. One minute looks like murray is down and out. Next minute anything is possible! C'mon @user ,positive,negative,REVISAR
Again-just like #Windows 8- @user makes 10 w/o the start menu their best customers want - 3rd party app needed ,negative,positive,REVISAR
@user @user @user Owes American people investigation into Trump affairs as well as charges on Cuba Embargo violations ,neutral,negative,REVISAR
Michelle Obama: US 1st Lady teams up with Wale to promote higher education ,positive,neutral,REVISAR
"@user Friday night... Listening """"Cameron Dallas"""" by Shawn mendes  while you are imegine if Cameron Dallas is your boyfriend"" ",neutral,positive,REVISAR
Nebraska placed a nation-leading nine players on the first-ever Senior Bowl watch list released Saturday... ,positive,neutral,REVISAR
Gonna watch Grey\u2019s Anatomy all day today and tomorrow(: ,neutral,positive,REVISAR
"Is drake man enoff 2 diss snoop Dogg?, I bet he will be a dead man by sun down!!!! Uncle snoopy takes no shit ",positive,negative,REVISAR
"You both collect social security, stop fighting amongst each other ",neutral,negative,REVISAR
Cate Blanchett may join the Marvel universe! Do you think she'd be a good fit? ,neutral,positive,REVISAR
I really feel like poor planning was involved in whatever it was that made Ash Wednesday and National Margarita Day collide ,negative,positive,REVISAR
"""I don't like this """"anime camera"""" though (I first saw it in the Naruto fighter) feels like it discourages local play for 2nd player"" ",negative,positive,REVISAR
"""A no no, Kanye announces he's running for president, and nicki gets crazy with Miley all in the the same night.. It's Sunday wtf"" ",negative,neutral,REVISAR
"""i feel really compelled to write some oct 3rd fanfic where Aaron Samuels' dies on oct 3rd and his last words are """"""""What day is it?"""""""""" ",neutral,negative,REVISAR
"""Holliday just asked Pap if this was the most exciting game he's ever been in. Uh, he ended the Red Sox 1st WS win in 86 years, so prob not.."" ",neutral,positive,REVISAR
@user i think i go tomorrow. Cuz im on my way to my dad first cuz i have no money to go to interlaken T.T i just hope hes there tomorow ,negative,positive,REVISAR
"""RT @user Dear followers, all I'm gonna do is tell jokes and make fun of Republicans tonight. It's how I cope. You've been warned!"" ",neutral,negative,REVISAR
So it's the start of October. 30 days till Halloween. Trust some dickhead to dress up as Joseph Kony on the 31st. ,negative,positive,REVISAR
"""The Friday Question: What is Your Calling?: Islam reached us by the Mercy of Allah, through the service of Muslims. ",neutral,negative,REVISAR
@user Hopefully BBC will televise film sometime as they did with 1st 10 pieces with BBCNOW. Loved the BWV 565! ,neutral,positive,REVISAR
You can donate directly to the Standing Rock Sioux Tribe: #StandingwithStandingRock #standingrock ,neutral,positive,REVISAR
"Tomorrow, I pray the Persian people will stand with Trump in Washington and stop Obama's nuclear insanity. ",neutral,negative,REVISAR
"""Its this week! Catch Kina Grannis LIVE IN MANILA on Wednesday, August 8! Have you got your tickets yet? :) ",neutral,positive,REVISAR
@user I Pre-Ordered The Taken King Digital Collector's Edition for both the PS3 and PS4 in July and I didn't receive anything today... :( ,negative,neutral,REVISAR
So I have a red eye flight home from CA Sat. night at 1AM PST w/ layover in Dallas on CST along  with the clocks being pushed back an hour. ,negative,neutral,REVISAR
Gold edges down ahead of US jobs data: SINGAPORE (Reuters) - Gold edged lower on Friday\u002c with investors waiting ... ,negative,neutral,REVISAR
The Chicago Alliance Against Racism is protesting. #Deplorables ,neutral,negative,REVISAR
Joe Kelly wins his 7th straight start; Red Sox beat Phillies!  Is Kelly the Sox best starter?  ,neutral,positive,REVISAR
Splash Dance every Thursday in #Vegas @user come check it out before the pool season ends! ,neutral,positive,REVISAR
Bumper day for @user in @user tomorrow - extract from new Tom Wolfe + Sylvie Simmons on Leonard Cohen ,neutral,positive,REVISAR
"@user bro \""""""""This nigga said Zimmerman was charge with a 2nd degree murder. Who he kill the 1st time?\"""""""" Lol"" ",negative,neutral,REVISAR
"""Tracy McGrady signed with a team in China today.  Clearly, that team does not have aspirations of reaching the 2nd round"" ",negative,neutral,REVISAR
"""Sweet got Yoga Classes tomorrow. Time to show off my ass to strangers in the guise of """"getting healthy"""" drink it in pal."" ",neutral,positive,REVISAR
"@user Kafirs need to understand that every Muslim, whichever sect s/he may belong to, is an ambassador of Islam;they will defend it"" ",neutral,negative,REVISAR
1st time i drove stick ever  i kinda lied to the salesman at AB Honda that i can drive standard and took the 5 speed manual for a #TestDrive ,negative,positive,REVISAR
@user @user I think we are going to have the Red Bull bar back on Jan 25 as well ,neutral,positive,REVISAR
"#JustinVerlander 7 ROOKIE #Card LOT, DETROIT #Tigers, CY YOUNG WINNER #Baseball #Pitcher ",neutral,positive,REVISAR
Need someone to get the April/May Kris Bryant back to Chicago because his at bats are getting worse ,negative,neutral,REVISAR
"""RT @user Curtis Painter is totally going to get lucky tonight, probably with another girl that looks just like him"" ",positive,negative,REVISAR
Agreed!!!  @user @user @user ,neutral,negative,REVISAR
Atletico Madrid is going to be dangerous..Pedro leaving is going to hurt Barca in the long run..no bench to rest MSN ,neutral,negative,REVISAR
"@user this is the truth.people must wake up & face the truth,you are being brainwashed by liberals. ",neutral,negative,REVISAR
"""#WWE debuting new children's series """"""""Saturday Morning Slam"""""""" on the CW Network at 10 a.m. EST today. ."" ",neutral,positive,REVISAR
George Clooney may cast \u2019Artist\u2019 star Jean Dujardin in his next film \u2019The Monuments Men\u2019 . US Army team chases down art stolen by the Nazi\u2019s ,neutral,negative,REVISAR
@user what about those WMDs in #Iraq why bomb #Libya and #Syria ,neutral,negative,REVISAR
"""UPDATE on the release of The Beatles - Love Me Do 50th Anniversary 7\"""""""" Vinyl\u002c The record will now be released on the 22nd of October"" ",neutral,positive,REVISAR
My #GilmoreGirlsTop4 1-Emily2-Paris3-Luke4-Babette The BFs are a given so they don't count ,neutral,negative,REVISAR
The fact that the Village of Kiryas Joel chose to meet on the Sunday night of Labor Day weekend to ... #deeproots ,neutral,positive,REVISAR
uhh Oracle if there is no spoon what am I eating this 4th can of Spaghettios with? ,neutral,negative,REVISAR
Massoud Rajavi hope Iranians: Fox News  #iran #syria #Yemen #us #paris ,neutral,negative,REVISAR
"""RT @user the moment after the last election I have prepared my mind for 4 years of no leadership, may God help Nigeria"" ",negative,neutral,REVISAR
@user Coward... well... why doesn't Poroshenko or Avakov or Saakasjvili travel to Crimea? ,negative,neutral,REVISAR
I'm going to protest that lame Donald Trump on the 15th...so stoked. ,neutral,negative,REVISAR
"""There is still time to register for \""""""""Happiest Baby on the Block\""""""""!  Come have brunch tomorrow morning\u002c learn how... ",neutral,positive,REVISAR
You may be cool but you'll never be David Beckham at the Wimbledon cool. #Wimbledon2015 #DavidBeckham ,neutral,positive,REVISAR
Feels like a weird twilight zone today... Mid Christmas and new year with a slap of Monday on top.  Very odd ,neutral,positive,REVISAR
"Is Hillary starting her campaign over again, for the 3rd time? ",neutral,negative,REVISAR
"""Hulk Hogan may be on the hot seat, but racism in pro wrestling is far from being down for the count ",neutral,negative,REVISAR
Kris Bryant left today's game in the 5th after head first slide into 2nd. Yikes. ,negative,neutral,REVISAR
Travel the world through Virtual Reality? Google Earth meets #VR . . . . 🎮🎮 ,positive,neutral,REVISAR
Hey guys...David Price starts for the Blue Jays tomorrow... ,neutral,positive,REVISAR
Am I the only one who doesn't care that Floyd Mayweather is fighting again on September 12th against Andre Berto.... ,negative,neutral,REVISAR
"@user without nerves. So, when Thor left the room he sat there. And waited.   It didn't take long for them to roll out the big +"" ",positive,negative,REVISAR
"""Waiting for the 2nd post credit stinger for Ant-Man, alone in the cinema, is probably the nerdiest thing I've ever done."" ",neutral,positive,REVISAR
@user I better see you at Jason\u2019s on Friday or Saturday ,neutral,positive,REVISAR
"Suarez on twitter: ""YNWA #StevenGerrard"" [@LuisSuarez9] #FCBlive ",positive,neutral,REVISAR
@user  Listening to the album right now \u002c for the 20th time lol \u002c I\u2019m on Poetic Justice now ,positive,neutral,REVISAR
@user @user wow the fact you like the cubs totally proves your existence ,neutral,positive,REVISAR
Floyd Mayweather fight September 12! Come on down for the excitement &amp; grab your seat early !! #MayweatherBerto ,positive,neutral,REVISAR
"On Saturday night, the season - possibly series - finale of HANNIBAL aired on NBC. Grantland's Alex Pappademas,... ",neutral,positive,REVISAR
"@user @user If you're struggling come January and Benzema don't happen, I'd go for him, he'll give 110% for Arsenal, and score! ",positive,negative,REVISAR
Kane might just be going thru that 2nd season syndrome ,negative,neutral,REVISAR
"""Yoga instructor, Jillian Jackson, will be at Samurai this Saturday morning for a special yoga class!   See the... ",neutral,positive,REVISAR
@user where are the ROBOTS ,neutral,negative,REVISAR
@user @user Pull up any of the 50 States voter registration forms. They all depend on honesty when applying. No proof required! ,neutral,negative,REVISAR
IHOP on Friday is the only thing getting me through the week. ,neutral,positive,REVISAR
"@user i adore you, babe don't. Please. ",positive,negative,REVISAR
I was 'part of a terror organization' says Israeli pilot turned activist via @user #gaza #palestine #israel #BDS ,negative,neutral,REVISAR
@user the Bentley may not have any bumper stickers but had alot of test drivers so it's not in that great of condition ,neutral,negative,REVISAR
"@user Ive been working all weekend, still at work now. Watching Chuck Norris movies haha I'll be at Ciecmate on Friday. See you there."" ",neutral,positive,REVISAR
"@user As usual, @user has the most compelling argument in favor of Christians to exercise their 1st Amendment religion rights."" ",neutral,negative,REVISAR
TV Ratings: 'Big Brother' Leads Wednesday; 'Mr. Robinson' Steady-ish on NBC: The CBS show again tops the night... ,positive,neutral,REVISAR
@user Already voted early last Friday for you in Cypress\u002c NW of Houston. I definitely don\u2019t want Cruz to win. We need a Dem in Senate! ,neutral,positive,REVISAR
Glad I watched Twilight.  Now I'm not alarmed when I see @user out in the sun ,positive,neutral,REVISAR
"@user @user looks interesting but I've ALWAYS ended up back on iOS keyboard, always glitches with iOS 8/9 3rd party ones ",neutral,positive,REVISAR
"Every time I read ""Trump Transition"" I always laugh inside ",neutral,negative,REVISAR
"""It may sound like I'm angry with Naruto....In a way, I kind of am. But, he's trained with the best. I know he'll be okay."" ",neutral,positive,REVISAR
"""With Daesh's warning, Israel senses that the relative calm may be ebbing - Jewish Chronicle ",neutral,negative,REVISAR
@user its different may b to the minority adarsh liberals of Israel ,neutral,negative,REVISAR
"""http://t.co/YEcHPkrYfC  By now,this should not be a shock to anyone:Floyd Mayweather still believes that he's the greatest boxer of all time"" ",neutral,negative,REVISAR
You are essentially Sat-Chit-Ananda (Existence-Knowledge-Bliss Absolute). You are That Brahman! Live to realize the Self! Attain Nirvana! OM ,neutral,negative,REVISAR
Had a dream that Angela Merkel was trying to get me to snort coke with her at a music festival. Happy Wednesday everybody ,neutral,positive,REVISAR
"""Sunday recovery continues with this, then Ant-Man ",neutral,positive,REVISAR
@user euthanasia for those who are barely living ,neutral,negative,REVISAR
If Cundiff would\u2019ve made the Field Goal Sunday\u002c I could\u2019ve been eatin\u2019 a free 6in sub at Subway for lunch! ,neutral,positive,REVISAR
I'm more worried about how Mike Flynn will get the power to authorise drone strikes on Comet Pizza outlets than this blip in Renzi's career ,neutral,negative,REVISAR
"""George Harrison's review of the Sun: """"It's all right."""""" ",neutral,positive,REVISAR
@user So the Trade in Services Agreement TISA is the real payload #TPP was delivering. Arrived in Beehive in @user pocket. ,neutral,negative,REVISAR
"""Harris English may be playing some incredible golf at the moment\u002c but the AP still labels his photos as \""""""""Zach Johnson.\"""""""""" ",positive,neutral,REVISAR
"@user Alright, let me know. Want to see AC/DC Wednesday at MetLife? Can meet you at Secaucus Station and drive over. ",neutral,positive,REVISAR
@user then when they get to it Curtis and Tommy wanna come play !! bruh lmao... I havent seen Jamall yet tomorrow gonna be a show ,neutral,positive,REVISAR
"Brothers off to Ibiza tomorrow and he's currently in the kitchen listening to Fleetwood mac, fucking loser hahahah ",negative,positive,REVISAR
#TopStory of the Week: Microsoft joins Linux Foundation in another step toward greater openness ,positive,neutral,REVISAR
"""You may be familiar w/ John Kasich ... Or not. Probably not. If you're not from Ohio, then not. #GOPDebate"" ",negative,neutral,REVISAR
Who just scored tickets to Saturday's game between UGA and Ole Miss!? This yotefox just did^^ ,positive,neutral,REVISAR
"""Like The Bee Gees, the 2nd time around, Jesus/Emmanuel will become a word Jonathan said...Anti-Fragile  Correct ... ",positive,neutral,REVISAR
"""5SOS is not the """"new"""" MCR or the """"new"""" Nirvana. They may have been inspired by said bands, but they will never be them. They are simply 5SOS"" ",neutral,negative,REVISAR
"""I'd ask I anyone wants these issues of Rolling Stone from the mid-'00, but c'mon... There's nothing worth saving here. It's all kindling."" ",negative,neutral,REVISAR
"""I ate my placenta like Kim Kardashian, and you should too: AS TOLD TO NICOLE LYN PESCE Tuesday, December 15, 2... ",positive,neutral,REVISAR
Hey @user  yes I Want to win 2 free tickets to see David Price &amp; the #BlueJays Monday Night? #FreeTixFridays ,neutral,positive,REVISAR
Absolutely mortified and gutted that Sam Smith may be doing the new Bond song :( ,negative,positive,REVISAR
LSU needs to do one thing to beat Bama. Run! And stop the Run! Win it in the 4th quarter\u002c GEAUX TIGERS!! ,neutral,positive,REVISAR
@user @user Thank goodness for the wisdom of our founding fathers. They never even mention the popular vote. ,neutral,negative,REVISAR
This. And check this out: #StillWithHer. Hi #ElectoralCollege: Are you listening? ,neutral,positive,REVISAR
Although i\u2019m not a big fan of SS\u002c all my respects to Mitch Lucker. May you rest in peace. ,neutral,negative,REVISAR
It is predicted that the Winter Classic and the All-Star game will be cancelled this upcoming Monday ,neutral,negative,REVISAR
I am making my Green Meanie prediction.. **drum roll please** #ScreamQueens ,neutral,positive,REVISAR
on Friday - Indian media are feel that PM Narendra Modi's labour reforms plan has make the India into a golbal manufactureing hub --- ,positive,negative,REVISAR
"fuck im sad, last tuesday i was at harry potter studio tours having the greatest time ever ",neutral,negative,REVISAR
"I just saw an article titled ""Kim Fatty the Third."" Lol North Korea. ",neutral,negative,REVISAR
Hillary may even come up with more spontaneous email humor ----&gt; Hillary Clinton's 5 funniest emails ,neutral,negative,REVISAR
"@user until it posts a verified 0-60 time, I bet it can't beat a Tesla Model S P100D Ludicrous edition... ",neutral,positive,REVISAR
.Why animal testing doesn't work! #CambridgeKillers ,neutral,negative,REVISAR
"@user @user I'll be working Saturday, but hope to watch the pride parade on Sunday. #canqueer #ottawa ",neutral,positive,REVISAR
its always valentines with this one #BabySelcaDay ,neutral,positive,REVISAR
"""Nymburk shouldn't start any more games without floor spacers on the wing position. Need Simmons out there. Raivio 6th man, just fine.."" ",neutral,negative,REVISAR
"@user Niall, would you follow us if we ran down the hallways at school tomorrow blasting steal my girl?"" ",positive,neutral,REVISAR
"Dear writers of westworld: Please make Dolores say more things like 'if out there is so great, why are you clamoring to get in here?' ",neutral,positive,REVISAR
#FFRNN #CLASSROOM GUEST LECTURER  Neil Cavuto; Apple vs. Government (A Company that Cares vs #Obamacare) #uniteblue ,negative,neutral,REVISAR
@user i think the #TrumpTransitionteam said that she dos not support common core! and btw i think your hopes are way too hi. ,neutral,negative,REVISAR
Nah Bad Blood was the summer anthem  ,neutral,negative,REVISAR
Romney is part of the swamp. #DrainTheSwamp#NeverRomney ,neutral,negative,REVISAR
The fact that I have no plans tomorrow night & it\u2019s my last night in FL for a min <<<<<< ,negative,positive,REVISAR
because of you i won't give up #TheWalkingDead @user ,positive,negative,REVISAR
ohhh noo the persona 5 ost is wonderfullll ,positive,neutral,REVISAR
@user the DC comics site has Batman 44 releases on the 9th but its out now? ,neutral,positive,REVISAR
If you have MOTO G 3rd gen guess what you can have  Airtel 4G! Tweet using #GetAirtel4G for a free SIM home delivery.! ,positive,neutral,REVISAR
Found my Bernie soulmate 🙆🏻🐦 #NODAPL @ Dakota Access Pipeline Resistance Camp ,positive,neutral,REVISAR
so Ms.Sea (however you spell her name) from Berkmar left and now is sn AP at Lanier and I skipped 4th period and stayed in her office (: lol ,positive,neutral,REVISAR
"""Frank Ocean, you better be working on that album Saturday night since you cancelled your FYF appearance."" ",neutral,positive,REVISAR
@user @user @user @user DC loss for gun control puts New York City’s laws at risk ,negative,neutral,REVISAR
@user Morgan may be next face of US women's soccer: They just didn't know who her opponent w... Youth Soccer ,neutral,negative,REVISAR
A little bit of Toolroom TV to get you in the mood for Sat Night....  FILTHY RICH IN THE HOUSE @user  ,neutral,positive,REVISAR
I like what I\u2019ve seen today in NNS race! We have us a 2nd groove with side by side\u002c sometimes 3 wide on front stretch\u002c racing! #NASCAR #fb ,positive,neutral,REVISAR
David Cameron's statement on camera on Thursday 03 September 2015: he will  take in 'more' of the refugees: was he speaking TO TV Cameras? ,negative,neutral,REVISAR
Sign of the times for once powerful Cosatu? @user Black shirts see red at Cosatu march ,positive,neutral,REVISAR
Comedy central real goin hard tonight ,positive,neutral,REVISAR
Shout out to those people who are at the Sam Smith concert rn and have to wake up early tomorrow ,neutral,negative,REVISAR
@user @user Gotta love experts on Putin style. ,negative,positive,REVISAR
"""At the Madison Square Garden special on Oct 3rd, Brock Lesnar will go one on one with that young up and comer, The Big Show.  Sigh. - ^JC"" ",neutral,positive,REVISAR
Sad Frank Gifford dies today at 84( turn out the lights the partys  over)If you remember that its from Monday... ,positive,neutral,REVISAR
"""From the network that brought you Sharknado, comes Lavalantula  That's not even a joke, it's a real thing. Tomorrow night at 9"" ",neutral,negative,REVISAR
The fact I probably won't see them again before march makes me want to cry #MTVStars The Vamps ,negative,positive,REVISAR
"Btw how is Kurt cobain a ""flop"" when he inspired millions and was in one of the most popular grunge bands?  ",neutral,negative,REVISAR
Tomorrow is Support the Packers day at work. I may wear this little diddy... ,neutral,positive,REVISAR
Actually praying Calibraska comes out at midnight so I can buy it and listen before I have work tomorrow. ,neutral,positive,REVISAR
CLASSIFIED Report: U.S. Drone Strikes not against al-Qaeda ,neutral,negative,REVISAR
Tim Duncan and Gregg Popovich. Two legends. ,positive,neutral,REVISAR
"Melania Trump sues Daily Mail, blogger over 'defamatory' stories via @user ",neutral,negative,REVISAR
I'm actually about to try to convince my mom to let me see Justin in New York tomorrow ,positive,neutral,REVISAR
So according to my 12th Grade English teacher Messi has now tied the game up? Can anyone confirm this? ,neutral,positive,REVISAR
"""CIT is bludgeoning the Feb-Apr 2013 programme into shape. Mighty things in store for visual artists, theatre makers, writers & more."" ",positive,neutral,REVISAR
#nw B2ST\u2019s 3rd anniversary live stream with subs yay~ ,positive,neutral,REVISAR
Pretty Little Liars was the shit ! I can\u2019t wait til tomorrow ! I wanna see who all innocent & who got something to do with Allison dying ! ,positive,negative,REVISAR
The 34-year-old was seen swooning over the blonde beauty as the couple shared a hot bath together in Celebrity Big Brother on Saturday ,positive,neutral,REVISAR
Hahaa... hopefully soon M$ is forced to opensource office and windows sourcecodes. 😋 ,neutral,negative,REVISAR
WTF!!! Frank Ocean's album has been out since June 30th and I'm just finding out!!! How?????? ,neutral,negative,REVISAR
"""So Aston Villa have a \""""""""must win\"""""""" game against Norwich City tomorrow lunchtime.  MUST WIN - how the mighty have fallen."" ",negative,positive,REVISAR
Trump has been the recipient of generous political contributions from Energy Transfer chief executive Kelcy Warren. ,neutral,negative,REVISAR
@user unbelievable bottom of the 4th! Let go Red Sox! 496 Ortiz! ,positive,neutral,REVISAR
@user  I want to see Bruan Strowman vs Brock Lesnar on Smackdown this Thursday ,neutral,positive,REVISAR
"@user @user @user @user @user you won't mention aid to #Hamas, supplies, goods, electricity, medical? ",neutral,negative,REVISAR
Sis you missed bombshell #ThisIsUs ,neutral,positive,REVISAR
Mariah Carey shows fuller frame in Malibu with twins Sunday - Daily Mail ,neutral,positive,REVISAR
Watch live streaming video of the Pancake Day activities tomorrow at Make sure you... ,neutral,positive,REVISAR
"@user Im not pro-fossil fuels, perhaps that's where you're getting confused here. ",neutral,negative,REVISAR
Release me from the pain AWESOOMEEE! How crazy  Bynum ,positive,neutral,REVISAR
"""Watching jiujitsu matches all day long, getting ready for Sunday!"" ",neutral,positive,REVISAR
MTV is playing only VMA performances rn..they have to play Nirvana's 1992 performance of Lithium like c'mon it's fuckin iconic ,neutral,negative,REVISAR
"""\""""""""@FrencHMonTanA: DMV I will be Performing LIVE @ DC Star this Saturday w/ Big and the Band shout to Sunshine + Bennyt\"""""""""" ",neutral,positive,REVISAR
My photos up at Photoplus and the Olympus booth. Come out and say hello! Ill be here till Saturday. ,neutral,positive,REVISAR
Somewhere in America....Trump's cabinet is having the same talk with him. ,neutral,negative,REVISAR
"""Time to man up, @user -- we the people want to hear from Carly Fiorina. Don't kowtow to CNN. If it's broke, fix it ",neutral,negative,REVISAR
I don't care what you think about 1st and 14th Amendment law or even gay marriage.  What did ELVIS think about it?! ,neutral,negative,REVISAR
@user Harvey and Shawn have put me on the no access list along with Bo and Carl Pelini. Otherwise I'd be there tomorrow. ,negative,neutral,REVISAR
"""As long as Ted Cruz &amp; Scott Walker are still in the race, #DonaldTrump ranks no higher than 3rd most offensive candidate.  #GOPBS"" ",neutral,negative,REVISAR
@user @user @user @user @user And he's not in the house yet! @user @user ,neutral,negative,REVISAR
The Brick$quad is the Yankees of 8th period English III with Doc Caputo. #targetonourbacks #hatedbyall #champions ,negative,neutral,REVISAR
Did you hear about Harper Lee's 3rd novel? ;) Don't forget to put Go Set a Watchman on hold at your library! ,positive,neutral,REVISAR
"""if frank ocean drops the first part of 'boy don't cry' tomorrow, all will be well ."" ",positive,neutral,REVISAR
"#iNews9K #MoreOfTheStory: ""Therefore if you're afraid of Trump, you must be an immigrant,"" Ben Carson said. ",neutral,negative,REVISAR
Joaquim Rodriquez may have missed out on the pink jersey but he is top of rankings by over 700 points from Tom Boonen #procycling ,positive,neutral,REVISAR
"MORE: Marine Le Pen welcomed Italian referendum result, congratulated Salvini, leader of right-wing Northern League ",positive,neutral,REVISAR
"@user zayn left on the 25th, school starts on the 25th, the 25th is just not a good day"" ",negative,positive,REVISAR
The hidden Budget tax rises George Osborne didn't want you to know about ,negative,neutral,REVISAR
"“Conservatives urged the Government to say whether Lord Goldsmith, the Attorney General, had given legal approval for military action to ",neutral,negative,REVISAR
Here is the nip slip that happened yesterday on Good Morning America....and Nicki Minaj is not happy but ABC has... ,negative,positive,REVISAR
And you say Derrick Rose isn't good because of the ACL but Dwight Howard is the 3rd best player in the league coming off major back surgery? ,negative,positive,REVISAR
@user The expected arrival date for Iron Maiden's album The Book of Souls is 11 Sep. If I preorder will I get it on Fri or after? ,positive,neutral,REVISAR
y'all are gonna get spammed af on tuesday for the sam smith concert ,neutral,positive,REVISAR
@user he's a has been. One season wonder like Kane. He'll be gone come the end of the season when Chelsea finish 6th again. ,negative,neutral,REVISAR
"""Turkmenistan is the 2nd biggest producer of NG in Central Asia. 3 chief destinations for its gas are China, Iran &amp; Russia."" ",positive,negative,REVISAR
It's not because Trump was elected or because Brexit happened that the Anglo-American superiority complex ceases to be a problem. Not at all ,neutral,negative,REVISAR
"@user I really like Rick Perry,but Rubio is my strong 2nd choice,where can I read about his Immigration policy? ",positive,negative,REVISAR
"""Copped the new HTC yesterday, interview at dunkin donuts warehouse Monday,  shits going good man."" ",neutral,positive,REVISAR
"@user Did you ever research the Clintons, or Soros, or read the wikileaks, or see how BLM or the anti-Trump riots started? ",neutral,negative,REVISAR
 Visit to #Iran by five Euro MPs was called off Sat after Tehran refused to let them meet with a jailed activist ,negative,neutral,REVISAR
"@user - Ever hear Tamias live cover of the Winans \""""""""Tomorrow\"""""""""" ",neutral,positive,REVISAR
"@user @user #Vêrlander ""its not about culture its about putting people in their place"" #HeritageDay ",neutral,negative,REVISAR
"""1st work out of the week...been sick as fffffffffffff, but we are Gucci today"" ",neutral,negative,REVISAR
How Netanyahu Divides and Occupies America via @user #gaza #palestine #israel #BDS ,negative,neutral,REVISAR
The only feminist manifesto  (if I may call it) that am exposed to is the one in Beyonce's flawless ,positive,neutral,REVISAR
Fidel Castro must of had information on the Clinton Foundation in Cuba. ,neutral,negative,REVISAR
Right\u002c the 2nd tweet is better\u002c but I\u2019m at Harold Washington... @user ,positive,neutral,REVISAR
Are free 3D models holding 3D printing back? ,neutral,positive,REVISAR
Don't get comfortable just because Labor Day is over! Can You Dig It!!!??? I can tell you what I'm doing Sunday!... ,positive,negative,REVISAR
"@user at first I was worried about their 5th album without Zayn but if they are all like that, wow."" ",positive,negative,REVISAR
"""An octogenarian Motilal Vora with his droop and hunchback walking behind Rahul Gandhi may be a disgusting sight for some, but it pays."" ",negative,neutral,REVISAR
My last thursday of 2015 in MIlan..! see you tonight at 11Clubroom! ,neutral,positive,REVISAR
Don\u2019t worry Mr. Lewis I\u2019m going to get a perfect score on your Physics test tomorrow ,positive,negative,REVISAR
"Tonight is the 1st Epic Sketch Time Google+ #Hangout Come join, draw and meet some artists. 7:30PST #epicsketchtime ",neutral,positive,REVISAR
Student loan paid in Monday. Not a chance I won't be going to Digi on the nighttime ,positive,negative,REVISAR
"Murray has given it his all, which wasn't expected after the last few days he has had but Federer just unbreakable. TB 2nd set. #CincyTennis ",positive,neutral,REVISAR
I just played Justin bieber at the dinner table and my family just sat there and accepted it and listened ,neutral,positive,REVISAR
Love and Harden hitting the deck in pursuit of loose balls early 2nd Q. Proof this is NOT an NBA All-Star Game. ,neutral,positive,REVISAR
every time i listen to promise by Romeo Santos the 1st person who comes to mind is @user :)) ,positive,neutral,REVISAR
Please pull down Tom Brady's pants and undress the cheaters on Thursday night @user ,negative,neutral,REVISAR
"I liked a @user video Kim Jong Un Doesn’t Like ‘Kim Fatty the Third’ Nickname, Asks China to Censor ",neutral,negative,REVISAR
"China has reportedly blocked searches for 'Fatty Kim The Third,' a snarky reference to Kim Jong Un ",neutral,negative,REVISAR
@user regarding article on Obama Admin. View on the recount: the election result not the will of the American people; only of a fraction. ,neutral,negative,REVISAR
Justin Biebers music is the 11th biblical plague ,negative,positive,REVISAR
Got me a BAMA shirt like the 1 Lil Wayne had on last night at the concert #Biting lol IDC though lol ,neutral,positive,REVISAR
Durham woman hopes to qualify for the Iditarod | ,neutral,positive,REVISAR
David Otunga says Brock Lesnar is the best athlete to ever come out of Minnesota. I think we have the lead item for tomorrow's Livecast. ,neutral,positive,REVISAR
Sure but you still clogging on Donald Trump's shrolong ding dong Monday's through Thursday's so relax  ,negative,neutral,REVISAR
When September 13 comes along I know I'll be forgotten..  just don't be surprised when Niall gets assassinated ,negative,neutral,REVISAR
Blue Jays win 5th straight behind birthday boy David Price: When the Toronto Blue Jays traded for David Price ... ,positive,neutral,REVISAR
"Bernie Sanders @user fierce voice for the working class, put some action behind his words Friday... ",positive,neutral,REVISAR
Back to our normal schedule tomorrow! Get the kids to school and get yourself to YOGA!!!   9:15 -   Vinyasa... ,positive,neutral,REVISAR
"Ahh...nothing like a Saturday full of errands and shopping with the family."" ",negative,positive,REVISAR
Take the 1st step to purchase your dream Lexus. Contact our F&amp;I Department to find out how you can apply for finance ,positive,neutral,REVISAR
"""Gogoi inspired by Gandhi, not Modi: hief minister Tarun Gogoi on Wednesday clarified that he was not trying to... ",neutral,negative,REVISAR
1st half of Hannity: rage at the supreme court for outlawing Jesus with its gay marriage decision. 2nd half: kissing Ted Olson's ass. ,negative,neutral,REVISAR
"@user @user Sarah Palin, other women you disagree with may still be quite bright.Hillary may be intelligent, just wrong. ",neutral,negative,REVISAR
"Apple Watch Arrived At Best Buy Today  Best Buy began selling the Apple Watch on Friday, becoming the first... ",neutral,positive,REVISAR
New Batman comes out tomorrow. The Return of Joker. There is a lot of things on the web about Batman right now.... ,neutral,positive,REVISAR
New show! Interview with Ice Cube and O'Shea Jackson Jnr #StraightOuttaCompton ,positive,neutral,REVISAR
@user @user @user Founders apparently were wise enough to see the abortion that SF has become ,neutral,negative,REVISAR
I tried to snap the Chris Brown concert Saturday but they didn't all post. They on IG though. ,positive,negative,REVISAR
ok when I'm sober tomorrow I NEED to talk to people about Hannibal ,positive,neutral,REVISAR
I'm behind on Naruto now cause I haven't seen it all day. I hope I can get to the 400's before school next Monday ,neutral,positive,REVISAR
@user @user he needs money to actually sustain work if robots replace him and he still gets money he wont complain ,neutral,negative,REVISAR
Since not everyone in the world has figured this out yet: letting gay people get married in no way affects your right to straight marriage. ,neutral,negative,REVISAR
"@user don't question the monarchy, but look at its butthurtedness. Then, tomorrow, look! Baby pictures. Prince George and shit."" ",negative,neutral,REVISAR
@user on September 5th\u002c The Finder reaches italian tv (with the worst title translation ever). FINALLY!!! :D #finder #risolutore #sky ,positive,negative,REVISAR
We also have more College Football all day Saturday and NFL all day Sunday.  Dawgs vs Ole Miss at 3:30 Sat. ,neutral,positive,REVISAR
"""Whoever brought about the 7th grade pop edition of Ed Sheeran """"photograph"""".. #die"" ",negative,neutral,REVISAR
28 January 2016 - Workshop in Milan - Digital Transformation the door to success! ,positive,neutral,REVISAR
I just need to chill. Can\u2019t wait to unleash some aggression at Black Dahlia Murder tomorrow. #GonnaEndALife ,negative,positive,REVISAR
@user well destructo is on there and he\u2019s not playing. but lineup and hours are released tomorrow. ,neutral,negative,REVISAR
@user @user @user @user I think that the 2nd place on Melodifestivalen gives the points on Eurovision! ;) ,positive,neutral,REVISAR
Turkey: Erdogan tasks Davutoglu with interim govt - Until early vote November 1. Historic wait for Kurdish entranc... ,neutral,positive,REVISAR
"""cause it's friday 13th, i'm watching My Super Psycho Sweet 16 part 1 & 2 #youknowYOLO"" ",neutral,positive,REVISAR
Apple Watch MMF62LL/A Sport 38mm Smartwatch #NationalFastFoodDay ,negative,positive,REVISAR
i'm listening to nirvana and drinking wine from a mug how's your wednesday night going ,positive,neutral,REVISAR
@user Now for Raul Castro and Nicolas Maduro. ,neutral,negative,REVISAR
"""Saw the PlayStation 20th Anniversary PS4 controller up close today. Oh, man, do I want this (as a huge fan of the original PlayStation)."" ",positive,neutral,REVISAR
Still waiting for someone\u002c ANYONE\u002c to show me where Fluke asked the gov to pay for her anything. ::taps foot\u002c checks watch::  C\u2019mon... ,negative,neutral,REVISAR
"Did u see the Aces she had during that 2nd set against serena, Venus still got it folks@usopen @user @user @user ",positive,neutral,REVISAR
But I think the weekend or Kendrick may possibly get album of the year ,positive,neutral,REVISAR
My twitter feed has dissolved into people shouting in capitals about Kanye West. Happy Monday everyone! ,neutral,positive,REVISAR
"""Catholics give up stuff for Lent\u002c Jews are fasting today...being Presbyterian is starting to feel like the \""""""""Casual Friday\"""""""" of religions! ;)"" ",neutral,negative,REVISAR
Now I don't have the conflict between watching Game 6 and the LSU vs. UK game on Saturday. Staying positive ,positive,neutral,REVISAR
'US Public Agrees with Israel's Opposition to Iran Deal' Obama may have secured congressional support for... ,positive,negative,REVISAR
EXO & B2ST fans\u002c do follow There may be some OTPs you ship alot there! ^^ ,positive,neutral,REVISAR
the 1st sentence i said at the til definitely wasnt in a Liverpudlian accent and i definitly didnt have to keep it for the whole transaction ,negative,positive,REVISAR
"""omg i wanna go Hype Park on Thursday, so jealous of everyone going"" ",negative,positive,REVISAR
"""I exist in a twilight where the sun never rises nor sets, and the land is never overcome by light nor shadow."" ",neutral,negative,REVISAR
"""Basically my Sunday-Monday transition   """"@en_jajaja: Nicki: thank you to my pastor Nicki: SO BITCH YOU WAS TALKIN MAD SHIT WHAT UP W THAT"""""" ",neutral,negative,REVISAR
@user Thnks for the FB! Special #PROMO: Buy Three Bundles & get 4th on us! Send FIVE customers to receive free affiliate bundles! ,positive,neutral,REVISAR
Did you hear?  The Fr. 15 program tomorrow night has been MOVED TO CME!  See you upstairs at the CME tomorrow night at 7:00pm! ,neutral,positive,REVISAR
"""When u tell ur boss u can't work on Saturday bc ur taking the ACTs and he says """"change the date""""  Oh yes ok bc dunkin is my main priority !!"" ",neutral,positive,REVISAR
@user even I didn't know it's 18th sept at KL Live to be exact :p ,negative,neutral,REVISAR
@user my cousin says everything he needs to know about Islam he learned on September 11th ,negative,neutral,REVISAR
"GEORGE SOROS, AMERICAN CITIZEN, FRONT GROUPS CONNECTED TO ANTI TRUMP RIOTS: via @user ",neutral,negative,REVISAR
I am now attending #insomnia55 on Friday. I'm doing a panel on making games in Minecraft! Not sure if I will stay the whole weekend yet. ,positive,neutral,REVISAR
@user it may just need to happen. I'll bring my Netflix and all. Start a trend #noshame ,neutral,positive,REVISAR
#Prince announced that he is releasing an album with Jay-Z that is coming out on September 7th.  It will be featured on #Tidal. ,neutral,positive,REVISAR
"Take a good look at Bernie Saunders, he's giving Hillary a run for her money. Joe Biden may join the race. And they're off! ",positive,negative,REVISAR
@user oh wow! Did you just trade Elvis? I\u2019m just saying @user may not like you! :) ,negative,positive,REVISAR
"""Kendrick Lamar has braids and he's """"cool"""" but I got laughed @ for having four str8 backs for 8th grade graduation???????????.."" ",neutral,positive,REVISAR
@user @user Amazon Prime should have it here by Wednesday. Squee! ,positive,neutral,REVISAR
I'm going to bed knowing that there is a possibility that I may wake up to videos and pictures of Zayn performing at the VMA's ,positive,neutral,REVISAR
Just one more day to go -&gt;&gt; Madonna's Rebel Heart Tour starts tomorrow. What to expect?! ,positive,neutral,REVISAR
I remember when we were in like 7th or 8th grade and Taylor called me legit crying bc she loved Justin Bieber so much lmao ,positive,neutral,REVISAR
"@user After Nike, Adidas, Jordan and UA I think you put Peak at 5th. But your right they need to be careful can't afford to slip up. ",neutral,negative,REVISAR
@user woosahhhh it\u2019s Courtney! Long time no see from 1st lady! ,positive,neutral,REVISAR
The fact that Zac Efron wasn't Troy's singing voice in the first High School Musical is why I have trust issues ,neutral,negative,REVISAR
Some ole lady at thanksgiving was talmbout how she used to buy a zip for $40 ,positive,neutral,REVISAR
"""Remember Amy Schumer on  #RedEye.....sadly now I think she may think she is """"to good for panel"""""" ",neutral,positive,REVISAR
"#worldcup Rivalry with Ronaldo key to Messi's success: Kluivert: Barcelona, Sep 6 (IANS) Lionel Messi is... #news ",neutral,positive,REVISAR
The latest Coachella Valley 360! Thanks to @user @user @user #yemencrisis #yemen ,positive,neutral,REVISAR
NCS Choir concert this Thursday night!!  Donny on bass guitar and singing with Mixed Ensemble. Who's going?? ,positive,neutral,REVISAR
"@user write in: Cy Young and 20 strikeout, 20 game winner: Max Scherzer ",positive,neutral,REVISAR
This time tomorrow\u002c @user and I will be well on our way to Starkville for a sick weekend...the USM game is going to be atrocious. ,negative,positive,REVISAR
Sen. Warren wants investigation of Trump's transition team i would Look at holder Powell Hillary's  Aides Be Afraid ,negative,neutral,REVISAR
I have a resting bitch face that would make Wednesday Adams jealous ,negative,neutral,REVISAR
"""Melissa McCarthy, Jane Lynch make Emmy night Chicagoriffic ",positive,neutral,REVISAR
Just showered\u002c hittin up the Harold Washington library today for the entire day. There goes Sunday night football. ,neutral,positive,REVISAR
@user Remember I was telling you about Catelynn and Tyler coming to my school well they are coming tomorrow ,neutral,positive,REVISAR
"@user an outdtanding PM who has provided stability, a surplus, some of best growth stats in OECD, & supported gay marriage #respect ",positive,negative,REVISAR
Catelynn and Tyler from Teen Mom are apparently going to be at Bethany tomorrow! Looks like I'm going snooping...#dreamcometrue #highhopes ,positive,neutral,REVISAR
"@user Anytime you even mention the Thursday night NFL game, that is the definition of 610am give up"" ",neutral,positive,REVISAR
Work done for the week\u002c off the Spurs tomorrow ,neutral,positive,REVISAR
May be up for some Smash in a little bit guys. Just finishing this square (last graveyard one?) as Ruto with an A rank for the heart piece. ,neutral,positive,REVISAR
"""Not something, even the victors cannot see [the mind]. Not nothing, it is the ground of all samsara and nirvana. -3rd Karmapa"" ",neutral,negative,REVISAR
We're giving away Jason Aldean tickets! Text us win tickets to his Burning it Down Tour Sept 12 #JiffyLubeLive @user ,neutral,positive,REVISAR
"@user literally just learned that """"otter"""" was a thing on Tuesday. Gay roommate is teaching me so much."" ",positive,negative,REVISAR
"The Cuban embargo remains for many sectors, as trade grows slowly @user reports from… ",negative,neutral,REVISAR
Look #Steelers fans I know you may be upset about Suisham missing that kick. Just know that I heard a guy named Billy Cundiff is available. ,neutral,negative,REVISAR
Kanye West Run For President We May Aswell Shut Down the Streets Straight uop to Downing street #GangShit #ThughLife ,negative,neutral,REVISAR
I liked a @user video from @user What I Think About: Gay Marriage/LGBT Rights! ,positive,neutral,REVISAR
The Twins knew they had no shot against David Price when they struck out the 1st 2 times of the game. Hard to hit his changeup when it's on. ,neutral,negative,REVISAR
BREAKING: Paul Ryan & GOP Announce Plan To DRASTICALLY Cut Health Care (DETAILS) ,negative,neutral,REVISAR
"@user it doesn't really count, I was decorating a haunted house for a Halloween program tomorrow...I get paid lots of overtime:-)"" ",positive,negative,REVISAR
i only have three books left and i'll go back to milan on the ninth of september they aren't going to last enough ,neutral,negative,REVISAR
Vandalism OK  as long as protest #PresidentElectTrump !?!? #DrainTheSwamp #AmericaFirst #maga  via @user ,negative,neutral,REVISAR
5 Expert Tips That Guarantee Success In Marijuana Dispensary Business via /r/medical ,positive,neutral,REVISAR
"""This Friday night at The Warehouse, Dowtown Shreveport, 9 PM. Irene and the Sleepers, Super Water Sympathy, and COWBOY MOUTH!! Be there! RT!"" ",positive,neutral,REVISAR
How many more days until opening day? 😩 ,neutral,positive,REVISAR
@user I would tell you to bring Curtis but I don't want to be the 3rd wheel ,neutral,negative,REVISAR
Ugh someone just hang out with me tomorrow. All my friends are either always working or still at LSU ,negative,positive,REVISAR
Caitlyn Jenner fears she may be sent to nen's prison over fatal car crash ,neutral,negative,REVISAR
#dailymail Carly Fiorina poll jump from 11th to 7th might fall short of CNN's 'top ten': Fiorina's rise in the... ,positive,neutral,REVISAR
I like to think that somewhere in the mid-Atlantic\u002c George Clooney\u2019s looking at the skies and muttering that this may be the perfect storm.. ,neutral,positive,REVISAR
"@user @user CORRECTION: I MEANT MEDICARE, NOT SOCIAL SECURITY. ",neutral,negative,REVISAR
Big Brother starts tomorrow can't wait to see people slowly showing their true faces and/or going insane ,neutral,positive,REVISAR
"@user he was like David Abbott's edgier younger brother.  the Elvis Costello to David Abbott's George Harrison, if i may."" ",positive,neutral,REVISAR
@user @user had my suspicions in July 88 Iran air 655 Was shot by down by USs vincess in the gulf ,neutral,negative,REVISAR
Am sat in the cold listening to David bowie because life is hard sometimes ,negative,positive,REVISAR
@user Kane may well get so disillusioned with lack of signings that he slaps in a transfer request. That would be interesting! ,neutral,negative,REVISAR
@user Wish we can see Persona 5 under the Christmas tree....rip ,neutral,positive,REVISAR
Travelling to Milton Keynes for the Ashes on Saturday ? Be aware that the Foo FIghters play the MK Bowl on... ,neutral,positive,REVISAR
it's the 18th day of august. the month's ending. still no sign of frank ocean's album. i'm beginning to believe it was all a lie. ,negative,neutral,REVISAR
Are you interested? (IT) Oracle Functional Support Analyst-1st &amp; 2nd Line/Oracle EBS #aggeliesergasias ,neutral,positive,REVISAR
The wildest lie I told a chick when I loved in ATL I told her I just got drafted to the Falcons in the 6th round before Google was poppin ,negative,positive,REVISAR
At least I\u2019m going to eastern tomorrow. Livonia can scratch my balls. ,negative,neutral,REVISAR
Rudd rains on Abbott\u2019s parade: KEVIN Rudd may be trying to spoil Julia Gillard\u2019s party but yesterday he gate-cra... ,negative,neutral,REVISAR
"Can't believe Mariah Carey's ""All I want for Christmas is you"" is playing right now.  It's September 3rd. ",neutral,positive,REVISAR
Boko Haram May Resume Talks With FG - SOURCES close to the leadership of the Boko Haram insurgents have... #News ,neutral,negative,REVISAR
Dr. Ben Carson is a homeowner. Very qualified! ,positive,negative,REVISAR
Except u're Charlie Sheen... RT @user Is it true that you tell people 'Top of the morning' only when you had sex the previous night? ,neutral,negative,REVISAR
"@user @user @user No I vehemently disagree, if Wenger was as past it as you say, Arsenal would not have finished 4th as ",neutral,negative,REVISAR
Duelo makes me want to go and hit up Rodeo every Saturday #HoustonTx ,neutral,positive,REVISAR
Why do people have a problem with the Christ in Christmas but not the Thor in Thursday? ,neutral,negative,REVISAR
Men\u2019s Club Basketball game AT GONZAGA in the Rudolph Fitness Center Court 1 on Monday\u002c November 5th at 8:15pm!!! Spread the word people! ,positive,neutral,REVISAR
"""John Kasich may not subscribe to my political views, or me his, but he very much handles himself with grace and compassion. #Kudos"" ",positive,neutral,REVISAR
#Valentines #Gifts NEW Ted 2 in Jersey 24-Inch R-Rated Talking Plush #TeddyBear SALE ,positive,neutral,REVISAR
niggas boutta be DROPPIN like flies down georgetown tomorrow \u002c you wont catchh me there ! ,negative,neutral,REVISAR
"@user @user barca will successfully defended the title, with the arda and aleix in January plus MSN I don't see them lose. ",positive,neutral,REVISAR
Given up on work for the night\u002c really CBA! Know I\u2019ll be able to concenttrate better tomorrow anyway. Plus I\u2019d rather talk to @user now! ,neutral,positive,REVISAR
Women Are Planning to Strike to Protest Donald Trump’s Election #TrumpProtest #NotMyPresident #StillWithHer ,positive,negative,REVISAR
PUMPED to open the season tomorrow night against Georgetown!  Women\u2019s Preview: | Men\u2019s Preview: ,positive,neutral,REVISAR
@user @user @user @user Maybe she did.  She may not like being blamed for the accuser going to Kane's house. ,negative,neutral,REVISAR
the amount of times I've said hallo and imitated Melania Trump tonight is at an all time high ahahaha ,positive,negative,REVISAR
"""Good morning all! A full house today, do ring if you have any problems. Tomorrow both Kenny and Murray are out of... ",neutral,positive,REVISAR
"""I now want to ride my bike with \""""""""Here Come the Sun\"""""""" by George Harrison playing in the background and my hair flowing behind me. #fun"" ",neutral,positive,REVISAR
"@user  hard to believe, huh? RT @user Watched my 1st episode of Mad Men (the pilot) on an iPad. Second episode up next."" ",neutral,positive,REVISAR
"""The only way to make Jurassic World safe is to stop genetically modifying dino DNA."" - I may have drifted off. #BrownSpeech ",neutral,positive,REVISAR
@user @user Comey Must be on tRumps payroll. That would explain a lot! ,neutral,negative,REVISAR
[KCCI] Pope changes annulment process for divorced: Pope Francis on Tuesday radically reformed the process by ... ,positive,neutral,REVISAR
Going to the Georgetown game on Friday! #imwearingblue #istillloveeastview ,positive,neutral,REVISAR
Amused by the 2nd hand commentary on the Apple keynote this morning. #techthings #wheretheladies ,neutral,positive,REVISAR
"""Chuck Norris was born on may 6th 1945, the nazis surrendered may 7th 1945. Coincidence? I don't think so!"" ",positive,neutral,REVISAR
@user from @user  -  #rickymartin #JardinesDeMéxico ¡Gracias! 🙏🏻 #OneWorldTour #México #Meksika… ,positive,neutral,REVISAR
#Baadshaho to release on 26th Jan 17 Directed by Milan lutharia Starring @user if you excited ,positive,neutral,REVISAR
Guardian corrects 2 errors in George Osborne's article on Nat'l Living Wage. Gains are much smaller than he claimed: ,neutral,negative,REVISAR
Manchester the clear focus of George Osborne's #northernpowerhouse #devolution  ,neutral,negative,REVISAR
Fly Madness: William Hill now 5/4 (real price is 4/6) about Hurricane Fly wins Champion Hurdle next Tuesday. ,positive,neutral,REVISAR
"""Tickets are still available for Prom of the Living Dead, Friday Night, at Center Stage - The Loft - Vinyl!... ",positive,neutral,REVISAR
Mayo clinic bound on Sunday with Briana.  Focused on getting my baby healthy!! Nothing else matters right now.  #nomoretearsin2015 ,neutral,positive,REVISAR
Chance to win Zac Brown Band tix today.  We're singing &amp; you may have to manage some light Spanish to win.  Keep listening. ,neutral,positive,REVISAR
my uroboros tracking from amazon is different... i hope that means it's coming via the route that will make it in time for friday delivery! ,neutral,positive,REVISAR
"And ne'er ye fret ~ Finn has an honorable mention at No. 4 😘 ""Gilmore, give them back their balls!"" 🎾🏈⚾️ #GilmoreGirlsTop4 ",positive,negative,REVISAR
Ranger game on Aug 18 during the day! Anyone wanna go? Lexus club level :-) ,positive,neutral,REVISAR
Win 4 Free tickets to party with Roger Sanchez this Friday\u002c September 14th at HQ Nightclub by tagging the 3... ,neutral,positive,REVISAR
Apparently the #STLCards had &amp; missed their chance in the 1st and Bumgarner's back in Koufax mode now. Wish he'd go Kershaw mode. #NLCS #fb ,negative,positive,REVISAR
"iPhone, iPad, or iPod touch, Mac with Safari, PC with Microsoft Edge on Windows 10 #AppleEvent ",neutral,positive,REVISAR
@user I miss the -30 January days ,negative,neutral,REVISAR
"Tomorrow I'll respond to the often-repeated ""Abortions are only 3% of what Planned Parenthood does!"" #ProtestPP ",neutral,negative,REVISAR
"@user What do you mean, Laurence? The Dudleys, Ric Flair, and Sting were on Raw Monday. Taker wrestled Sunday. It IS the 90s. ",positive,neutral,REVISAR
@user deadline for WI is today and hoping your people are on it and NOT this lying Putin loving scammer ,neutral,negative,REVISAR
"@user @user Evidently Kpop fans noticed it awhile ago-it may be too controversial to win now, Uptown Funk is a good choice for VOTY :)"" ",neutral,positive,REVISAR
"Michelle Obama played hopscotch, danced and sang with 33 disadvantaged children from the Indian charity Make a Difference on Saturday ",positive,neutral,REVISAR
I challenge Katie to stick pins in my eyes tomorrow. I dare you. ,neutral,positive,REVISAR
yo @user just realized the Lexus hoverboard release is on the 5th. just FYI (Vergecast???) ,neutral,positive,REVISAR
Watching honey boo boo and mama june on E News is making my recovery process just a little more enjoyable. ,positive,negative,REVISAR
Gresh and Zo discussed the Celtics season opener loss to the Heat on Tuesday night.  Rajon ,negative,neutral,REVISAR
Are you a virtual assistant? On Google+? Member of the Virtual Assistants Community on G+? C'mon .. join us! ,positive,neutral,REVISAR
Today's #TriviaThrusday is the first I didn't have to look up.... Who doesn't know Steve Jobs worked at Atari! ,neutral,negative,REVISAR
"@user @user I'm going to give you two answers, and you may decide which one is accurate. 1. On Google+ 2. In a sex dungeon ",positive,neutral,REVISAR
Pretty much convinced that David Blaine isn't human. ,positive,negative,REVISAR
"""NEWS : New video by David Bowie tomorrow on TV:   A few weeks ago when we wrote the news, a lot of fans we... ",positive,neutral,REVISAR
Prince confirmed that he and Jay-Z will release an album September 7. #PaisleyPark  #Minneapolis ,positive,neutral,REVISAR
Kim fatty the third is the most hilarious nickname I've ever heard for North Korea Leader lol.  #fatbastard #layoffthecarbs #probablyavirgin ,neutral,negative,REVISAR
Sounds like a Sarah Palin line that didn't make the cut for being too crass and glib. ,neutral,negative,REVISAR
"@user @user @user I like the idea of 3D printing a trailer for it, some sort of robotic transportation design challenge... ",positive,neutral,REVISAR
Pope John Paul II would kiss the ground on arrival in a new country because there was a good chance that a small boy had sat there once. ,positive,neutral,REVISAR
Islam is the same throughout the world. It may be interpreted in different ways but it does not evolve. ,neutral,negative,REVISAR
Ortiz post team-record 9th 30-homer season with Red Sox (The Associated Press) #RedSoxNation ,positive,neutral,REVISAR
Fair warning to my 'non U2 followers' I will be tweeting and RT'ing heavily #U2Request between now and the end of Sep 1st. Mute if you want. ,positive,neutral,REVISAR
Nigerian Troops have discovered Boko Haram terrorists supply routes: Nigerian troops on Wednesday said it has ... ,neutral,negative,REVISAR
-Plan Rosy Stay In Garden City There are strong indications that the Super Eagles may camp in Port Harcourt in... ,positive,neutral,REVISAR
Thursday nights just wont be the same without Waterloo Road ,neutral,negative,REVISAR
"""1, The guy is a hunk. 2. Get Drunk. 3. Do Sex. 4. regret it. 5. Contact in order campus, police, Rolling Stone. ",neutral,negative,REVISAR
1/2  Just found my OpEd on the front page of Iran Daily (in Persian). A good read for Saturday morning.  #terrorism ,neutral,positive,REVISAR
"Thanks manager for putting me on the schedule for Sunday"" ",negative,positive,REVISAR
@user should we expect @user and the crew for an election special in DC on Tuesday? ,neutral,positive,REVISAR
@user should we get Chris brown tickets Wednesday? I think the show is this Thursday ,positive,neutral,REVISAR
"@user Knowing you are a Red Sox fan, who will win the rubber game tomorrow? Go Yankees!  LOL"" ",neutral,positive,REVISAR
"I don't go to the Stampede parade either, but, I still support it. Pride parade isn't a mandatory event.  ",neutral,negative,REVISAR
"""DON'T FORGET: Youth Soccer registration (ages 5-17) is going on now. We are taking registration TODAY , Saturday,... ",positive,neutral,REVISAR
"""\""""""""@Rican_Amor: Who wants to go to a A$AP Rocky concert with me on the 14th or 15th ?!?!?\"""""""" you don\u2019t have a choice on who you taking we going!"" ",neutral,negative,REVISAR
"""All 3 of Washington's TD's have come at the expense of our Linebackers. 1st Ryans on Reed, 2nd Kendrick's on Reed and 3rd #25 on Alonzo"" ",neutral,positive,REVISAR
I think Céline Dion should sing the soundtrack to #BeautyAndTheBeast again.@EmmaWatson it's Céline's thing right? She should do it ,neutral,positive,REVISAR
@user @user Lil Kim will be remembered as the 3rd/4th most successful female rapper. Nicki will/is the 1st. Numbers don't lie. ,positive,negative,REVISAR
Ben Carson;One of the reasons comedians will have material for years! ,positive,neutral,REVISAR
@user Seriously. May as well just watch WWE at this point. At least you know it's a front. I mean Rousey vs. Holm? C'mon. ,negative,neutral,REVISAR
@user just saw Paul Dunne tee off on the 12th at The Open...classic big bottom small.  Lol ,neutral,positive,REVISAR
Had a rough time trying to make Dark Souls work with OBS =/ Gonna have to figure out a few things and stream tomorrow i #21053 ,negative,neutral,REVISAR
Sum chelsea fans in their dreams believe Hazard is the 3rd best player in the world afta Messi and Ronaldo. Not sure they've heard of Muller ,neutral,positive,REVISAR
A must read.If you sit still for this you will suffer the consequences of a Trump presidency.MAKE SOME NOISE. HIT… ,negative,neutral,REVISAR
"""No it's not, read the bit about Kim Kardashian ",neutral,negative,REVISAR
"""Of all the things I'm envious of when it comes to professional golfers, Dustin Johnson's strut walk may be at the top of the list."" ",positive,neutral,REVISAR
David Price may not shut out the Angels tonight but he will shut. them. down. | @user | @user ,positive,neutral,REVISAR
Kane &amp; Nathaniel  Kanes 1st day at infant school. Nathaniel's final year in juniors school.  #emotional ,positive,neutral,REVISAR
It's hard to see Zayn up there bc he look like the sun #zayngetofftheroof ,neutral,positive,REVISAR
"That's great, but who purchased those shares? Shifting responsibility doesn't solve the problem. #NoDAPL ",positive,negative,REVISAR
But! Murray takes the tie break in the 3rd set and we've got GAME ON! ,positive,neutral,REVISAR
#BinRoye will Pakistani cinemas Record's Eid First day : 44.50 Lack and Eid 2nd day : 66Lak  Total businesses:111Cr . ,neutral,positive,REVISAR
Only 10 seats remaining for Nov 15 mother/son Bulls game outing!  Click here for tickets:   Don't miss it. ,neutral,positive,REVISAR
@user remind her she was dancing to AC/DC last Sat night... ,neutral,positive,REVISAR
They are all conservatives and mostly voted trump ,neutral,negative,REVISAR
A warm Thursday for CenLa with highs in the 80s for the sixth straight day. Natchitoches and Colfax led the way with 88.#KALB5 ,neutral,positive,REVISAR
Omfg? Magic Mike XXL was on cinemas last July 1st and I didn't even get to see it bummer :--( ,negative,positive,REVISAR
How did this major design flaw with the new Galaxy Note 5 pen even make it past the testing stage? C'mon Samsung get your stuff together. ,negative,positive,REVISAR
.@MittRomney if DJT is really trying to make u apologize then u should decline and please share this with the world. Don't be .@megynkelly ,neutral,negative,REVISAR
"""Green Bay Packers:  Five keys to defeating the Panthers in week seven: Aaron Rodgers On Sunday, ... #NFL #Packers"" ",neutral,positive,REVISAR
i m on break from op so maybe i should keep it up with naruto or or or watch your lie in april but like i love myself so idk ,neutral,positive,REVISAR
"""My tweets are so inconsistent.  I can go from """"Mon Scotland"""" to """"Nirvana are amazing"""" to """"I love Doctor Who"""" in the space of 5 minutes."" ",neutral,positive,REVISAR
@user it's sophomores only ! For the CASHEE test or however it's spelt . ,neutral,negative,REVISAR
@user oh cause my friend got something from china and they said it will take at least 6 to 8 weeks and it came in the 2nd week :P ,neutral,negative,REVISAR
I will be oddly satisfied if the Red Sox can finish the season in 3rd place in the division. ,positive,neutral,REVISAR
"David Cameron @user Sep 4  Taking refugees direct from camps allows a safe route to the UK, rather than the hazardous journey. ",positive,neutral,REVISAR
"@user ~saw a son in him unlike Thor...Thor, when Loki though about his brother, a frown appeared on his face. He may be hating ~"" ",neutral,positive,REVISAR
"@user Sarandon, Fake News, Bernie, non voters, the press, Comey, voter suppression , Green Party...Your list is spot on. ",neutral,negative,REVISAR
And here's one of the deplorables proving my point. ,neutral,negative,REVISAR
@user agreed. that\u2019s like the NBA All-Star game taking place in October. ,neutral,positive,REVISAR
What's up this Thursday?! @user makes her appearance on the new hit show #TheNextCW on the CW Network! #KCru ,neutral,positive,REVISAR
Monsanto wants to merge with Syngenta and change name to wash away the bad reputation (3rd most disliked company!): ,neutral,negative,REVISAR
Today is the 1st Int\u2019l Lennox-Gastaut Syndrome Awareness Day. Take a moment to learn about LGS. @user ,neutral,positive,REVISAR
I'm know I'm going to cry at Ed Sheeran's concert tomorrow. #imissmybrother ,positive,neutral,REVISAR
I hope Donald trump builds a wall and says EA MADDEN EMOLOYEES ARE BAD HOMBRES @user ,positive,negative,REVISAR
@user He\u2019s a true Niners fan\u002c he brought it up in a interview during his 2nd season. :D ,positive,neutral,REVISAR
"@user Yep true, that's why they partied hard ! :) ",positive,negative,REVISAR
"""So you dey fear cos of these """"Lion King"""" names??? Don't worry the Super Eagles will soar to heights they can't see!! ",neutral,negative,REVISAR
Absolutely!@ABCNetwork @user @user NOT watching @user #OUAT ruin #BeautyAndTheBeast #RumBelle… ,neutral,negative,REVISAR
@user If you don't support a 5th season of #Metalocalypse I will be forced to give my entire 2.6 billion dollar fortune to Netflix. ,neutral,positive,REVISAR
I honestly think what we're seeing with Fabregas is really him and why Barca were quick to part ways. Last August-November was a one-off ,neutral,negative,REVISAR
"""I may not be a lot of things, but I can write songs and I can sing.  Lady Gaga just showed the world that she fucking owns herself. Yes."" ",positive,negative,REVISAR
I just may be the only person who still play Temple Run ,neutral,negative,REVISAR
when Digi tour leaves you cause you don't know what 'No' means  ,neutral,negative,REVISAR
#SaudiCoalitionDividingUmmah  If today it's Iran tomorrow it can be Pakistan  Don't let America win by its divide and rule again ,neutral,negative,REVISAR
The 5th day of Eid visiting other family homes  #me #visit #family #homes #ootd #hijab ,neutral,positive,REVISAR
"@user @user When Hillary said, ""Basket of Deplorables."" That outcome was awesome. ",positive,negative,REVISAR
I can GUARANTEE U Romney will NOT BE #SOS - Can we show a little unity behind the Man we elected to #draintheswamp… ,neutral,negative,REVISAR
@user @user idk I find hiding in the woods & walking dogs v inspiring & relatable guys #StillWithHer ,positive,neutral,REVISAR
Back in rehearsal on Monday with The Woman In Black after a summer with The Sound of Music. ,neutral,positive,REVISAR
I\u2019m gonna just don it during school tomorrow. Math in TOK\u002c History in Math and Bio\u002c and Spanish during lunch. Yup that sounds about right. ,positive,negative,REVISAR
I just removed Kenny Lofton from my Hall of Fame vote. Taking his place: Todd Walker. The slightly better-than-average 2nd baseman. ,neutral,positive,REVISAR
"Personally thought Bobby Jindal won that debate, with Carly Fiorina as a close 2nd ",neutral,positive,REVISAR
"""Surprises in """"Go Set a Watchman"""" may make readers re-examine """"To Kill a Mockingbird.""""  ",positive,neutral,REVISAR
@user I may have spent 5 minutes watching the poo traverse my sewers as my SimCity flushed its loos... ,neutral,positive,REVISAR
"Message @user maybE a snakey little strut, biblically with stick but can b trusted ",positive,neutral,REVISAR
I've got Aldo winning by TKO in the 3rd round but if it goes to the judges McGregor wins cause you know he's Dana White's golden boy #UFC194 ,positive,neutral,REVISAR
"""Sat down, heard muffled music, wondered who in my family was listening to Nirvana, realized it was my iPod in my pocket."" ",neutral,positive,REVISAR
Can we talk about the fact that I literally fell for Niall on Saturday. ,positive,neutral,REVISAR
#BREAKING#Russia demanded from #Ukraine to cancel the missile firing in the vicinity of #Simferopol#nato #osce… ,neutral,negative,REVISAR
"""Iker: """"""""When Ancelotti told me that I will play UCL and the Copa, I thought it may be a very good year or a very bad year and it went well."""""""""" ",positive,negative,REVISAR
Pictures of the day: 18 October 2012: A playful Amazon river dolphin\u002c Usain Bolt\u2019s shoes and Mick Jagger. ,positive,neutral,REVISAR
in my college class on Thursday this guy who looked like Josh Hamilton sat next to me I was literally about to cry ,positive,neutral,REVISAR
Bush and Clinton are running for their parties nomination. and Jurassic Park (World) is a hit at the box office. Jays are in 1st place ,positive,negative,REVISAR
"""No stream tonight, gonna relax after a rough drive home. See you tomorrow for Iron Maiden's """"The Book of Souls"""" &amp; Dark Souls II :)"" ",neutral,positive,REVISAR
"Pretty floater by Bentley over Charles.   She has 7, Bone 6..Sun 13.  Stokes with the layin for her first hoop ",neutral,positive,REVISAR
Had a dream about meeting Angela Merkel and discussing the Greece Crisis and how she may not win the next election if debt had to be w/off ,neutral,negative,REVISAR
Very dense fog and some icy patches on roads in North Tipp and Offaly tonight #drivecarefully ,neutral,positive,REVISAR
I may have just thrown a lime at an NFL player. Apologies forthcoming #ivaluemylife ,negative,neutral,REVISAR
WestWorld is even more meta than Community. ,positive,negative,REVISAR
In case anyone asks me tomorrow no I didn't see the VMA's but yes I would vote for Kanye West because of two simple reasons ,positive,neutral,REVISAR
A subway wall in NYC offers some solace to those #StillWithHer. #Grieve. #Organize. #Resist.https://t.co/93kSnw0cUK ,positive,neutral,REVISAR
"""WWE, Hulk Hogan End Tie After Racist Comment: World Wrestling Entertainment Inc (WWE.N) said on Friday it has ... ",negative,neutral,REVISAR
@user You sure it was Quo? They were the first act on\u002c Queen weren\u2019t 2nd I\u2019m sure of it ,neutral,negative,REVISAR
Liberals and #ThemDems need an attitude adjustment. ,neutral,negative,REVISAR
If Kim Kardashian and Kris Jenner were in Freaky Friday you know Kris would absolutely not switch bodies back. She wants to be Kim so badly. ,neutral,negative,REVISAR
"Saakashvili Founds New Party, Begins Struggle for Power in Kiev – Nolan Peterson ",negative,neutral,REVISAR
It's the 5th pic Zayn posted today.... he posted this on FB  ok man r u gonna kill me ,neutral,negative,REVISAR
"Unless Ukraine resolves its political crisis through an early parliamentary election, it may undergo a military... ",neutral,negative,REVISAR
@user I think pardew started the craze off Sunday !!!!! Collocini compared to Bobby Moore ,neutral,negative,REVISAR
Milan's overthetop lipsynch was funny the 1st time but 2nd just seems like she's trying too hard #RuVealed #RuPaulsDragRace @user ,neutral,negative,REVISAR
"@user @user @user @user @user @user @user I thot ""bad hombres"" was racist now. ",neutral,negative,REVISAR
"""Final Destination 5, August 24. Death how we've missed you."" ",positive,neutral,REVISAR
"""Saw Rascal Flatts last Thursday with my boyfriend, THEN saw Zac Brown Band the very next day with the Roomie. #TimeWellSpent"" ",neutral,positive,REVISAR
Send me Lwanga's hw packet and I will buy you Dunkin tomorrow morning ,neutral,positive,REVISAR
Do you want to win a free pair of tickets to see Kenny Chesney and Jason Aldean this Saturday night?!?! Come to... ,neutral,positive,REVISAR
"@user I left it up in SB with Zane my b, I can see if the holmes can bring it back Friday"" ",neutral,positive,REVISAR
"""My icon may be Seb and I may talk about Seb 24/7, but I am just as much Chris Evans trash as I am Sebastian Stan trash"" ",negative,neutral,REVISAR
"""Centre on Religion and Geopolitics, a think tank linked to Tony Blair, says most Syrian rebels sympathize with ISIS. ",positive,neutral,REVISAR
How did 5h beat Bad Blood? May the world never know ,neutral,negative,REVISAR
"""I only give Kendrick his props because of his rapping style on Black Friday, his lyrical sense is there as well but it's Cole or die for me"" ",neutral,negative,REVISAR
"""First time listing to Red: \""""""""Does this diva think she\u2019s Avril Lavigne?\"""""""" 2nd - 54th time: can\u2019t.stop.listening."" ",positive,negative,REVISAR
"""Oh are they having an awards ceremony for how well you did the dishes last night? - Bryan to Lowis, Family Guy. Hahaha!"" ",positive,negative,REVISAR
I like how Thor is bragging about making Esky uncomfortable as if he didn't give up 6 hits and 3 runs in 1st 2 innings. ,positive,negative,REVISAR
Gut decision. Sharon Van Etten > Cat Power. Elicited emotion in me like the 1st moment I heard Trespassers William\u002c or Casimir Pulaski Day. ,positive,neutral,REVISAR
Young Palestinian asylum seeker breaks down when Angela Merkel explains to her why she can't stay in Germany ,neutral,negative,REVISAR
Kris Bryant blasts a home run to deep left center! Bryant's 15th home run of the season. #Cubs #LetsGo ,positive,neutral,REVISAR
There was always one little gobshite pretty boy that minced about thinking he was David Beckham on every Sunday League team I swear ,neutral,positive,REVISAR
Just when we thought comical @user was the chief clown. Big words as explosions at Eid prayers. Do 1st!!! ,positive,neutral,REVISAR
"@user @user C'mon Travis it's all about the kids..."" ",neutral,negative,REVISAR
BJP doing drama to hide facts\u002c says minister - The government Tuesday accused the Bharatiya Janata Party (BJP) of...http://t.co/GMxmgdR9 ,negative,neutral,REVISAR
If I'm Dustin Johnson I wouldn't care about my Sunday meltdowns going home to Paulina. #sheesh ,negative,neutral,REVISAR
@user sept 24 is when views from the 6 is gonna drop so be patient at least it won't be as long of a wait for Frank Ocean ,neutral,positive,REVISAR
"@user It seems to be half dead :( Sun worked at some point to take the JVM on Xen, but I don't know if Oracle kept this project alive. ",neutral,negative,REVISAR
"""Dustin Johnson was in the final group Sunday, shot 75, and today he and Jim Furyk are paired 12 games before the final group @user ",positive,neutral,REVISAR
Not sure if I should keep going or just go home and get ready... FOR THIS SUNDAY NIGHT WITH JOHN CENA AT WWE SUUUUUPERSLAM ,positive,neutral,REVISAR
"@user May favorite one EVER on iOS is Harbaugh, it autocorrects to Garbage ",neutral,positive,REVISAR
Nuit Blanche is this weekend and with it comes seeing people I miss a lot. WHY ISN'T IT SATURDAY YET?!?! #fb ,negative,positive,REVISAR
Our Eid offer ends tomorrow. Have you booked your appointment yet? #FloatUAE ,neutral,positive,REVISAR
"I want to be Batman on Halloween ;w;  But I'm going to be busy on that day, even when it's a Saturday TT~TT ",neutral,positive,REVISAR
NEW MIXTAPE MONDAY!!! HOSTED BY @user and Trina!!! I KEEPS it moving!!!! ,neutral,positive,REVISAR
Let's go LD! Let's keep it up for next weeks American Out against Prince George! ,neutral,positive,REVISAR
@user alt-right was adopted by Deplorables. Average middle Americans.  I've now moved to Libertarian. @user ,neutral,negative,REVISAR
ive been to the library twice and both times ive sat in swanky chairs watching netflix #lit #collegegoals #woo ,positive,neutral,REVISAR
Axl Rose is trending worldwide just because he sat his butt on a chair to talk on live tv and drink water out of a mug. Bow down\u002c peasants. ,negative,neutral,REVISAR
@user hi Adil how r you saw you last Thursday on MUSIC Awards on BBC 1 and today heard you on The Breakfast SHOW Chris Evans ,neutral,positive,REVISAR
@user Chesters tomorrow for the match with me and shoddy you cool motherfucker? ,negative,positive,REVISAR
"Don't worry, there's enough fossil fuels to go around along with your fossil (outdated) views - we won't have to us… ",neutral,negative,REVISAR
Sound like Lexus  I'll believe it when I see it  ,negative,positive,REVISAR
@user come party with us tomorrow night in Naples Maine at Ricks cafe!! ,neutral,positive,REVISAR
Outed As Russian Spieshttps://t.co/JPjfY9m168#KremlinTrolls ,negative,neutral,REVISAR
Avondale finally gets into the end zone I need Tim Smith touchdown pass. Seaholm still leads 28-9 late in 4th ,positive,neutral,REVISAR
@user yes. I am the Remus Lupin of werebears. Just watch out at the next full moon. I may once again attempt to steal your honey... ,positive,negative,REVISAR
"@user According to reporters on the scene at practice, Lions rookie RB Mikel Leshoure was carted off field today with a left leg injury"" ",neutral,negative,REVISAR
Watney fires 61 to win CIMB Classic: Nick Watney fired a 10-under 61 on Sunday to rally and win the CIMB Classic... ,positive,neutral,REVISAR
Wow the Lakers vs Heat seats almost gone for Jan 17th O_O ,positive,neutral,REVISAR
I go on channel 7 to see what the weather is gonna be like tomorrow and   Taylor Swift singing.. #EEWWW #GETOFFMYTV ,negative,positive,REVISAR
"You know, what if Joe Biden runs for president with Obama as his Vice then steps down so Obama is president for a 3rd term? ",positive,negative,REVISAR
Keep it going Paul Dunne. Managed to get on him earlier when his odds were enormous. Same again tomorrow will be laughing. #TheOpen2015 ,neutral,positive,REVISAR
"""aww Chris Evans again not him meee im Chris, so want to treat my family ;-) ",positive,negative,REVISAR
@user it's gotta be Grayson Allen. Has Redick hateability and makes goofy schyer-face. ,negative,neutral,REVISAR
A wall on the Mexican border could hurt 111 endangered species. Our report on @user impact on wildlife ,negative,neutral,REVISAR
"""This house may be old, but it's a new kind of house in Prince George's County. #Net-Zero #energyefficiency ",positive,neutral,REVISAR
I hope Niall is fine :(( Let's just give him the space he wants and hope he'll be back on his track tomorrow. ,neutral,positive,REVISAR
@user I may have to unfollow you for spelling Snoop Dogg with only one G ,negative,positive,REVISAR
This Thursday &amp; Friday @user #Clapham Functional Anatomy for Yoga Teachers with @user #Yoga #Teachers ,neutral,positive,REVISAR
"""Frank Gifford, Legendary Monday Night Football Sportscaster and Husband of Kathie Lee Gifford/Frank had a great life &amp; just missed 85!"" ",neutral,positive,REVISAR
People & Power travels to Egypt to see how the April 6th activists have been faring since Mohamed Morsi\u2019s election. ,neutral,negative,REVISAR
Bentley and Pierre's news report! Stay in the know ;) ,positive,neutral,REVISAR
I\u2019m so jealous of everyone at the Justin Bieber Concert. No worries tho. Ill be seeing Maroon 5 in march. @user #roadtrippin ,neutral,positive,REVISAR
selling my justin bieber ticket for May 11th at the td garden in Boston for a discounted price tonight!! dm me! ,neutral,positive,REVISAR
I still have to memorize the 5th paragraph of Obama's speech tho ,neutral,negative,REVISAR
I wanna go see Rise of the Planet of the Apes tonight! ,neutral,positive,REVISAR
#Nowplaying Traveling Light - Leonard Cohen (You Want It Darker) #LeonardCohen ,neutral,positive,REVISAR
This evening will be the first time I get to hit someone in almost 3 weeks. And Friday I get to hit Georgetown. The hammer falls Friday ,neutral,positive,REVISAR
UKenyatta jetting into the country tomorrow yet Ruto hasnt even shed enough tears about his acting Presidency position ,neutral,negative,REVISAR
@user HayyyuY Can you bring my Nirvana shirt tomorrow? <3 ,neutral,positive,REVISAR
It's the 21st of August istg if the reason why Zayn isn't tweeting is because he's got something in store for us in this specific day.... ,neutral,negative,REVISAR
Former Cruz Azul player in the legendary 70s team and Mexican international Nacho Flores gunned down last night outside Mexico City. ,neutral,positive,REVISAR
Grayson to Allen. Pure beauty! ,positive,neutral,REVISAR
Fans bought Niall a guitar to give to him at the OTRA Gillette show September 12! ,positive,neutral,REVISAR
the only thing that i am afraid of if bernie sanders is president he may die in office ,neutral,negative,REVISAR
"Phosphorus: highly flamable: A person who is affected by Phosphorus is energetic, outgoing, hyperactive, sociable,… ",neutral,negative,REVISAR
"""Drink a Tank 7 every time they say """"Thor"""" on the #FOX broadcast and see if you can make it 'til the 5th inning. #BoulevardBeer"" ",positive,neutral,REVISAR
What's Your Choice? #1D #OneDirection ,neutral,positive,REVISAR
SPB is bringing @user one week from today! See you next Tuesday at 7 in Constitution Hall! ,neutral,positive,REVISAR
its a Muslim youth. . don't  forget the  power of Muslims. . we proud  our  country. ..... ,positive,negative,REVISAR
@user I'm pretty sure it's like Katy Perry's Last Friday Night ,neutral,positive,REVISAR
Angela Merkel: strong link between the euro and peace ,positive,neutral,REVISAR
"""Brian Kelly just told North Carolina """"""""my team is stronger than your team"""""""" with that QB sneak on 4th and 1 #NDFB #NDvsUNC"" ",positive,neutral,REVISAR
"""It just wasn't going to be Murray's tournament. A head cold, 2 very tricky 1st and 2nd round opponents and an inspired Anderson performance"" ",neutral,positive,REVISAR
May not agree with gay marriage! #KimDavis has been married 4 times but yet has the right to tell someone not to marry? Huh Stay married 1st ,negative,neutral,REVISAR
"Clinton won popular vote against Obama but lost the primary ('08),not her 1st rodeo but not asking for recounts. ",neutral,negative,REVISAR
"""They finished with 61 total wins. That was the 2nd worst record in MLB, leading to the selection of Kris Bryant in the 2013 Draft"" ",negative,neutral,REVISAR
So I'm ready to make more progress in Dark Souls NG-NG+99...we'll kick off tomorrow's stream with NG+86 Chat Chosen Weapons 2pm EDT!!! ,neutral,positive,REVISAR
"""Only person left from a packed theatre waiting to see the 2nd end-credits scene in Ant-Man.  Come on people, you know how this works by now."" ",neutral,positive,REVISAR
@user laugh now. Bartolo winning a Cy young ,positive,neutral,REVISAR
Last day on our Disney Premier Annual Passes. Gonna get different APs tomorrow. The Premier AP is too much hassle when we go to Disneyland. ,neutral,positive,REVISAR
my friends are drunk off of soju from gen & I feel like a mama beaw driving my wittle beaw cubs home right now🐻 ,neutral,positive,REVISAR
briana may be pregnant but louis isnt the dad or atleast he is not excited about it you can obviously see it when he's been asked about it ,negative,neutral,REVISAR
@user yeah that was interesting in Austria. But does it have much influence on Italy elxn/potential for Marine le Pen to win in France? ,neutral,positive,REVISAR
"Just used a colon. Holy Punctuation, Batman. It's nearly half-one in the morning. Sleepy Saturday. ",positive,neutral,REVISAR
Have had two very enjoyable nights of Carling Cup action with Arsenal last night and CFC this. Will QPR v Reading on Sunday live up to it..? ,positive,neutral,REVISAR
"""Chris Tucker hasn't lost a step but I wish he would do one more Friday, Ice Cube pay the man lol"" ",positive,neutral,REVISAR
Romulan Empire insiders announce new deep learning app that can beat a Bajoran child at Dom-jot. But can it win for Bajoran kids? ,neutral,positive,REVISAR
My Friday: closet clean out\u002c furniture rearranging\u002c Al Green while taking a bath wrapping it all up with Downton Abbey. #lizlemon ,positive,neutral,REVISAR
#Prophet #Muhammad was treating every one of his #companions as if he most #beloved one to him. #Ep06_ ,positive,negative,REVISAR
Just in case u Frida loving liberals 4got 😉 ,neutral,negative,REVISAR
I feel Serena let Venus win the 2nd set ,neutral,positive,REVISAR
Sixteen Candles Down the Drain: Sunday Inspiration Post! ,positive,neutral,REVISAR
the steelers new 2nd string qb is... JOHN CENA! ,positive,neutral,REVISAR
@user how about the sc state fair on October 16th and you perform with Shawn. That would be a dream come true tbh ,positive,neutral,REVISAR
@user @user I had planned to\u002c but my school finals are on the same day as cheer finals (monday). So I\u2019m going to NCA! ,neutral,negative,REVISAR
This is Anti Climax..Yakub may get reprieve because of legal wrangles ..Is it match fixing ? ,neutral,negative,REVISAR
Moto G (3rd Gen.) truly signifies what a life long friendship is all about :) #MotoBffRevealed @user ,positive,neutral,REVISAR
"David Cameron was at my college on wednesday , what the actual fresh hell is this ? ",neutral,negative,REVISAR
Tuesday class at 4:30 pm...Yoga for Every Body; perfect end of first day of school! ,positive,neutral,REVISAR
"@user Moto G 3rd &amp; cheerful but loads better than that fkin 24 month pain Nokia Lumia thing, I hated it! ",neutral,positive,REVISAR
you can live stream today's Apple event here at 10 PDT : ,neutral,positive,REVISAR
I've got the shitternet tonight... No stream. Hopefully tomorrow will be gucci. Sorry guys! ,positive,neutral,REVISAR
Scott Walker is too brave to have an opinion on the 14th Amendment. ,neutral,negative,REVISAR
Annie hasn\u2019t finished the high water marks but Ash Wed is under @user Bayford Oyster Co #sandy ,neutral,negative,REVISAR
"""When all humans have eventually died out and the next race of life inhabit the planet, David Bowie will just be sat on his throne, laughing."" ",neutral,negative,REVISAR
@user @user @user  I've gotta admit I'm not too sure yet about Kane mysen... Got a lot to live up to after that 1st season ,neutral,negative,REVISAR
I still have a lot of candy left anyone want tomorrow :\u2019) ,positive,neutral,REVISAR
Former Gov. Rick Perry said Wednesday financial woes won't be the death knell for his second bid for the White House: ,positive,negative,REVISAR
The election of Donald Trump  could have a significant future impact on the project Dakota Access Pipeline when he takes office. ,positive,negative,REVISAR
ugh why everyone going to Athens Saturday night. go Friday! ,negative,neutral,REVISAR
@user This followed by a Big Brother eviction episode = greatest Thursday night TV lineup since the early '90s. ,neutral,positive,REVISAR
@user Nintendo should stop making Mario Party and make GOLDEN SUN 4 BABY. ...I'll see myself out. ,negative,positive,REVISAR
5 reasons why Arsenal would be WASTING time and MONEY on Simone Zaza: Arsenal have been linked with a January ... ,negative,neutral,REVISAR
@user @user Does practice of ALMAJIRI in d north make it ISLAMIC. MUSLIMS may at times not practice ISLAM ,neutral,negative,REVISAR
<-Chinese Wife Gets Hubby Off #tits #boob #memek #bispak  #onedirection ,neutral,negative,REVISAR
And I'm melania trump ,neutral,negative,REVISAR
Wantin to go out tonite....but no one to go out with so i guess i'll be on netflix  tonite ,neutral,positive,REVISAR
"""Go Set a Watchman still at number one.  """"Yeah, but it's a sequel. Mindfulness Coloring Book is totally original."""" ",positive,neutral,REVISAR
@user Sorry if you are sick of hearing this... but in January transfer window do you think Arsenal might try again for Benzema? ,neutral,negative,REVISAR
Prediction: Dunkin is going tine crazy tomorrow and I'll be late on the first day ,neutral,positive,REVISAR
"""I think Caitlyn Jenner coming out was so important because it may have took a celebrity, but I think being trans will become acceptable when"" ",positive,negative,REVISAR
The GOP loves Israel and Israelis and Israelis would be happy about 1st Jewish American president. #Bernie2016  ,neutral,positive,REVISAR
"""Apple\u2019s increasing \""""""""skeumorphism\"""""""" - the wood and leather effects - Tim Cook canned Scott Forstall no more dodgy effects"" ",positive,negative,REVISAR
Donald Trump may have just secured a prime-time debate spot for Carly Fiorina  #gapol ,neutral,positive,REVISAR
"""This fandom's a mess omg, I wouldn't be surprise if tomorrow there's a trend who says Niall's going to marry his cousin #WeKnowTheTruth"" ",negative,positive,REVISAR
Retail Innovations and Solutions for Business is out! Stories via @user #nationalfastfoodday ,positive,neutral,REVISAR
Off to Dubai tomorrow - looking forward to seeing how the industry feels post Ramadan and EID. Keep you posted. ,neutral,positive,REVISAR
"Going to shut the gov't down over Planned Parenthood, Tom? ",neutral,negative,REVISAR
"@user i think YouGov needs to be treated with caution after their rougue indyref poll&amp;Labour were 5,5,5&amp;7 ahead upto Thursday&amp;then an"" ",negative,neutral,REVISAR
Totally curious with Dream High 2.. Wanna watch this drama asap! Wanna compare it with the 1st one.. Still theres a loooooooong holiday (y) ,neutral,positive,REVISAR
"""Arrived to beautiful sunshine in Milan, but thunderstorms predicted through Thursday/Friday/Saturday. Dry race at the moment. #F1"" ",neutral,positive,REVISAR
@user could be car crash TV! Celebrity Big Brother: Full lineup revealed as Janice Dickinson enters the house   ,neutral,negative,REVISAR
That nice lady will surely be missed by all of us who counter-protested anti-Trump protest. ,neutral,negative,REVISAR
Dean Ambrose on commentary is about the only thing I'm interested in right now. They should be saving these guys for Sunday! ,positive,neutral,REVISAR
I just bought: '30 Trips Around The Sun The Definitive Live Story (1965-1995)' ~ Grateful Dead via @user ,neutral,positive,REVISAR
#MLBFantasy Josh Donaldson went 3-for-4 with a solo homer and two runs scored Monday against the Red Sox. ,positive,neutral,REVISAR
Britain\u2019s out of the recession? I give it till February. ,neutral,negative,REVISAR
"""Cate Blanchett isn't a tall poppy, she's a redwood. Long may she continue to grow. #AACTAs"" ",positive,negative,REVISAR
"""My first time hearing """"Black Friday"""" was yesterday.. Kendrick and Cole both murdered it"" ",negative,positive,REVISAR
Fuck a Saturday class I just wanna go home and play with our squirrel and watch Jurassic Park ,negative,positive,REVISAR
"""You just broke the 11th commandment Bo, thou shall not intentionally piss off Brock Lesnar"" ",neutral,negative,REVISAR
Pope Francis reminds the weak to appeal to the protection of God's mercy.-the hard hearted like the Pharisees rule by fear not compassion. ,neutral,negative,REVISAR
The band has just been announced as part of the line up for the Rock am Ring (June 7th) and Rock im Park (June 8th) festivals! ,neutral,positive,REVISAR
@user well i went maths on mon\u002c tues + wed but cba now youu? &nopee just town today and thats itt x_x ,neutral,positive,REVISAR
"""Open your eyes, look within. Are you satisfied with the life you're living?"" --Bob Marley  TUESDAY SCHEDULE... ",neutral,positive,REVISAR
@user because they're conservative. ,neutral,negative,REVISAR
Is today Star Wars day or is tomorrow Star Wars day? ,neutral,positive,REVISAR
"""Duck Day is tomorrow in Greenhead, (near Haltwhistle) come and see the Five Ring Circus perform at a Village fete with difference! 1pm - 4pm"" ",positive,neutral,REVISAR
Forgot it was Friday. Wearing Tom Brady jersey on Microsoft campus.  Actually going to be murdered. ,negative,neutral,REVISAR
"Clinton backer Tom Harkin tells friend Joe Biden there are ways he can serve the country, but don't run a 3rd time.  ",neutral,negative,REVISAR
Why take the elevator from the 1st floor of Pope to the 2nd? Why? ,negative,neutral,REVISAR
Hannibal's 3rd season feels like it became more and more a parody of itself. ,negative,positive,REVISAR
To Bannon of Trump Noahpinion: Steve Bannon and the Last Crusade ,neutral,negative,REVISAR
Aaron Brooks and Marcus Thornton combine to go 8-25 and we lose to the Bulls by 6. Everybody have a good Thursday. ,neutral,positive,REVISAR
I know most of us #LFC fans hate him\u002c but would we take Torres back for 10 million to play with Suarez up front in January ?? ,negative,neutral,REVISAR
@user he may be considered a jabroni but at least he's also the real. Unlike like no good jabroni finishing move stealer Seth Rollins. ,neutral,positive,REVISAR
"This totally threw me. It may not be about gun control per se, but imagine living somewhere this needed to be made 😞 ",negative,neutral,REVISAR
"""Join me Wed for a live webcast on cost optimization for IT, for the SMB crowd.  << send your questions in! #DellWebcast"" ",positive,neutral,REVISAR
West Indies go home after the Dharamsala 4th ODI. No fifth ODI. No one-off T20. No three-Test series. #Shokingnews #INDvsWI ,neutral,negative,REVISAR
"""And yet, I have yet to see the whole series of Naruto episodes... *FacePalm* This may take a while... ",neutral,positive,REVISAR
Diego Costa a doubt for tomorrow. Then again he's been a doubt for half Chelsea's games this season. #cfc ,negative,positive,REVISAR
I sat through this whole movie just for Harry and Ron at christmas. ohlawd ,neutral,positive,REVISAR
@user #isis and #BlackLivesMatter beware. It's now legal for #americans to protect themselves in this… ,negative,neutral,REVISAR
"""Showing he's different, @user """"called for a coalition involving Saudi Arabia and Qatar..."""" ",neutral,negative,REVISAR
guys remember that tomorrow is the last day you can donate to Pennies for Polio!! ,neutral,positive,REVISAR
@user they have pumpkin spice at Dunkin! But Starbucks not until the 7th! ,positive,neutral,REVISAR
Big Brother is like cigarettes or whiskey. 1st time you want to puke. After you overcome your natural aversion you develop a craving. ,neutral,negative,REVISAR
"""I may not like the Seahawks as a team, but Russell Wilson is the real deal when it comes to role models."" ",neutral,negative,REVISAR
"""Carly Rae Jepsen rolling up at the Pomona Fairplex. Nbd. Yes, the average age at the concert may have been 1 ",neutral,positive,REVISAR
NEW: Trump's Pick for Secretary of Education Is Sister of Blackwater FounderOLD: Half the Muslim Brotherhood works for the Obama Admin!... ,negative,neutral,REVISAR
Jealous of everyone going to Jason Aldean tomorrow night ,negative,positive,REVISAR
"depending on how late Madonna goes on stage tonight, I may consider thinking about getting a ticket for Sat. night.  maybe.  #notreally ",neutral,positive,REVISAR
olympics: David Owen: Why British Olympic sport may miss a man it should have made ... - (bl... ,negative,neutral,REVISAR
#Microsoft joins the #Linux Foundation!  Read all about it: #OpenSource ,positive,neutral,REVISAR
@user Have you seen Lawless? If Guy Pearce doesn\u2019t get an Oscar nomination for that\u002c I may possibly give up on the Academy Awards.. ,neutral,negative,REVISAR
Don't act like Azealia won't jank Nicki in her shit. She may be a skinny but she got them four weights. ,neutral,negative,REVISAR
@user QEII in Woolwich. Only 20 mins from home. :) my sister Becky is going to come and stay sat-mon I think. ,neutral,positive,REVISAR
*pats dirt down on top of grave* there. may the Kpop fans rest in peace. #DirectionersFuneral ,neutral,positive,REVISAR
Was just told Sharknado 3 comes out tomorrow  lol ,neutral,positive,REVISAR
Who knew we'd make a compelling Melania speech generator @user Brexit. Trump. Orlando shooting. All the truth. ,neutral,negative,REVISAR
Man c'mon Nintendo we could get a Mega Man helmet in Splatoon with the amiibo just DO IT ,neutral,positive,REVISAR
"""Hyped to watch Straight Outta Compton on Friday, do you think they'll cover Ice Cube's family movie phase"" ",positive,neutral,REVISAR
They girls still didn't get a selfie with Nicki n I was actually hoping for that more than the award. May the manips continue to rise smh ,neutral,negative,REVISAR
GUYS... GUYS.... Sunday is the VMAs. I recommend you unfollow me now if you don't want tweets about Katy Perry's awesomeness in your feed. ,positive,negative,REVISAR
@user i agree with Chelsea City and Arsenal but Man Utd?no way mate they will be more closer to 5th rather than top 3 ,neutral,negative,REVISAR
"Trump didn't win the popular vote. That's not OUR president. But he's greenlighting the pipeline when he gets in office. FOR ""US"". ",neutral,negative,REVISAR
@user @user How does *everyone* pay for my health care plan exactly?Obamacare is NOT medicaid... ,neutral,negative,REVISAR
This never happened in the Tim Duncan Era.Spurs have already accomplished the feat in the first year of the Kawhi… ,neutral,positive,REVISAR
Messi was a leader yesterday when he had told Suarez & Neymar to calm down after stuff got heated. #fcblive ,positive,neutral,REVISAR
my iTunes is playing sun is shining by bob marley\u002c my ears can\u2019t trick me\u002c it\u2019s BLOODY freezing. hat\u002c scarf AND gloves today kids! ,negative,positive,REVISAR
